[{"id":"60233","name":"ABBADIA SAN SALVATORE","state_code":"52","country_code":"IT"},{"id":"60234","name":"ABETONE","state_code":"52","country_code":"IT"},{"id":"60235","name":"ACQUAVIVA","state_code":"52","country_code":"IT"},{"id":"60236","name":"AGLIANA","state_code":"52","country_code":"IT"},{"id":"60237","name":"ALBIANO MAGRA","state_code":"52","country_code":"IT"},{"id":"60238","name":"ALBINIA","state_code":"52","country_code":"IT"},{"id":"60239","name":"ALTOPASCIO","state_code":"52","country_code":"IT"},{"id":"60240","name":"AMBRA","state_code":"52","country_code":"IT"},{"id":"60241","name":"ANCHIONE","state_code":"52","country_code":"IT"},{"id":"60242","name":"ANGHIARI","state_code":"52","country_code":"IT"},{"id":"60243","name":"ANTELLA","state_code":"52","country_code":"IT"},{"id":"60244","name":"ARBIA","state_code":"52","country_code":"IT"},{"id":"60245","name":"ARCIDOSSO","state_code":"52","country_code":"IT"},{"id":"60246","name":"AREZZO","state_code":"52","country_code":"IT"},{"id":"60247","name":"ASCIANO","state_code":"52","country_code":"IT"},{"id":"60248","name":"AULLA","state_code":"52","country_code":"IT"},{"id":"60249","name":"AVANE","state_code":"52","country_code":"IT"},{"id":"60250","name":"BADIA AL PINO","state_code":"52","country_code":"IT"},{"id":"60251","name":"BADIA TEDALDA","state_code":"52","country_code":"IT"},{"id":"60252","name":"BAGNI DI LUCCA","state_code":"52","country_code":"IT"},{"id":"60253","name":"BAGNO A RIPOLI","state_code":"52","country_code":"IT"},{"id":"60254","name":"BAGNO ROSELLE","state_code":"52","country_code":"IT"},{"id":"60255","name":"BAGNONE","state_code":"52","country_code":"IT"},{"id":"60256","name":"BARBA","state_code":"52","country_code":"IT"},{"id":"60257","name":"BARBARASCO","state_code":"52","country_code":"IT"},{"id":"60258","name":"BARBERINO DI MUGELLO","state_code":"52","country_code":"IT"},{"id":"60259","name":"BARBERINO VAL D'ELSA","state_code":"52","country_code":"IT"},{"id":"60260","name":"BARGA","state_code":"52","country_code":"IT"},{"id":"60261","name":"BATTIFOLLE-RUSCELLO-POGGIOLA","state_code":"52","country_code":"IT"},{"id":"60262","name":"BELLAVISTA","state_code":"52","country_code":"IT"},{"id":"60263","name":"BELVERDE","state_code":"52","country_code":"IT"},{"id":"60264","name":"BETTOLLE","state_code":"52","country_code":"IT"},{"id":"60265","name":"BIBBIENA","state_code":"52","country_code":"IT"},{"id":"60266","name":"BIBBONA","state_code":"52","country_code":"IT"},{"id":"60267","name":"BIENTINA","state_code":"52","country_code":"IT"},{"id":"60268","name":"BORGHETTO-MELARA","state_code":"52","country_code":"IT"},{"id":"60269","name":"BORGO A BUGGIANO","state_code":"52","country_code":"IT"},{"id":"60270","name":"BORGO A MOZZANO","state_code":"52","country_code":"IT"},{"id":"60271","name":"BORGO SAN LORENZO","state_code":"52","country_code":"IT"},{"id":"60272","name":"BRACCAGNI","state_code":"52","country_code":"IT"},{"id":"60273","name":"BUCINE","state_code":"52","country_code":"IT"},{"id":"60274","name":"BUONCONVENTO","state_code":"52","country_code":"IT"},{"id":"60275","name":"BUTI","state_code":"52","country_code":"IT"},{"id":"60276","name":"CALCI","state_code":"52","country_code":"IT"},{"id":"60277","name":"CALCINAIA","state_code":"52","country_code":"IT"},{"id":"60278","name":"CALDINE","state_code":"52","country_code":"IT"},{"id":"60279","name":"CALENZANO","state_code":"52","country_code":"IT"},{"id":"60280","name":"CAMAIORE","state_code":"52","country_code":"IT"},{"id":"60281","name":"CAMPAGNATICO","state_code":"52","country_code":"IT"},{"id":"60282","name":"CAMPI BISENZIO","state_code":"52","country_code":"IT"},{"id":"60283","name":"CAMPIGLIA MARITTIMA","state_code":"52","country_code":"IT"},{"id":"60284","name":"CAMPO","state_code":"52","country_code":"IT"},{"id":"60285","name":"CAMPO NELL'ELBA","state_code":"52","country_code":"IT"},{"id":"60286","name":"CAMPO TIZZORO","state_code":"52","country_code":"IT"},{"id":"60287","name":"CAMPORGIANO","state_code":"52","country_code":"IT"},{"id":"60288","name":"CAMUCIA-MONSIGLIOLO","state_code":"52","country_code":"IT"},{"id":"60289","name":"CANTAGALLO","state_code":"52","country_code":"IT"},{"id":"60290","name":"CANTAGRILLO-CASALGUIDI","state_code":"52","country_code":"IT"},{"id":"60291","name":"CAPALBIO","state_code":"52","country_code":"IT"},{"id":"60292","name":"CAPANNE-PRATO-CINQUALE","state_code":"52","country_code":"IT"},{"id":"60293","name":"CAPANNOLI","state_code":"52","country_code":"IT"},{"id":"60294","name":"CAPANNORI","state_code":"52","country_code":"IT"},{"id":"60295","name":"CAPOLIVERI","state_code":"52","country_code":"IT"},{"id":"60296","name":"CAPOLONA","state_code":"52","country_code":"IT"},{"id":"60297","name":"CAPRAIA E LIMITE","state_code":"52","country_code":"IT"},{"id":"60298","name":"CAPRAIA ISOLA","state_code":"52","country_code":"IT"},{"id":"60299","name":"CAPRESE MICHELANGELO","state_code":"52","country_code":"IT"},{"id":"60300","name":"CAREGGINE","state_code":"52","country_code":"IT"},{"id":"60301","name":"CARMIGNANO","state_code":"52","country_code":"IT"},{"id":"60302","name":"CARRAIA","state_code":"52","country_code":"IT"},{"id":"60303","name":"CARRARA","state_code":"52","country_code":"IT"},{"id":"60304","name":"CASALE MARITTIMO","state_code":"52","country_code":"IT"},{"id":"60305","name":"CASCIANA TERME","state_code":"52","country_code":"IT"},{"id":"60306","name":"CASCINA","state_code":"52","country_code":"IT"},{"id":"60307","name":"CASCINE-LA CROCE","state_code":"52","country_code":"IT"},{"id":"60308","name":"CASOLA IN LUNIGIANA","state_code":"52","country_code":"IT"},{"id":"60309","name":"CASOLE D'ELSA","state_code":"52","country_code":"IT"},{"id":"60310","name":"CASTAGNETO CARDUCCI","state_code":"52","country_code":"IT"},{"id":"60311","name":"CASTEL DEL PIANO","state_code":"52","country_code":"IT"},{"id":"60312","name":"CASTEL SAN NICCOLÒ","state_code":"52","country_code":"IT"},{"id":"60313","name":"CASTELFIORENTINO","state_code":"52","country_code":"IT"},{"id":"60314","name":"CASTELFRANCO DI SOPRA","state_code":"52","country_code":"IT"},{"id":"60315","name":"CASTELFRANCO DI SOTTO","state_code":"52","country_code":"IT"},{"id":"60316","name":"CASTELL'AZZARA","state_code":"52","country_code":"IT"},{"id":"60317","name":"CASTELLINA IN CHIANTI","state_code":"52","country_code":"IT"},{"id":"60318","name":"CASTELLINA MARITTIMA","state_code":"52","country_code":"IT"},{"id":"60319","name":"CASTELLINA SCALO","state_code":"52","country_code":"IT"},{"id":"60320","name":"CASTELNUOVO BERARDENGA","state_code":"52","country_code":"IT"},{"id":"60321","name":"CASTELNUOVO DEI SABBIONI","state_code":"52","country_code":"IT"},{"id":"60322","name":"CASTELNUOVO DI GARFAGNANA","state_code":"52","country_code":"IT"},{"id":"60323","name":"CASTELNUOVO DI VAL DI CECINA","state_code":"52","country_code":"IT"},{"id":"60324","name":"CASTIGLION FIBOCCHI","state_code":"52","country_code":"IT"},{"id":"60325","name":"CASTIGLION FIORENTINO","state_code":"52","country_code":"IT"},{"id":"60326","name":"CASTIGLIONE D'ORCIA","state_code":"52","country_code":"IT"},{"id":"60327","name":"CASTIGLIONE DELLA PESCAIA","state_code":"52","country_code":"IT"},{"id":"60328","name":"CASTIGLIONE DI GARFAGNANA","state_code":"52","country_code":"IT"},{"id":"60329","name":"CATENA","state_code":"52","country_code":"IT"},{"id":"60330","name":"CAVALLINA","state_code":"52","country_code":"IT"},{"id":"60331","name":"CAVRIGLIA-MONASTERO","state_code":"52","country_code":"IT"},{"id":"60332","name":"CECINA","state_code":"52","country_code":"IT"},{"id":"60333","name":"CENAIA","state_code":"52","country_code":"IT"},{"id":"60334","name":"CERBAIA","state_code":"52","country_code":"IT"},{"id":"60335","name":"CERRETO GUIDI","state_code":"52","country_code":"IT"},{"id":"60336","name":"CERTALDO","state_code":"52","country_code":"IT"},{"id":"60337","name":"CESA","state_code":"52","country_code":"IT"},{"id":"60338","name":"CETONA","state_code":"52","country_code":"IT"},{"id":"60339","name":"CHIANCIANO TERME","state_code":"52","country_code":"IT"},{"id":"60340","name":"CHIANNI","state_code":"52","country_code":"IT"},{"id":"60341","name":"CHIASSA-TREGOZZANO","state_code":"52","country_code":"IT"},{"id":"60342","name":"CHIESINA UZZANESE","state_code":"52","country_code":"IT"},{"id":"60343","name":"CHIESINO-COLLODI","state_code":"52","country_code":"IT"},{"id":"60344","name":"CHITIGNANO","state_code":"52","country_code":"IT"},{"id":"60345","name":"CHIUSDINO","state_code":"52","country_code":"IT"},{"id":"60346","name":"CHIUSI","state_code":"52","country_code":"IT"},{"id":"60347","name":"CHIUSI DELLA VERNA","state_code":"52","country_code":"IT"},{"id":"60348","name":"CHIUSI SCALO","state_code":"52","country_code":"IT"},{"id":"60349","name":"CINIGIANO","state_code":"52","country_code":"IT"},{"id":"60350","name":"CINTOLESE","state_code":"52","country_code":"IT"},{"id":"60351","name":"CIVITELLA IN VAL DI CHIANA","state_code":"52","country_code":"IT"},{"id":"60352","name":"CIVITELLA MARITTIMA","state_code":"52","country_code":"IT"},{"id":"60353","name":"COLLE DI VAL D'ELSA","state_code":"52","country_code":"IT"},{"id":"60354","name":"COLLESALVETTI","state_code":"52","country_code":"IT"},{"id":"60355","name":"COMANO","state_code":"52","country_code":"IT"},{"id":"60356","name":"COMEANA","state_code":"52","country_code":"IT"},{"id":"60357","name":"COMPIOBBI","state_code":"52","country_code":"IT"},{"id":"60358","name":"COREGLIA ANTELMINELLI","state_code":"52","country_code":"IT"},{"id":"60359","name":"CORSANICO-BARGECCHIA","state_code":"52","country_code":"IT"},{"id":"60360","name":"CORTONA","state_code":"52","country_code":"IT"},{"id":"60361","name":"CRESPINA","state_code":"52","country_code":"IT"},{"id":"60362","name":"CUTIGLIANO","state_code":"52","country_code":"IT"},{"id":"60363","name":"DICOMANO","state_code":"52","country_code":"IT"},{"id":"60364","name":"DONORATICO","state_code":"52","country_code":"IT"},{"id":"60365","name":"EMPOLI","state_code":"52","country_code":"IT"},{"id":"60366","name":"FABBRICHE DI VALLICO","state_code":"52","country_code":"IT"},{"id":"60367","name":"FAELLA","state_code":"52","country_code":"IT"},{"id":"60368","name":"FAUGLIA","state_code":"52","country_code":"IT"},{"id":"60369","name":"FIESOLE","state_code":"52","country_code":"IT"},{"id":"60370","name":"FIGLINE VALDARNO","state_code":"52","country_code":"IT"},{"id":"60371","name":"FILATTIERA","state_code":"52","country_code":"IT"},{"id":"60372","name":"FILETTOLE","state_code":"52","country_code":"IT"},{"id":"60373","name":"FIRENZUOLA","state_code":"52","country_code":"IT"},{"id":"60374","name":"FIVIZZANO","state_code":"52","country_code":"IT"},{"id":"60375","name":"FLORENCE","state_code":"52","country_code":"IT"},{"id":"60376","name":"FOIANO DELLA CHIANA","state_code":"52","country_code":"IT"},{"id":"60377","name":"FOLLONICA","state_code":"52","country_code":"IT"},{"id":"60378","name":"FONTANA DELLE MONACHE","state_code":"52","country_code":"IT"},{"id":"60379","name":"FONTEBLANDA","state_code":"52","country_code":"IT"},{"id":"60380","name":"FORCOLI","state_code":"52","country_code":"IT"},{"id":"60381","name":"FORNACELLE","state_code":"52","country_code":"IT"},{"id":"60382","name":"FORNACETTE","state_code":"52","country_code":"IT"},{"id":"60383","name":"FORNACI DI BARGA","state_code":"52","country_code":"IT"},{"id":"60384","name":"FORTE DEI MARMI","state_code":"52","country_code":"IT"},{"id":"60385","name":"FOSCIANDORA","state_code":"52","country_code":"IT"},{"id":"60386","name":"FOSDINOVO","state_code":"52","country_code":"IT"},{"id":"60387","name":"FUCECCHIO","state_code":"52","country_code":"IT"},{"id":"60388","name":"GABELLA","state_code":"52","country_code":"IT"},{"id":"60389","name":"GAIOLE IN CHIANTI","state_code":"52","country_code":"IT"},{"id":"60390","name":"GALLIANO","state_code":"52","country_code":"IT"},{"id":"60391","name":"GALLICANO","state_code":"52","country_code":"IT"},{"id":"60392","name":"GAMBASSI TERME","state_code":"52","country_code":"IT"},{"id":"60393","name":"GAVORRANO","state_code":"52","country_code":"IT"},{"id":"60394","name":"GELLO","state_code":"52","country_code":"IT"},{"id":"60395","name":"GIGLIO CASTELLO","state_code":"52","country_code":"IT"},{"id":"60396","name":"GINESTRA FIORENTINA","state_code":"52","country_code":"IT"},{"id":"60397","name":"GIOVI-PONTE ALLA CHIASSA","state_code":"52","country_code":"IT"},{"id":"60398","name":"GIUNCUGNANO","state_code":"52","country_code":"IT"},{"id":"60399","name":"GRASSINA PONTE A EMA","state_code":"52","country_code":"IT"},{"id":"60400","name":"GREVE IN CHIANTI","state_code":"52","country_code":"IT"},{"id":"60401","name":"GROSSETO","state_code":"52","country_code":"IT"},{"id":"60402","name":"GUARDISTALLO","state_code":"52","country_code":"IT"},{"id":"60403","name":"GUASTICCE","state_code":"52","country_code":"IT"},{"id":"60404","name":"GUAZZINO","state_code":"52","country_code":"IT"},{"id":"60405","name":"IL ROMITO","state_code":"52","country_code":"IT"},{"id":"60406","name":"IMPRUNETA","state_code":"52","country_code":"IT"},{"id":"60407","name":"INCISA IN VAL D'ARNO","state_code":"52","country_code":"IT"},{"id":"60408","name":"ISOLA D'ARBIA","state_code":"52","country_code":"IT"},{"id":"60409","name":"ISOLA DEL GIGLIO","state_code":"52","country_code":"IT"},{"id":"60410","name":"ISTIA D'OMBRONE-LE STIACCIOLE","state_code":"52","country_code":"IT"},{"id":"60411","name":"LA CALIFORNIA","state_code":"52","country_code":"IT"},{"id":"60412","name":"LA PIEVE-MOLINO","state_code":"52","country_code":"IT"},{"id":"60413","name":"LA ROTTA","state_code":"52","country_code":"IT"},{"id":"60414","name":"LAJATICO","state_code":"52","country_code":"IT"},{"id":"60415","name":"LAMPORECCHIO","state_code":"52","country_code":"IT"},{"id":"60416","name":"LARCIANO","state_code":"52","country_code":"IT"},{"id":"60417","name":"LARI","state_code":"52","country_code":"IT"},{"id":"60418","name":"LASTRA A SIGNA","state_code":"52","country_code":"IT"},{"id":"60419","name":"LATERINA","state_code":"52","country_code":"IT"},{"id":"60420","name":"LAZZERETTO","state_code":"52","country_code":"IT"},{"id":"60421","name":"LE CASINE-PERIGNANO-SPINELLI","state_code":"52","country_code":"IT"},{"id":"60422","name":"LICCIANA NARDI","state_code":"52","country_code":"IT"},{"id":"60423","name":"LIMITE","state_code":"52","country_code":"IT"},{"id":"60424","name":"LIVORNO","state_code":"52","country_code":"IT"},{"id":"60425","name":"LONDA","state_code":"52","country_code":"IT"},{"id":"60426","name":"LORENZANA","state_code":"52","country_code":"IT"},{"id":"60427","name":"LORO CIUFFENNA","state_code":"52","country_code":"IT"},{"id":"60428","name":"LUCCA","state_code":"52","country_code":"IT"},{"id":"60429","name":"LUCIGNANO","state_code":"52","country_code":"IT"},{"id":"60430","name":"LUCO MUGELLO","state_code":"52","country_code":"IT"},{"id":"60431","name":"MADONNA DELL'ACQUA","state_code":"52","country_code":"IT"},{"id":"60432","name":"MAGLIANO IN TOSCANA","state_code":"52","country_code":"IT"},{"id":"60433","name":"MALMANTILE","state_code":"52","country_code":"IT"},{"id":"60434","name":"MANCIANO","state_code":"52","country_code":"IT"},{"id":"60435","name":"MANTIGNANO-UGNANO","state_code":"52","country_code":"IT"},{"id":"60436","name":"MARCIANA","state_code":"52","country_code":"IT"},{"id":"60437","name":"MARCIANA MARINA","state_code":"52","country_code":"IT"},{"id":"60438","name":"MARCIANO","state_code":"52","country_code":"IT"},{"id":"60439","name":"MARCIANO DELLA CHIANA","state_code":"52","country_code":"IT"},{"id":"60440","name":"MARCIGNANA","state_code":"52","country_code":"IT"},{"id":"60441","name":"MARGINE COPERTA-TRAVERSAGNA","state_code":"52","country_code":"IT"},{"id":"60442","name":"MARINA DI CAMPO","state_code":"52","country_code":"IT"},{"id":"60443","name":"MARINA DI CARRARA","state_code":"52","country_code":"IT"},{"id":"60444","name":"MARINA DI GROSSETO","state_code":"52","country_code":"IT"},{"id":"60445","name":"MARINA DI MASSA","state_code":"52","country_code":"IT"},{"id":"60446","name":"MARINA DI PISA","state_code":"52","country_code":"IT"},{"id":"60447","name":"MARINA DI PISA-TIRRENIA-CALAMBRONE","state_code":"52","country_code":"IT"},{"id":"60448","name":"MARLIANA","state_code":"52","country_code":"IT"},{"id":"60449","name":"MARRADI","state_code":"52","country_code":"IT"},{"id":"60450","name":"MARTI","state_code":"52","country_code":"IT"},{"id":"60451","name":"MASSA","state_code":"52","country_code":"IT"},{"id":"60452","name":"MASSA MARITTIMA","state_code":"52","country_code":"IT"},{"id":"60453","name":"MASSAROSA","state_code":"52","country_code":"IT"},{"id":"60454","name":"MERCATALE","state_code":"52","country_code":"IT"},{"id":"60455","name":"MERCATALE-SAN QUIRICO","state_code":"52","country_code":"IT"},{"id":"60456","name":"METATO","state_code":"52","country_code":"IT"},{"id":"60457","name":"MIGLIARINO","state_code":"52","country_code":"IT"},{"id":"60458","name":"MINUCCIANO","state_code":"52","country_code":"IT"},{"id":"60459","name":"MOLAZZANA","state_code":"52","country_code":"IT"},{"id":"60460","name":"MOLINO DEL PIANO","state_code":"52","country_code":"IT"},{"id":"60461","name":"MONSUMMANO TERME","state_code":"52","country_code":"IT"},{"id":"60462","name":"MONTAIONE","state_code":"52","country_code":"IT"},{"id":"60463","name":"MONTALCINO","state_code":"52","country_code":"IT"},{"id":"60464","name":"MONTALE","state_code":"52","country_code":"IT"},{"id":"60465","name":"MONTALTO","state_code":"52","country_code":"IT"},{"id":"60466","name":"MONTE ARGENTARIO","state_code":"52","country_code":"IT"},{"id":"60467","name":"MONTE SAN SAVINO","state_code":"52","country_code":"IT"},{"id":"60468","name":"MONTEBONELLO","state_code":"52","country_code":"IT"},{"id":"60469","name":"MONTECALVOLI","state_code":"52","country_code":"IT"},{"id":"60470","name":"MONTECARLO","state_code":"52","country_code":"IT"},{"id":"60471","name":"MONTECATINI VAL DI CECINA","state_code":"52","country_code":"IT"},{"id":"60472","name":"MONTECATINI-TERME","state_code":"52","country_code":"IT"},{"id":"60473","name":"MONTELUPO FIORENTINO","state_code":"52","country_code":"IT"},{"id":"60474","name":"MONTEMIGNAIO","state_code":"52","country_code":"IT"},{"id":"60475","name":"MONTEMURLO","state_code":"52","country_code":"IT"},{"id":"60476","name":"MONTEPULCIANO","state_code":"52","country_code":"IT"},{"id":"60477","name":"MONTEPULCIANO STAZIONE","state_code":"52","country_code":"IT"},{"id":"60478","name":"MONTERCHI","state_code":"52","country_code":"IT"},{"id":"60479","name":"MONTERIGGIONI","state_code":"52","country_code":"IT"},{"id":"60480","name":"MONTERONI D'ARBIA","state_code":"52","country_code":"IT"},{"id":"60481","name":"MONTEROTONDO MARITTIMO","state_code":"52","country_code":"IT"},{"id":"60482","name":"MONTESCUDAIO","state_code":"52","country_code":"IT"},{"id":"60483","name":"MONTESPERTOLI","state_code":"52","country_code":"IT"},{"id":"60484","name":"MONTEVARCHI","state_code":"52","country_code":"IT"},{"id":"60485","name":"MONTEVERDI MARITTIMO","state_code":"52","country_code":"IT"},{"id":"60486","name":"MONTI","state_code":"52","country_code":"IT"},{"id":"60487","name":"MONTICIANO","state_code":"52","country_code":"IT"},{"id":"60488","name":"MONTIERI","state_code":"52","country_code":"IT"},{"id":"60489","name":"MONTIGNOSO","state_code":"52","country_code":"IT"},{"id":"60490","name":"MONTOPOLI","state_code":"52","country_code":"IT"},{"id":"60491","name":"MULAZZO","state_code":"52","country_code":"IT"},{"id":"60492","name":"MURLO","state_code":"52","country_code":"IT"},{"id":"60493","name":"ORBETELLO","state_code":"52","country_code":"IT"},{"id":"60494","name":"ORBETELLO SCALO","state_code":"52","country_code":"IT"},{"id":"60495","name":"ORCIANO PISANO","state_code":"52","country_code":"IT"},{"id":"60496","name":"ORENTANO","state_code":"52","country_code":"IT"},{"id":"60497","name":"ORTIGNANO RAGGIOLO","state_code":"52","country_code":"IT"},{"id":"60498","name":"ORZIGNANO","state_code":"52","country_code":"IT"},{"id":"60499","name":"PALAIA","state_code":"52","country_code":"IT"},{"id":"60500","name":"PALAZZUOLO SUL SENIO","state_code":"52","country_code":"IT"},{"id":"60501","name":"PALLERONE","state_code":"52","country_code":"IT"},{"id":"60502","name":"PANZANO IN CHIANTI","state_code":"52","country_code":"IT"},{"id":"60503","name":"PATIGNO","state_code":"52","country_code":"IT"},{"id":"60504","name":"PECCIOLI","state_code":"52","country_code":"IT"},{"id":"60505","name":"PELAGO","state_code":"52","country_code":"IT"},{"id":"60506","name":"PERGINE VALDARNO","state_code":"52","country_code":"IT"},{"id":"60507","name":"PESCAGLIA","state_code":"52","country_code":"IT"},{"id":"60508","name":"PESCIA","state_code":"52","country_code":"IT"},{"id":"60509","name":"PIAN DI MUGNONE","state_code":"52","country_code":"IT"},{"id":"60510","name":"PIAN DI SCÒ","state_code":"52","country_code":"IT"},{"id":"60511","name":"PIANCASTAGNAIO","state_code":"52","country_code":"IT"},{"id":"60512","name":"PIANO DI CONCA","state_code":"52","country_code":"IT"},{"id":"60513","name":"PIANO DI COREGLIA-GHIVIZZANO","state_code":"52","country_code":"IT"},{"id":"60514","name":"PIANO DI MOMMIO","state_code":"52","country_code":"IT"},{"id":"60515","name":"PIAZZA AL SERCHIO-SAN MICHELE","state_code":"52","country_code":"IT"},{"id":"60516","name":"PIENZA","state_code":"52","country_code":"IT"},{"id":"60517","name":"PIETRASANTA","state_code":"52","country_code":"IT"},{"id":"60518","name":"PIEVE A NIEVOLE","state_code":"52","country_code":"IT"},{"id":"60519","name":"PIEVE AL TOPPO","state_code":"52","country_code":"IT"},{"id":"60520","name":"PIEVE FOSCIANA","state_code":"52","country_code":"IT"},{"id":"60521","name":"PIEVE SANTO STEFANO","state_code":"52","country_code":"IT"},{"id":"60522","name":"PIOMBINO","state_code":"52","country_code":"IT"},{"id":"60523","name":"PISA","state_code":"52","country_code":"IT"},{"id":"60524","name":"PISTOIA","state_code":"52","country_code":"IT"},{"id":"60525","name":"PITEGLIO","state_code":"52","country_code":"IT"},{"id":"60526","name":"PITIGLIANO","state_code":"52","country_code":"IT"},{"id":"60527","name":"PODENZANA","state_code":"52","country_code":"IT"},{"id":"60528","name":"POGGETTO","state_code":"52","country_code":"IT"},{"id":"60529","name":"POGGIBONSI","state_code":"52","country_code":"IT"},{"id":"60530","name":"POGGIO A CAIANO","state_code":"52","country_code":"IT"},{"id":"60531","name":"POMARANCE","state_code":"52","country_code":"IT"},{"id":"60532","name":"PONSACCO","state_code":"52","country_code":"IT"},{"id":"60533","name":"PONTASSERCHIO","state_code":"52","country_code":"IT"},{"id":"60534","name":"PONTASSIEVE","state_code":"52","country_code":"IT"},{"id":"60535","name":"PONTE A ELSA","state_code":"52","country_code":"IT"},{"id":"60536","name":"PONTE A POPPI","state_code":"52","country_code":"IT"},{"id":"60537","name":"PONTE A TRESSA","state_code":"52","country_code":"IT"},{"id":"60538","name":"PONTE BUGGIANESE","state_code":"52","country_code":"IT"},{"id":"60539","name":"PONTEDERA","state_code":"52","country_code":"IT"},{"id":"60540","name":"PONTESTAZZEMESE","state_code":"52","country_code":"IT"},{"id":"60541","name":"PONTICINO","state_code":"52","country_code":"IT"},{"id":"60542","name":"PONTREMOLI","state_code":"52","country_code":"IT"},{"id":"60543","name":"POPPI","state_code":"52","country_code":"IT"},{"id":"60544","name":"PORCARI","state_code":"52","country_code":"IT"},{"id":"60545","name":"PORTO AZZURRO","state_code":"52","country_code":"IT"},{"id":"60546","name":"PORTO ERCOLE","state_code":"52","country_code":"IT"},{"id":"60547","name":"PORTO SANTO STEFANO","state_code":"52","country_code":"IT"},{"id":"60548","name":"PORTOFERRAIO","state_code":"52","country_code":"IT"},{"id":"60549","name":"POZZALE-CASE NUOVE","state_code":"52","country_code":"IT"},{"id":"60550","name":"PRATANTICO-INDICATORE","state_code":"52","country_code":"IT"},{"id":"60551","name":"PRATO","state_code":"52","country_code":"IT"},{"id":"60552","name":"PRATOVECCHIO","state_code":"52","country_code":"IT"},{"id":"60553","name":"PROVINCE OF AREZZO","state_code":"52","country_code":"IT"},{"id":"60554","name":"PROVINCE OF FLORENCE","state_code":"52","country_code":"IT"},{"id":"60555","name":"PROVINCE OF PISA","state_code":"52","country_code":"IT"},{"id":"60556","name":"PROVINCIA DI GROSSETO","state_code":"52","country_code":"IT"},{"id":"60557","name":"PROVINCIA DI LIVORNO","state_code":"52","country_code":"IT"},{"id":"60558","name":"PROVINCIA DI LUCCA","state_code":"52","country_code":"IT"},{"id":"60559","name":"PROVINCIA DI MASSA-CARRARA","state_code":"52","country_code":"IT"},{"id":"60560","name":"PROVINCIA DI PISTOIA","state_code":"52","country_code":"IT"},{"id":"60561","name":"PROVINCIA DI PRATO","state_code":"52","country_code":"IT"},{"id":"60562","name":"PROVINCIA DI SIENA","state_code":"52","country_code":"IT"},{"id":"60563","name":"QUARATA","state_code":"52","country_code":"IT"},{"id":"60564","name":"QUARRATA","state_code":"52","country_code":"IT"},{"id":"60565","name":"QUATTRO STRADE","state_code":"52","country_code":"IT"},{"id":"60566","name":"QUERCIANELLA","state_code":"52","country_code":"IT"},{"id":"60567","name":"RADDA IN CHIANTI","state_code":"52","country_code":"IT"},{"id":"60568","name":"RADICOFANI","state_code":"52","country_code":"IT"},{"id":"60569","name":"RADICONDOLI","state_code":"52","country_code":"IT"},{"id":"60570","name":"RAPOLANO TERME","state_code":"52","country_code":"IT"},{"id":"60571","name":"RASSINA","state_code":"52","country_code":"IT"},{"id":"60572","name":"REGGELLO","state_code":"52","country_code":"IT"},{"id":"60573","name":"RIBOLLA","state_code":"52","country_code":"IT"},{"id":"60574","name":"RIGNANO SULL'ARNO","state_code":"52","country_code":"IT"},{"id":"60575","name":"RIO MARINA","state_code":"52","country_code":"IT"},{"id":"60576","name":"RIO NELL'ELBA","state_code":"52","country_code":"IT"},{"id":"60577","name":"RIPA-POZZI-QUERCETA-PONTEROSSO","state_code":"52","country_code":"IT"},{"id":"60578","name":"RIPARBELLA","state_code":"52","country_code":"IT"},{"id":"60579","name":"ROCCALBEGNA","state_code":"52","country_code":"IT"},{"id":"60580","name":"ROCCASTRADA","state_code":"52","country_code":"IT"},{"id":"60581","name":"RONTA","state_code":"52","country_code":"IT"},{"id":"60582","name":"ROSIA","state_code":"52","country_code":"IT"},{"id":"60583","name":"ROSIGNANO MARITTIMO","state_code":"52","country_code":"IT"},{"id":"60584","name":"ROSIGNANO SOLVAY-CASTIGLIONCELLO","state_code":"52","country_code":"IT"},{"id":"60585","name":"RUFINA","state_code":"52","country_code":"IT"},{"id":"60586","name":"S.P. IN PALAZZI","state_code":"52","country_code":"IT"},{"id":"60587","name":"SALINE","state_code":"52","country_code":"IT"},{"id":"60588","name":"SAMBUCA","state_code":"52","country_code":"IT"},{"id":"60589","name":"SAMBUCA PISTOIESE","state_code":"52","country_code":"IT"},{"id":"60590","name":"SAN CASCIANO DEI BAGNI","state_code":"52","country_code":"IT"},{"id":"60591","name":"SAN CASCIANO IN VAL DI PESA","state_code":"52","country_code":"IT"},{"id":"60592","name":"SAN CIPRIANO-S.BARBARA-CENTINALE","state_code":"52","country_code":"IT"},{"id":"60593","name":"SAN DONATO","state_code":"52","country_code":"IT"},{"id":"60594","name":"SAN DONNINO","state_code":"52","country_code":"IT"},{"id":"60595","name":"SAN FRANCESCO","state_code":"52","country_code":"IT"},{"id":"60596","name":"SAN GIMIGNANO","state_code":"52","country_code":"IT"},{"id":"60597","name":"SAN GIOVANNI D'ASSO","state_code":"52","country_code":"IT"},{"id":"60598","name":"SAN GIOVANNI VALDARNO","state_code":"52","country_code":"IT"},{"id":"60599","name":"SAN GIULIANO TERME","state_code":"52","country_code":"IT"},{"id":"60600","name":"SAN GIUSTINO VALDARNO","state_code":"52","country_code":"IT"},{"id":"60601","name":"SAN GODENZO","state_code":"52","country_code":"IT"},{"id":"60602","name":"SAN JACOPO AL GIRONE","state_code":"52","country_code":"IT"},{"id":"60603","name":"SAN MARCELLO PISTOIESE","state_code":"52","country_code":"IT"},{"id":"60604","name":"SAN MARTINO IN FREDDANA-MONSAGRATI","state_code":"52","country_code":"IT"},{"id":"60605","name":"SAN MAURO","state_code":"52","country_code":"IT"},{"id":"60606","name":"SAN MINIATO","state_code":"52","country_code":"IT"},{"id":"60607","name":"SAN MINIATO BASSO","state_code":"52","country_code":"IT"},{"id":"60608","name":"SAN PIERINO","state_code":"52","country_code":"IT"},{"id":"60609","name":"SAN PIERO A SIEVE","state_code":"52","country_code":"IT"},{"id":"60610","name":"SAN PIETRO BELVEDERE","state_code":"52","country_code":"IT"},{"id":"60611","name":"SAN QUIRICO D'ORCIA","state_code":"52","country_code":"IT"},{"id":"60612","name":"SAN ROCCO","state_code":"52","country_code":"IT"},{"id":"60613","name":"SAN ROMANO","state_code":"52","country_code":"IT"},{"id":"60614","name":"SAN ROMANO IN GARFAGNANA","state_code":"52","country_code":"IT"},{"id":"60615","name":"SAN VINCENZO","state_code":"52","country_code":"IT"},{"id":"60616","name":"SAN VITO-CERRETO","state_code":"52","country_code":"IT"},{"id":"60617","name":"SANSEPOLCRO","state_code":"52","country_code":"IT"},{"id":"60618","name":"SANT'ALBINO","state_code":"52","country_code":"IT"},{"id":"60619","name":"SANTA CROCE SULL'ARNO","state_code":"52","country_code":"IT"},{"id":"60620","name":"SANTA FIORA","state_code":"52","country_code":"IT"},{"id":"60621","name":"SANTA LUCE","state_code":"52","country_code":"IT"},{"id":"60622","name":"SANTA LUCIA","state_code":"52","country_code":"IT"},{"id":"60623","name":"SANTA MARIA A MONTE","state_code":"52","country_code":"IT"},{"id":"60624","name":"SARTEANO","state_code":"52","country_code":"IT"},{"id":"60625","name":"SASSETTA","state_code":"52","country_code":"IT"},{"id":"60626","name":"SCANDICCI","state_code":"52","country_code":"IT"},{"id":"60627","name":"SCANSANO","state_code":"52","country_code":"IT"},{"id":"60628","name":"SCARLINO","state_code":"52","country_code":"IT"},{"id":"60629","name":"SCARLINO SCALO","state_code":"52","country_code":"IT"},{"id":"60630","name":"SCARPERIA","state_code":"52","country_code":"IT"},{"id":"60631","name":"SEANO","state_code":"52","country_code":"IT"},{"id":"60632","name":"SEGGIANO","state_code":"52","country_code":"IT"},{"id":"60633","name":"SELVATELLE","state_code":"52","country_code":"IT"},{"id":"60634","name":"SEMPRONIANO","state_code":"52","country_code":"IT"},{"id":"60635","name":"SERAVEZZA","state_code":"52","country_code":"IT"},{"id":"60636","name":"SERRAVALLE PISTOIESE","state_code":"52","country_code":"IT"},{"id":"60637","name":"SERRE DI RAPOLANO","state_code":"52","country_code":"IT"},{"id":"60638","name":"SESTINO","state_code":"52","country_code":"IT"},{"id":"60639","name":"SESTO FIORENTINO","state_code":"52","country_code":"IT"},{"id":"60640","name":"SIECI","state_code":"52","country_code":"IT"},{"id":"60641","name":"SIENA","state_code":"52","country_code":"IT"},{"id":"60642","name":"SIGNA","state_code":"52","country_code":"IT"},{"id":"60643","name":"SILLANO","state_code":"52","country_code":"IT"},{"id":"60644","name":"SINALUNGA","state_code":"52","country_code":"IT"},{"id":"60645","name":"SOCI","state_code":"52","country_code":"IT"},{"id":"60646","name":"SORANO","state_code":"52","country_code":"IT"},{"id":"60647","name":"SOVICILLE","state_code":"52","country_code":"IT"},{"id":"60648","name":"SPIANATE","state_code":"52","country_code":"IT"},{"id":"60649","name":"SPICCHIO-SOVIGLIANA","state_code":"52","country_code":"IT"},{"id":"60650","name":"STABBIA","state_code":"52","country_code":"IT"},{"id":"60651","name":"STAGGIA","state_code":"52","country_code":"IT"},{"id":"60652","name":"STAZIONE","state_code":"52","country_code":"IT"},{"id":"60653","name":"STAZIONE MASOTTI","state_code":"52","country_code":"IT"},{"id":"60654","name":"STIA","state_code":"52","country_code":"IT"},{"id":"60655","name":"STIAVA","state_code":"52","country_code":"IT"},{"id":"60656","name":"STRADA","state_code":"52","country_code":"IT"},{"id":"60657","name":"STRADA IN CHIANTI","state_code":"52","country_code":"IT"},{"id":"60658","name":"STRETTOIA","state_code":"52","country_code":"IT"},{"id":"60659","name":"SUBBIANO","state_code":"52","country_code":"IT"},{"id":"60660","name":"SUVERETO","state_code":"52","country_code":"IT"},{"id":"60661","name":"TALLA","state_code":"52","country_code":"IT"},{"id":"60662","name":"TAVARNELLE VAL DI PESA","state_code":"52","country_code":"IT"},{"id":"60663","name":"TAVARNUZZE","state_code":"52","country_code":"IT"},{"id":"60664","name":"TAVERNE D'ARBIA","state_code":"52","country_code":"IT"},{"id":"60665","name":"TEGOLETO","state_code":"52","country_code":"IT"},{"id":"60666","name":"TERONTOLA","state_code":"52","country_code":"IT"},{"id":"60667","name":"TERRANUOVA BRACCIOLINI","state_code":"52","country_code":"IT"},{"id":"60668","name":"TERRAROSSA","state_code":"52","country_code":"IT"},{"id":"60669","name":"TERRICCIOLA","state_code":"52","country_code":"IT"},{"id":"60670","name":"TORRE DEL LAGO PUCCINI","state_code":"52","country_code":"IT"},{"id":"60671","name":"TORRENIERI","state_code":"52","country_code":"IT"},{"id":"60672","name":"TORRITA DI SIENA","state_code":"52","country_code":"IT"},{"id":"60673","name":"TREGGIAIA","state_code":"52","country_code":"IT"},{"id":"60674","name":"TREQUANDA","state_code":"52","country_code":"IT"},{"id":"60675","name":"TRESANA","state_code":"52","country_code":"IT"},{"id":"60676","name":"UGGIA-PAZZERA-BIZZARRINO","state_code":"52","country_code":"IT"},{"id":"60677","name":"ULIVETO TERME","state_code":"52","country_code":"IT"},{"id":"60678","name":"UZZANO","state_code":"52","country_code":"IT"},{"id":"60679","name":"VACCHERECCIA","state_code":"52","country_code":"IT"},{"id":"60680","name":"VADA","state_code":"52","country_code":"IT"},{"id":"60681","name":"VAGLIA","state_code":"52","country_code":"IT"},{"id":"60682","name":"VAIANO","state_code":"52","country_code":"IT"},{"id":"60683","name":"VAL DI CAVA","state_code":"52","country_code":"IT"},{"id":"60684","name":"VALDOTTAVO","state_code":"52","country_code":"IT"},{"id":"60685","name":"VALENZATICO","state_code":"52","country_code":"IT"},{"id":"60686","name":"VECCHIANO-NODICA","state_code":"52","country_code":"IT"},{"id":"60687","name":"VENTURINA","state_code":"52","country_code":"IT"},{"id":"60688","name":"VERNIO","state_code":"52","country_code":"IT"},{"id":"60689","name":"VESCOVADO","state_code":"52","country_code":"IT"},{"id":"60690","name":"VIAREGGIO","state_code":"52","country_code":"IT"},{"id":"60691","name":"VICARELLO","state_code":"52","country_code":"IT"},{"id":"60692","name":"VICCHIO","state_code":"52","country_code":"IT"},{"id":"60693","name":"VICIOMAGGIO","state_code":"52","country_code":"IT"},{"id":"60694","name":"VICOPISANO","state_code":"52","country_code":"IT"},{"id":"60695","name":"VIGNALE RIOTORTO","state_code":"52","country_code":"IT"},{"id":"60696","name":"VIGNOLE-OLMI","state_code":"52","country_code":"IT"},{"id":"60697","name":"VILLA BASILICA","state_code":"52","country_code":"IT"},{"id":"60698","name":"VILLA COLLEMANDINA","state_code":"52","country_code":"IT"},{"id":"60699","name":"VILLAFRANCA IN LUNIGIANA","state_code":"52","country_code":"IT"},{"id":"60700","name":"VINCI","state_code":"52","country_code":"IT"},{"id":"60701","name":"VOLTERRA","state_code":"52","country_code":"IT"},{"id":"60702","name":"ZERI","state_code":"52","country_code":"IT"}]