[{"id":"54635","name":"ACCUMOLI","state_code":"62","country_code":"IT"},{"id":"54636","name":"ACILIA-CASTEL FUSANO-OSTIA ANTICA","state_code":"62","country_code":"IT"},{"id":"54637","name":"ACQUAFONDATA","state_code":"62","country_code":"IT"},{"id":"54638","name":"ACQUAPENDENTE","state_code":"62","country_code":"IT"},{"id":"54639","name":"ACUTO","state_code":"62","country_code":"IT"},{"id":"54640","name":"AFFILE","state_code":"62","country_code":"IT"},{"id":"54641","name":"AGOSTA","state_code":"62","country_code":"IT"},{"id":"54642","name":"ALATRI","state_code":"62","country_code":"IT"},{"id":"54643","name":"ALBANO LAZIALE","state_code":"62","country_code":"IT"},{"id":"54644","name":"ALBUCCIONE","state_code":"62","country_code":"IT"},{"id":"54645","name":"ALLUMIERE","state_code":"62","country_code":"IT"},{"id":"54646","name":"ALVITO","state_code":"62","country_code":"IT"},{"id":"54647","name":"AMASENO","state_code":"62","country_code":"IT"},{"id":"54648","name":"AMATRICE","state_code":"62","country_code":"IT"},{"id":"54649","name":"ANAGNI","state_code":"62","country_code":"IT"},{"id":"54650","name":"ANGUILLARA SABAZIA","state_code":"62","country_code":"IT"},{"id":"54651","name":"ANITRELLA-CHIAIAMARI","state_code":"62","country_code":"IT"},{"id":"54652","name":"ANTICOLI CORRADO","state_code":"62","country_code":"IT"},{"id":"54653","name":"ANTRODOCO","state_code":"62","country_code":"IT"},{"id":"54654","name":"ANZIO","state_code":"62","country_code":"IT"},{"id":"54655","name":"APRILIA","state_code":"62","country_code":"IT"},{"id":"54656","name":"AQUINO","state_code":"62","country_code":"IT"},{"id":"54657","name":"ARA NOVA","state_code":"62","country_code":"IT"},{"id":"54658","name":"ARCE","state_code":"62","country_code":"IT"},{"id":"54659","name":"ARCI-EMPOLITANA","state_code":"62","country_code":"IT"},{"id":"54660","name":"ARCINAZZO ROMANO","state_code":"62","country_code":"IT"},{"id":"54661","name":"ARDEA","state_code":"62","country_code":"IT"},{"id":"54662","name":"AREA PRODUTTIVA","state_code":"62","country_code":"IT"},{"id":"54663","name":"ARICCIA","state_code":"62","country_code":"IT"},{"id":"54664","name":"ARLENA DI CASTRO","state_code":"62","country_code":"IT"},{"id":"54665","name":"ARMETTA","state_code":"62","country_code":"IT"},{"id":"54666","name":"ARNARA","state_code":"62","country_code":"IT"},{"id":"54667","name":"ARPINO","state_code":"62","country_code":"IT"},{"id":"54668","name":"ARSOLI","state_code":"62","country_code":"IT"},{"id":"54669","name":"ARTENA","state_code":"62","country_code":"IT"},{"id":"54670","name":"ASCREA","state_code":"62","country_code":"IT"},{"id":"54671","name":"ATINA","state_code":"62","country_code":"IT"},{"id":"54672","name":"ATINA INFERIORE","state_code":"62","country_code":"IT"},{"id":"54673","name":"AURELIA","state_code":"62","country_code":"IT"},{"id":"54674","name":"AUSONIA","state_code":"62","country_code":"IT"},{"id":"54675","name":"BAGNI DI TIVOLI","state_code":"62","country_code":"IT"},{"id":"54676","name":"BAGNOREGIO","state_code":"62","country_code":"IT"},{"id":"54677","name":"BARBARANO ROMANO","state_code":"62","country_code":"IT"},{"id":"54678","name":"BASSANO IN TEVERINA","state_code":"62","country_code":"IT"},{"id":"54679","name":"BASSANO ROMANO","state_code":"62","country_code":"IT"},{"id":"54680","name":"BASSIANO","state_code":"62","country_code":"IT"},{"id":"54681","name":"BELLA FARNIA","state_code":"62","country_code":"IT"},{"id":"54682","name":"BELLEGRA","state_code":"62","country_code":"IT"},{"id":"54683","name":"BELMONTE CASTELLO","state_code":"62","country_code":"IT"},{"id":"54684","name":"BELMONTE IN SABINA","state_code":"62","country_code":"IT"},{"id":"54685","name":"BIVIO DI CAPANELLE","state_code":"62","country_code":"IT"},{"id":"54686","name":"BIVIO SAN POLO","state_code":"62","country_code":"IT"},{"id":"54687","name":"BLERA","state_code":"62","country_code":"IT"},{"id":"54688","name":"BOLSENA","state_code":"62","country_code":"IT"},{"id":"54689","name":"BOMARZO","state_code":"62","country_code":"IT"},{"id":"54690","name":"BORBONA","state_code":"62","country_code":"IT"},{"id":"54691","name":"BORGO GRAPPA","state_code":"62","country_code":"IT"},{"id":"54692","name":"BORGO HERMADA","state_code":"62","country_code":"IT"},{"id":"54693","name":"BORGO LOTTI","state_code":"62","country_code":"IT"},{"id":"54694","name":"BORGO PODGORA","state_code":"62","country_code":"IT"},{"id":"54695","name":"BORGO SABOTINO-FOCE VERDE","state_code":"62","country_code":"IT"},{"id":"54696","name":"BORGO SAN MICHELE","state_code":"62","country_code":"IT"},{"id":"54697","name":"BORGO VELINO","state_code":"62","country_code":"IT"},{"id":"54698","name":"BORGOROSE","state_code":"62","country_code":"IT"},{"id":"54699","name":"BOVILLE ERNICA","state_code":"62","country_code":"IT"},{"id":"54700","name":"BRACCIANO","state_code":"62","country_code":"IT"},{"id":"54701","name":"BROCCOSTELLA","state_code":"62","country_code":"IT"},{"id":"54702","name":"CAIRA","state_code":"62","country_code":"IT"},{"id":"54703","name":"CALCATA NUOVA","state_code":"62","country_code":"IT"},{"id":"54704","name":"CAMERATA NUOVA","state_code":"62","country_code":"IT"},{"id":"54705","name":"CAMILLERI-VALLELATA","state_code":"62","country_code":"IT"},{"id":"54706","name":"CAMPAGNANO DI ROMA","state_code":"62","country_code":"IT"},{"id":"54707","name":"CAMPO DI CARNE","state_code":"62","country_code":"IT"},{"id":"54708","name":"CAMPO JEMINI","state_code":"62","country_code":"IT"},{"id":"54709","name":"CAMPO LIMPIDO-FAVALE","state_code":"62","country_code":"IT"},{"id":"54710","name":"CAMPODIMELE","state_code":"62","country_code":"IT"},{"id":"54711","name":"CAMPOLEONE","state_code":"62","country_code":"IT"},{"id":"54712","name":"CAMPOLI APPENNINO","state_code":"62","country_code":"IT"},{"id":"54713","name":"CANALE MONTERANO","state_code":"62","country_code":"IT"},{"id":"54714","name":"CANEPINA","state_code":"62","country_code":"IT"},{"id":"54715","name":"CANINO","state_code":"62","country_code":"IT"},{"id":"54716","name":"CANTALICE","state_code":"62","country_code":"IT"},{"id":"54717","name":"CANTALUPO IN SABINA","state_code":"62","country_code":"IT"},{"id":"54718","name":"CANTERANO","state_code":"62","country_code":"IT"},{"id":"54719","name":"CAPENA","state_code":"62","country_code":"IT"},{"id":"54720","name":"CAPODIMONTE","state_code":"62","country_code":"IT"},{"id":"54721","name":"CAPRANICA","state_code":"62","country_code":"IT"},{"id":"54722","name":"CAPRANICA PRENESTINA","state_code":"62","country_code":"IT"},{"id":"54723","name":"CAPRAROLA","state_code":"62","country_code":"IT"},{"id":"54724","name":"CARBOGNANO","state_code":"62","country_code":"IT"},{"id":"54725","name":"CARCHITTI","state_code":"62","country_code":"IT"},{"id":"54726","name":"CARPINETO ROMANO","state_code":"62","country_code":"IT"},{"id":"54727","name":"CARRARA-PONTENUOVO","state_code":"62","country_code":"IT"},{"id":"54728","name":"CARTIERA-STAZIONE","state_code":"62","country_code":"IT"},{"id":"54729","name":"CASAL PALOCCO","state_code":"62","country_code":"IT"},{"id":"54730","name":"CASALATTICO","state_code":"62","country_code":"IT"},{"id":"54731","name":"CASALAZZARA","state_code":"62","country_code":"IT"},{"id":"54732","name":"CASALI","state_code":"62","country_code":"IT"},{"id":"54733","name":"CASALVIERI","state_code":"62","country_code":"IT"},{"id":"54734","name":"CASAPE","state_code":"62","country_code":"IT"},{"id":"54735","name":"CASAPROTA","state_code":"62","country_code":"IT"},{"id":"54736","name":"CASE CAMPOLI-PANETTA","state_code":"62","country_code":"IT"},{"id":"54737","name":"CASPERIA","state_code":"62","country_code":"IT"},{"id":"54738","name":"CASSINO","state_code":"62","country_code":"IT"},{"id":"54739","name":"CASTEL CHIODATO","state_code":"62","country_code":"IT"},{"id":"54740","name":"CASTEL DI TORA","state_code":"62","country_code":"IT"},{"id":"54741","name":"CASTEL FUSANO","state_code":"62","country_code":"IT"},{"id":"54742","name":"CASTEL GANDOLFO","state_code":"62","country_code":"IT"},{"id":"54743","name":"CASTEL MADAMA","state_code":"62","country_code":"IT"},{"id":"54744","name":"CASTEL SAN PIETRO ROMANO","state_code":"62","country_code":"IT"},{"id":"54745","name":"CASTEL SANT'ANGELO","state_code":"62","country_code":"IT"},{"id":"54746","name":"CASTEL SANT'ELIA","state_code":"62","country_code":"IT"},{"id":"54747","name":"CASTELFORTE","state_code":"62","country_code":"IT"},{"id":"54748","name":"CASTELLIRI","state_code":"62","country_code":"IT"},{"id":"54749","name":"CASTELMASSIMO","state_code":"62","country_code":"IT"},{"id":"54750","name":"CASTELNUOVO DI FARFA","state_code":"62","country_code":"IT"},{"id":"54751","name":"CASTELNUOVO DI PORTO","state_code":"62","country_code":"IT"},{"id":"54752","name":"CASTELNUOVO PARANO","state_code":"62","country_code":"IT"},{"id":"54753","name":"CASTIGLIONE IN TEVERINA","state_code":"62","country_code":"IT"},{"id":"54754","name":"CASTRO DEI VOLSCI","state_code":"62","country_code":"IT"},{"id":"54755","name":"CASTROCIELO","state_code":"62","country_code":"IT"},{"id":"54756","name":"CAVE","state_code":"62","country_code":"IT"},{"id":"54757","name":"CECCANO","state_code":"62","country_code":"IT"},{"id":"54758","name":"CECCHINA","state_code":"62","country_code":"IT"},{"id":"54759","name":"CELLENO","state_code":"62","country_code":"IT"},{"id":"54760","name":"CELLERE","state_code":"62","country_code":"IT"},{"id":"54761","name":"CEPRANO","state_code":"62","country_code":"IT"},{"id":"54762","name":"CERQUOTTI-MADONNA DEL PIANO","state_code":"62","country_code":"IT"},{"id":"54763","name":"CERRETO LAZIALE","state_code":"62","country_code":"IT"},{"id":"54764","name":"CERVARA DI ROMA","state_code":"62","country_code":"IT"},{"id":"54765","name":"CERVARO","state_code":"62","country_code":"IT"},{"id":"54766","name":"CERVETERI","state_code":"62","country_code":"IT"},{"id":"54767","name":"CESANO","state_code":"62","country_code":"IT"},{"id":"54768","name":"CIAMPINO","state_code":"62","country_code":"IT"},{"id":"54769","name":"CICILIANO","state_code":"62","country_code":"IT"},{"id":"54770","name":"CINETO ROMANO","state_code":"62","country_code":"IT"},{"id":"54771","name":"CISTERNA DI LATINA","state_code":"62","country_code":"IT"},{"id":"54772","name":"CITTÀ METROPOLITANA DI ROMA CAPITALE","state_code":"62","country_code":"IT"},{"id":"54773","name":"CITTADUCALE","state_code":"62","country_code":"IT"},{"id":"54774","name":"CITTAREALE","state_code":"62","country_code":"IT"},{"id":"54775","name":"CIVITA CASTELLANA","state_code":"62","country_code":"IT"},{"id":"54776","name":"CIVITAVECCHIA","state_code":"62","country_code":"IT"},{"id":"54777","name":"CIVITELLA D'AGLIANO","state_code":"62","country_code":"IT"},{"id":"54778","name":"CIVITELLA SAN PAOLO","state_code":"62","country_code":"IT"},{"id":"54779","name":"COLDRAGONE","state_code":"62","country_code":"IT"},{"id":"54780","name":"COLLALTO SABINO","state_code":"62","country_code":"IT"},{"id":"54781","name":"COLLE CAMPANO-SCRIMA","state_code":"62","country_code":"IT"},{"id":"54782","name":"COLLE DEL PINO","state_code":"62","country_code":"IT"},{"id":"54783","name":"COLLE DI FUORI","state_code":"62","country_code":"IT"},{"id":"54784","name":"COLLE DI TORA","state_code":"62","country_code":"IT"},{"id":"54785","name":"COLLE MAINELLO","state_code":"62","country_code":"IT"},{"id":"54786","name":"COLLE SAN MAGNO","state_code":"62","country_code":"IT"},{"id":"54787","name":"COLLE SPINA","state_code":"62","country_code":"IT"},{"id":"54788","name":"COLLE VERDE","state_code":"62","country_code":"IT"},{"id":"54789","name":"COLLEFERRO","state_code":"62","country_code":"IT"},{"id":"54790","name":"COLLEFONTANA-FONTANA LIRI INFERIORE","state_code":"62","country_code":"IT"},{"id":"54791","name":"COLLEGIOVE","state_code":"62","country_code":"IT"},{"id":"54792","name":"COLLEPARDO","state_code":"62","country_code":"IT"},{"id":"54793","name":"COLLEVECCHIO","state_code":"62","country_code":"IT"},{"id":"54794","name":"COLLEVERDE II","state_code":"62","country_code":"IT"},{"id":"54795","name":"COLLI DI ENEA","state_code":"62","country_code":"IT"},{"id":"54796","name":"COLLI SUL VELINO","state_code":"62","country_code":"IT"},{"id":"54797","name":"COLONNA","state_code":"62","country_code":"IT"},{"id":"54798","name":"COLUBRO","state_code":"62","country_code":"IT"},{"id":"54799","name":"CONCERVIANO","state_code":"62","country_code":"IT"},{"id":"54800","name":"CONFIGNI","state_code":"62","country_code":"IT"},{"id":"54801","name":"CONTIGLIANO","state_code":"62","country_code":"IT"},{"id":"54802","name":"CORCHIANO","state_code":"62","country_code":"IT"},{"id":"54803","name":"CORCOLLE","state_code":"62","country_code":"IT"},{"id":"54804","name":"CORENO AUSONIO","state_code":"62","country_code":"IT"},{"id":"54805","name":"CORI","state_code":"62","country_code":"IT"},{"id":"54806","name":"CORVARO","state_code":"62","country_code":"IT"},{"id":"54807","name":"COSTARONI","state_code":"62","country_code":"IT"},{"id":"54808","name":"COTTANELLO","state_code":"62","country_code":"IT"},{"id":"54809","name":"CRETONE","state_code":"62","country_code":"IT"},{"id":"54810","name":"ESPERIA","state_code":"62","country_code":"IT"},{"id":"54811","name":"FABRICA DI ROMA","state_code":"62","country_code":"IT"},{"id":"54812","name":"FALERIA","state_code":"62","country_code":"IT"},{"id":"54813","name":"FALVATERRA","state_code":"62","country_code":"IT"},{"id":"54814","name":"FARA IN SABINA","state_code":"62","country_code":"IT"},{"id":"54815","name":"FARNESE","state_code":"62","country_code":"IT"},{"id":"54816","name":"FERENTINO","state_code":"62","country_code":"IT"},{"id":"54817","name":"FIAMIGNANO","state_code":"62","country_code":"IT"},{"id":"54818","name":"FIANO ROMANO","state_code":"62","country_code":"IT"},{"id":"54819","name":"FILACCIANO","state_code":"62","country_code":"IT"},{"id":"54820","name":"FILETTINO","state_code":"62","country_code":"IT"},{"id":"54821","name":"FIUGGI","state_code":"62","country_code":"IT"},{"id":"54822","name":"FIUMICINO-ISOLA SACRA","state_code":"62","country_code":"IT"},{"id":"54823","name":"FOCENE","state_code":"62","country_code":"IT"},{"id":"54824","name":"FONDI","state_code":"62","country_code":"IT"},{"id":"54825","name":"FONTECHIARI","state_code":"62","country_code":"IT"},{"id":"54826","name":"FORANO","state_code":"62","country_code":"IT"},{"id":"54827","name":"FORMELLO","state_code":"62","country_code":"IT"},{"id":"54828","name":"FORMIA","state_code":"62","country_code":"IT"},{"id":"54829","name":"FOSSIGNANO","state_code":"62","country_code":"IT"},{"id":"54830","name":"FRASCATI","state_code":"62","country_code":"IT"},{"id":"54831","name":"FRASSO SABINO","state_code":"62","country_code":"IT"},{"id":"54832","name":"FREGENE","state_code":"62","country_code":"IT"},{"id":"54833","name":"FROSINONE","state_code":"62","country_code":"IT"},{"id":"54834","name":"FUMONE","state_code":"62","country_code":"IT"},{"id":"54835","name":"GAETA","state_code":"62","country_code":"IT"},{"id":"54836","name":"GALLESE","state_code":"62","country_code":"IT"},{"id":"54837","name":"GALLICANO NEL LAZIO","state_code":"62","country_code":"IT"},{"id":"54838","name":"GALLINARO","state_code":"62","country_code":"IT"},{"id":"54839","name":"GAVIGNANO","state_code":"62","country_code":"IT"},{"id":"54840","name":"GENAZZANO","state_code":"62","country_code":"IT"},{"id":"54841","name":"GENIO CIVILE","state_code":"62","country_code":"IT"},{"id":"54842","name":"GENZANO DI ROMA","state_code":"62","country_code":"IT"},{"id":"54843","name":"GERANO","state_code":"62","country_code":"IT"},{"id":"54844","name":"GIRARDI-BELLAVISTA-TERRAZZE","state_code":"62","country_code":"IT"},{"id":"54845","name":"GIULIANELLO","state_code":"62","country_code":"IT"},{"id":"54846","name":"GIULIANO DI ROMA","state_code":"62","country_code":"IT"},{"id":"54847","name":"GORGA","state_code":"62","country_code":"IT"},{"id":"54848","name":"GRADOLI","state_code":"62","country_code":"IT"},{"id":"54849","name":"GRAFFIGNANO","state_code":"62","country_code":"IT"},{"id":"54850","name":"GROTTAFERRATA","state_code":"62","country_code":"IT"},{"id":"54851","name":"GROTTE DI CASTRO","state_code":"62","country_code":"IT"},{"id":"54852","name":"GROTTE SANTO STEFANO","state_code":"62","country_code":"IT"},{"id":"54853","name":"GRUNUOVO-CAMPOMAGGIORE SAN LUCA","state_code":"62","country_code":"IT"},{"id":"54854","name":"GUARCINO","state_code":"62","country_code":"IT"},{"id":"54855","name":"GUIDONIA","state_code":"62","country_code":"IT"},{"id":"54856","name":"GUIDONIA MONTECELIO","state_code":"62","country_code":"IT"},{"id":"54857","name":"ISCHIA DI CASTRO","state_code":"62","country_code":"IT"},{"id":"54858","name":"ISOLA DEL LIRI","state_code":"62","country_code":"IT"},{"id":"54859","name":"ITRI","state_code":"62","country_code":"IT"},{"id":"54860","name":"JENNE","state_code":"62","country_code":"IT"},{"id":"54861","name":"LA BOTTE","state_code":"62","country_code":"IT"},{"id":"54862","name":"LA FORMA","state_code":"62","country_code":"IT"},{"id":"54863","name":"LA MASSIMINA-CASAL LUMBROSO","state_code":"62","country_code":"IT"},{"id":"54864","name":"LABICO","state_code":"62","country_code":"IT"},{"id":"54865","name":"LABRO","state_code":"62","country_code":"IT"},{"id":"54866","name":"LADISPOLI","state_code":"62","country_code":"IT"},{"id":"54867","name":"LAGHETTO","state_code":"62","country_code":"IT"},{"id":"54868","name":"LANUVIO","state_code":"62","country_code":"IT"},{"id":"54869","name":"LARIANO","state_code":"62","country_code":"IT"},{"id":"54870","name":"LATERA","state_code":"62","country_code":"IT"},{"id":"54871","name":"LATINA","state_code":"62","country_code":"IT"},{"id":"54872","name":"LATINA SCALO","state_code":"62","country_code":"IT"},{"id":"54873","name":"LAVINIO","state_code":"62","country_code":"IT"},{"id":"54874","name":"LE FORNA","state_code":"62","country_code":"IT"},{"id":"54875","name":"LE RUGHE","state_code":"62","country_code":"IT"},{"id":"54876","name":"LENOLA","state_code":"62","country_code":"IT"},{"id":"54877","name":"LEONESSA","state_code":"62","country_code":"IT"},{"id":"54878","name":"LICENZA","state_code":"62","country_code":"IT"},{"id":"54879","name":"LIDO DEI PINI","state_code":"62","country_code":"IT"},{"id":"54880","name":"LIDO DI OSTIA","state_code":"62","country_code":"IT"},{"id":"54881","name":"LIMITI DI GRECCIO","state_code":"62","country_code":"IT"},{"id":"54882","name":"LONGONE SABINO","state_code":"62","country_code":"IT"},{"id":"54883","name":"LUBRIANO","state_code":"62","country_code":"IT"},{"id":"54884","name":"MACCARESE","state_code":"62","country_code":"IT"},{"id":"54885","name":"MACERE","state_code":"62","country_code":"IT"},{"id":"54886","name":"MAENZA","state_code":"62","country_code":"IT"},{"id":"54887","name":"MAGLIANO ROMANO","state_code":"62","country_code":"IT"},{"id":"54888","name":"MAGLIANO SABINA","state_code":"62","country_code":"IT"},{"id":"54889","name":"MANDELA","state_code":"62","country_code":"IT"},{"id":"54890","name":"MANTIGLIA DI ARDEA","state_code":"62","country_code":"IT"},{"id":"54891","name":"MANZIANA","state_code":"62","country_code":"IT"},{"id":"54892","name":"MARANO EQUO","state_code":"62","country_code":"IT"},{"id":"54893","name":"MARANOLA-TRIVIO","state_code":"62","country_code":"IT"},{"id":"54894","name":"MARCELLINA","state_code":"62","country_code":"IT"},{"id":"54895","name":"MARCETELLI","state_code":"62","country_code":"IT"},{"id":"54896","name":"MARCO SIMONE","state_code":"62","country_code":"IT"},{"id":"54897","name":"MARINA DI ARDEA-TOR SAN LORENZO","state_code":"62","country_code":"IT"},{"id":"54898","name":"MARINA DI CERVETERI","state_code":"62","country_code":"IT"},{"id":"54899","name":"MARINA SAN NICOLA","state_code":"62","country_code":"IT"},{"id":"54900","name":"MARINO","state_code":"62","country_code":"IT"},{"id":"54901","name":"MARTA","state_code":"62","country_code":"IT"},{"id":"54902","name":"MAZZANO ROMANO","state_code":"62","country_code":"IT"},{"id":"54903","name":"MENTANA","state_code":"62","country_code":"IT"},{"id":"54904","name":"MICIGLIANO","state_code":"62","country_code":"IT"},{"id":"54905","name":"MINTURNO","state_code":"62","country_code":"IT"},{"id":"54906","name":"MOLELLA","state_code":"62","country_code":"IT"},{"id":"54907","name":"MOMPEO","state_code":"62","country_code":"IT"},{"id":"54908","name":"MONTALTO DI CASTRO","state_code":"62","country_code":"IT"},{"id":"54909","name":"MONTASOLA","state_code":"62","country_code":"IT"},{"id":"54910","name":"MONTE CAMINETTO","state_code":"62","country_code":"IT"},{"id":"54911","name":"MONTE MIGLIORE LA SELVOTTA","state_code":"62","country_code":"IT"},{"id":"54912","name":"MONTE PORZIO CATONE","state_code":"62","country_code":"IT"},{"id":"54913","name":"MONTE ROMANO","state_code":"62","country_code":"IT"},{"id":"54914","name":"MONTE SAN BIAGIO","state_code":"62","country_code":"IT"},{"id":"54915","name":"MONTE SAN GIOVANNI CAMPANO","state_code":"62","country_code":"IT"},{"id":"54916","name":"MONTE SAN GIOVANNI IN SABINA","state_code":"62","country_code":"IT"},{"id":"54917","name":"MONTE SAN MARINO","state_code":"62","country_code":"IT"},{"id":"54918","name":"MONTEBUONO","state_code":"62","country_code":"IT"},{"id":"54919","name":"MONTECELIO","state_code":"62","country_code":"IT"},{"id":"54920","name":"MONTECOMPATRI","state_code":"62","country_code":"IT"},{"id":"54921","name":"MONTEFIASCONE","state_code":"62","country_code":"IT"},{"id":"54922","name":"MONTEFLAVIO","state_code":"62","country_code":"IT"},{"id":"54923","name":"MONTELANICO","state_code":"62","country_code":"IT"},{"id":"54924","name":"MONTELARCO","state_code":"62","country_code":"IT"},{"id":"54925","name":"MONTELEONE SABINO","state_code":"62","country_code":"IT"},{"id":"54926","name":"MONTELIBRETTI","state_code":"62","country_code":"IT"},{"id":"54927","name":"MONTENERO SABINO","state_code":"62","country_code":"IT"},{"id":"54928","name":"MONTEROSI","state_code":"62","country_code":"IT"},{"id":"54929","name":"MONTEROTONDO","state_code":"62","country_code":"IT"},{"id":"54930","name":"MONTOPOLI IN SABINA","state_code":"62","country_code":"IT"},{"id":"54931","name":"MONTORIO ROMANO","state_code":"62","country_code":"IT"},{"id":"54932","name":"MORICONE","state_code":"62","country_code":"IT"},{"id":"54933","name":"MORLUPO","state_code":"62","country_code":"IT"},{"id":"54934","name":"MOROLO","state_code":"62","country_code":"IT"},{"id":"54935","name":"MORRO REATINO","state_code":"62","country_code":"IT"},{"id":"54936","name":"NAZZANO","state_code":"62","country_code":"IT"},{"id":"54937","name":"NEMI","state_code":"62","country_code":"IT"},{"id":"54938","name":"NEPI","state_code":"62","country_code":"IT"},{"id":"54939","name":"NEROLA","state_code":"62","country_code":"IT"},{"id":"54940","name":"NESPOLO","state_code":"62","country_code":"IT"},{"id":"54941","name":"NETTUNO","state_code":"62","country_code":"IT"},{"id":"54942","name":"NORMA","state_code":"62","country_code":"IT"},{"id":"54943","name":"OLEVANO ROMANO","state_code":"62","country_code":"IT"},{"id":"54944","name":"ONANO","state_code":"62","country_code":"IT"},{"id":"54945","name":"ORIOLO ROMANO","state_code":"62","country_code":"IT"},{"id":"54946","name":"ORTE","state_code":"62","country_code":"IT"},{"id":"54947","name":"ORTE SCALO","state_code":"62","country_code":"IT"},{"id":"54948","name":"ORVINIO","state_code":"62","country_code":"IT"},{"id":"54949","name":"OSTERIA NUOVA","state_code":"62","country_code":"IT"},{"id":"54950","name":"PAGANICO SABINO","state_code":"62","country_code":"IT"},{"id":"54951","name":"PALESTRINA","state_code":"62","country_code":"IT"},{"id":"54952","name":"PALIANO","state_code":"62","country_code":"IT"},{"id":"54953","name":"PALOMBARA SABINA","state_code":"62","country_code":"IT"},{"id":"54954","name":"PARCO LEONARDO","state_code":"62","country_code":"IT"},{"id":"54955","name":"PASSOSCURO","state_code":"62","country_code":"IT"},{"id":"54956","name":"PASTENA","state_code":"62","country_code":"IT"},{"id":"54957","name":"PATRICA","state_code":"62","country_code":"IT"},{"id":"54958","name":"PAVONA","state_code":"62","country_code":"IT"},{"id":"54959","name":"PENITRO","state_code":"62","country_code":"IT"},{"id":"54960","name":"PERCILE","state_code":"62","country_code":"IT"},{"id":"54961","name":"PESCIA ROMANA","state_code":"62","country_code":"IT"},{"id":"54962","name":"PESCOROCCHIANO","state_code":"62","country_code":"IT"},{"id":"54963","name":"PESCOSOLIDO","state_code":"62","country_code":"IT"},{"id":"54964","name":"PETRELLA SALTO","state_code":"62","country_code":"IT"},{"id":"54965","name":"PIANSANO","state_code":"62","country_code":"IT"},{"id":"54966","name":"PICINISCO","state_code":"62","country_code":"IT"},{"id":"54967","name":"PICO","state_code":"62","country_code":"IT"},{"id":"54968","name":"PIEDIMONTE SAN GERMANO","state_code":"62","country_code":"IT"},{"id":"54969","name":"PIEDIMONTE SAN GERMANO ALTA","state_code":"62","country_code":"IT"},{"id":"54970","name":"PIGLIO","state_code":"62","country_code":"IT"},{"id":"54971","name":"PIGNATARO INTERAMNA","state_code":"62","country_code":"IT"},{"id":"54972","name":"PISONIANO","state_code":"62","country_code":"IT"},{"id":"54973","name":"POFI","state_code":"62","country_code":"IT"},{"id":"54974","name":"POGGIO BUSTONE","state_code":"62","country_code":"IT"},{"id":"54975","name":"POGGIO CATINO","state_code":"62","country_code":"IT"},{"id":"54976","name":"POGGIO ELLERA","state_code":"62","country_code":"IT"},{"id":"54977","name":"POGGIO MIRTETO","state_code":"62","country_code":"IT"},{"id":"54978","name":"POGGIO MOIANO","state_code":"62","country_code":"IT"},{"id":"54979","name":"POGGIO NATIVO","state_code":"62","country_code":"IT"},{"id":"54980","name":"POGGIO SAN LORENZO","state_code":"62","country_code":"IT"},{"id":"54981","name":"POLI","state_code":"62","country_code":"IT"},{"id":"54982","name":"POMEZIA","state_code":"62","country_code":"IT"},{"id":"54983","name":"PONTE GALERIA-LA PISANA","state_code":"62","country_code":"IT"},{"id":"54984","name":"PONTECORVO","state_code":"62","country_code":"IT"},{"id":"54985","name":"PONTINIA","state_code":"62","country_code":"IT"},{"id":"54986","name":"PONTON DELL'ELCE","state_code":"62","country_code":"IT"},{"id":"54987","name":"PONZA","state_code":"62","country_code":"IT"},{"id":"54988","name":"PONZANO ROMANO","state_code":"62","country_code":"IT"},{"id":"54989","name":"POSTA","state_code":"62","country_code":"IT"},{"id":"54990","name":"POSTA FIBRENO","state_code":"62","country_code":"IT"},{"id":"54991","name":"POZZAGLIA SABINO","state_code":"62","country_code":"IT"},{"id":"54992","name":"PRATO DI COPPOLA","state_code":"62","country_code":"IT"},{"id":"54993","name":"PRIVERNO","state_code":"62","country_code":"IT"},{"id":"54994","name":"PROCENO","state_code":"62","country_code":"IT"},{"id":"54995","name":"PROSSEDI","state_code":"62","country_code":"IT"},{"id":"54996","name":"PROVINCIA DI FROSINONE","state_code":"62","country_code":"IT"},{"id":"54997","name":"PROVINCIA DI LATINA","state_code":"62","country_code":"IT"},{"id":"54998","name":"PROVINCIA DI RIETI","state_code":"62","country_code":"IT"},{"id":"54999","name":"PROVINCIA DI VITERBO","state_code":"62","country_code":"IT"},{"id":"55000","name":"REGOLELLI","state_code":"62","country_code":"IT"},{"id":"55001","name":"RIANO","state_code":"62","country_code":"IT"},{"id":"55002","name":"RIETI","state_code":"62","country_code":"IT"},{"id":"55003","name":"RIGNANO FLAMINIO","state_code":"62","country_code":"IT"},{"id":"55004","name":"RIOFREDDO","state_code":"62","country_code":"IT"},{"id":"55005","name":"RIPI","state_code":"62","country_code":"IT"},{"id":"55006","name":"RIVODUTRI","state_code":"62","country_code":"IT"},{"id":"55007","name":"ROCCA CANTERANO","state_code":"62","country_code":"IT"},{"id":"55008","name":"ROCCA D'ARCE","state_code":"62","country_code":"IT"},{"id":"55009","name":"ROCCA DI CAVE","state_code":"62","country_code":"IT"},{"id":"55010","name":"ROCCA DI PAPA","state_code":"62","country_code":"IT"},{"id":"55011","name":"ROCCA MASSIMA","state_code":"62","country_code":"IT"},{"id":"55012","name":"ROCCA PRIORA","state_code":"62","country_code":"IT"},{"id":"55013","name":"ROCCA SANTO STEFANO","state_code":"62","country_code":"IT"},{"id":"55014","name":"ROCCA SINIBALDA","state_code":"62","country_code":"IT"},{"id":"55015","name":"ROCCAGIOVINE","state_code":"62","country_code":"IT"},{"id":"55016","name":"ROCCAGORGA","state_code":"62","country_code":"IT"},{"id":"55017","name":"ROCCANTICA","state_code":"62","country_code":"IT"},{"id":"55018","name":"ROCCASECCA","state_code":"62","country_code":"IT"},{"id":"55019","name":"ROCCASECCA DEI VOLSCI","state_code":"62","country_code":"IT"},{"id":"55020","name":"ROCCASECCA STAZIONE","state_code":"62","country_code":"IT"},{"id":"55021","name":"ROIATE","state_code":"62","country_code":"IT"},{"id":"55022","name":"ROME","state_code":"62","country_code":"IT"},{"id":"55023","name":"RONCIGLIONE","state_code":"62","country_code":"IT"},{"id":"55024","name":"ROVIANO","state_code":"62","country_code":"IT"},{"id":"55025","name":"SABAUDIA","state_code":"62","country_code":"IT"},{"id":"55026","name":"SACROFANO","state_code":"62","country_code":"IT"},{"id":"55027","name":"SALISANO","state_code":"62","country_code":"IT"},{"id":"55028","name":"SAMBUCI","state_code":"62","country_code":"IT"},{"id":"55029","name":"SAN BARTOLOMEO","state_code":"62","country_code":"IT"},{"id":"55030","name":"SAN BIAGIO SARACINISCO","state_code":"62","country_code":"IT"},{"id":"55031","name":"SAN CESAREO","state_code":"62","country_code":"IT"},{"id":"55032","name":"SAN DONATO VAL DI COMINO","state_code":"62","country_code":"IT"},{"id":"55033","name":"SAN FELICE CIRCEO","state_code":"62","country_code":"IT"},{"id":"55034","name":"SAN GIORGIO A LIRI","state_code":"62","country_code":"IT"},{"id":"55035","name":"SAN GIOVANNI INCARICO","state_code":"62","country_code":"IT"},{"id":"55036","name":"SAN GIOVANNI-PATONI","state_code":"62","country_code":"IT"},{"id":"55037","name":"SAN GIUSEPPE LE PRATA-COTROPAGNO","state_code":"62","country_code":"IT"},{"id":"55038","name":"SAN GREGORIO DA SASSOLA","state_code":"62","country_code":"IT"},{"id":"55039","name":"SAN LORENZO NUOVO","state_code":"62","country_code":"IT"},{"id":"55040","name":"SAN MARTINO AL CIMINO","state_code":"62","country_code":"IT"},{"id":"55041","name":"SAN POLO DEI CAVALIERI","state_code":"62","country_code":"IT"},{"id":"55042","name":"SAN VITO ROMANO","state_code":"62","country_code":"IT"},{"id":"55043","name":"SAN VITTORE DEL LAZIO","state_code":"62","country_code":"IT"},{"id":"55044","name":"SANT'AMBROGIO SUL GARIGLIANO","state_code":"62","country_code":"IT"},{"id":"55045","name":"SANT'ANDREA DEL GARIGLIANO","state_code":"62","country_code":"IT"},{"id":"55046","name":"SANT'ANGELO IN VILLA-GIGLIO","state_code":"62","country_code":"IT"},{"id":"55047","name":"SANT'ANGELO ROMANO","state_code":"62","country_code":"IT"},{"id":"55048","name":"SANT'APOLLINARE","state_code":"62","country_code":"IT"},{"id":"55049","name":"SANT'ELIA FIUMERAPIDO","state_code":"62","country_code":"IT"},{"id":"55050","name":"SANT'ORESTE","state_code":"62","country_code":"IT"},{"id":"55051","name":"SANTA LUCIA","state_code":"62","country_code":"IT"},{"id":"55052","name":"SANTA MARINELLA","state_code":"62","country_code":"IT"},{"id":"55053","name":"SANTA RUFINA","state_code":"62","country_code":"IT"},{"id":"55054","name":"SANTI COSMA E DAMIANO","state_code":"62","country_code":"IT"},{"id":"55055","name":"SANTOPADRE","state_code":"62","country_code":"IT"},{"id":"55056","name":"SARACINESCO","state_code":"62","country_code":"IT"},{"id":"55057","name":"SASSACCI","state_code":"62","country_code":"IT"},{"id":"55058","name":"SCANDRIGLIA","state_code":"62","country_code":"IT"},{"id":"55059","name":"SEGNI","state_code":"62","country_code":"IT"},{"id":"55060","name":"SELCETTA","state_code":"62","country_code":"IT"},{"id":"55061","name":"SELCI","state_code":"62","country_code":"IT"},{"id":"55062","name":"SERMONETA","state_code":"62","country_code":"IT"},{"id":"55063","name":"SERRONE","state_code":"62","country_code":"IT"},{"id":"55064","name":"SETTEFRATI","state_code":"62","country_code":"IT"},{"id":"55065","name":"SETTEVILLE","state_code":"62","country_code":"IT"},{"id":"55066","name":"SEZZE","state_code":"62","country_code":"IT"},{"id":"55067","name":"SEZZE SCALO","state_code":"62","country_code":"IT"},{"id":"55068","name":"SGURGOLA","state_code":"62","country_code":"IT"},{"id":"55069","name":"SONNINO","state_code":"62","country_code":"IT"},{"id":"55070","name":"SORA","state_code":"62","country_code":"IT"},{"id":"55071","name":"SORIANO NEL CIMINO","state_code":"62","country_code":"IT"},{"id":"55072","name":"SPERLONGA","state_code":"62","country_code":"IT"},{"id":"55073","name":"SPIGNO SATURNIA INFERIORE","state_code":"62","country_code":"IT"},{"id":"55074","name":"SPIGNO SATURNIA SUPERIORE","state_code":"62","country_code":"IT"},{"id":"55075","name":"STIMIGLIANO","state_code":"62","country_code":"IT"},{"id":"55076","name":"STRANGOLAGALLI","state_code":"62","country_code":"IT"},{"id":"55077","name":"SUBIACO","state_code":"62","country_code":"IT"},{"id":"55078","name":"SUPINO","state_code":"62","country_code":"IT"},{"id":"55079","name":"SUTRI","state_code":"62","country_code":"IT"},{"id":"55080","name":"TARANO","state_code":"62","country_code":"IT"},{"id":"55081","name":"TARQUINIA","state_code":"62","country_code":"IT"},{"id":"55082","name":"TECCHIENA","state_code":"62","country_code":"IT"},{"id":"55083","name":"TERELLE","state_code":"62","country_code":"IT"},{"id":"55084","name":"TERRACINA","state_code":"62","country_code":"IT"},{"id":"55085","name":"TESSENNANO","state_code":"62","country_code":"IT"},{"id":"55086","name":"TIVOLI","state_code":"62","country_code":"IT"},{"id":"55087","name":"TOFFIA","state_code":"62","country_code":"IT"},{"id":"55088","name":"TOLFA","state_code":"62","country_code":"IT"},{"id":"55089","name":"TOR LUPARA","state_code":"62","country_code":"IT"},{"id":"55090","name":"TORRE CAIETANI","state_code":"62","country_code":"IT"},{"id":"55091","name":"TORRI IN SABINA","state_code":"62","country_code":"IT"},{"id":"55092","name":"TORRICE","state_code":"62","country_code":"IT"},{"id":"55093","name":"TORRICELLA IN SABINA","state_code":"62","country_code":"IT"},{"id":"55094","name":"TORRITA TIBERINA","state_code":"62","country_code":"IT"},{"id":"55095","name":"TORVAIANICA","state_code":"62","country_code":"IT"},{"id":"55096","name":"TORVAIANICA ALTA","state_code":"62","country_code":"IT"},{"id":"55097","name":"TRAGLIATELLA CAMPITELLO","state_code":"62","country_code":"IT"},{"id":"55098","name":"TREVI NEL LAZIO","state_code":"62","country_code":"IT"},{"id":"55099","name":"TREVIGNANO ROMANO","state_code":"62","country_code":"IT"},{"id":"55100","name":"TRIVIGLIANO","state_code":"62","country_code":"IT"},{"id":"55101","name":"TURANIA","state_code":"62","country_code":"IT"},{"id":"55102","name":"TUSCANIA","state_code":"62","country_code":"IT"},{"id":"55103","name":"VACONE","state_code":"62","country_code":"IT"},{"id":"55104","name":"VALCANNETO","state_code":"62","country_code":"IT"},{"id":"55105","name":"VALENTANO","state_code":"62","country_code":"IT"},{"id":"55106","name":"VALLE MARTELLA","state_code":"62","country_code":"IT"},{"id":"55107","name":"VALLE SANTA","state_code":"62","country_code":"IT"},{"id":"55108","name":"VALLECORSA","state_code":"62","country_code":"IT"},{"id":"55109","name":"VALLEMAIO","state_code":"62","country_code":"IT"},{"id":"55110","name":"VALLEPIETRA","state_code":"62","country_code":"IT"},{"id":"55111","name":"VALLERANO","state_code":"62","country_code":"IT"},{"id":"55112","name":"VALLEROTONDA","state_code":"62","country_code":"IT"},{"id":"55113","name":"VALLINFREDA","state_code":"62","country_code":"IT"},{"id":"55114","name":"VALMONTONE","state_code":"62","country_code":"IT"},{"id":"55115","name":"VARCO SABINO","state_code":"62","country_code":"IT"},{"id":"55116","name":"VASANELLO","state_code":"62","country_code":"IT"},{"id":"55117","name":"VEJANO","state_code":"62","country_code":"IT"},{"id":"55118","name":"VELLETRI","state_code":"62","country_code":"IT"},{"id":"55119","name":"VENTOTENE","state_code":"62","country_code":"IT"},{"id":"55120","name":"VEROLI","state_code":"62","country_code":"IT"},{"id":"55121","name":"VETRALLA","state_code":"62","country_code":"IT"},{"id":"55122","name":"VICALVI","state_code":"62","country_code":"IT"},{"id":"55123","name":"VICO NEL LAZIO","state_code":"62","country_code":"IT"},{"id":"55124","name":"VICOVARO","state_code":"62","country_code":"IT"},{"id":"55125","name":"VIGNANELLO","state_code":"62","country_code":"IT"},{"id":"55126","name":"VILLA ADRIANA","state_code":"62","country_code":"IT"},{"id":"55127","name":"VILLA LATINA","state_code":"62","country_code":"IT"},{"id":"55128","name":"VILLA SAN GIOVANNI IN TUSCIA","state_code":"62","country_code":"IT"},{"id":"55129","name":"VILLA SANTA LUCIA","state_code":"62","country_code":"IT"},{"id":"55130","name":"VILLA SANTO STEFANO","state_code":"62","country_code":"IT"},{"id":"55131","name":"VILLALBA","state_code":"62","country_code":"IT"},{"id":"55132","name":"VILLANOVA","state_code":"62","country_code":"IT"},{"id":"55133","name":"VITERBO","state_code":"62","country_code":"IT"},{"id":"55134","name":"VITICUSO","state_code":"62","country_code":"IT"},{"id":"55135","name":"VITINIA","state_code":"62","country_code":"IT"},{"id":"55136","name":"VITORCHIANO","state_code":"62","country_code":"IT"},{"id":"55137","name":"VIVARO ROMANO","state_code":"62","country_code":"IT"},{"id":"55138","name":"ZAGAROLO","state_code":"62","country_code":"IT"},{"id":"55139","name":"ZEPPONAMI","state_code":"62","country_code":"IT"}]