[{"id":104063,"name":"Beltinci","state_id":4301,"state_code":"002","state_name":"Beltinci Municipality","country_id":201,"country_code":"SI","country_name":"Slovenia"},{"id":104104,"name":"GanÄani","state_id":4301,"state_code":"002","state_name":"Beltinci Municipality","country_id":201,"country_code":"SI","country_name":"Slovenia"},{"id":104166,"name":"Lipovci","state_id":4301,"state_code":"002","state_name":"Beltinci Municipality","country_id":201,"country_code":"SI","country_name":"Slovenia"},{"id":104331,"name":"Zgornje Gorje","state_id":4301,"state_code":"002","state_name":"Beltinci Municipality","country_id":201,"country_code":"SI","country_name":"Slovenia"}]