[{"id":104079,"name":"Celje","state_id":4191,"state_code":"011","state_name":"City Municipality of Celje","country_id":201,"country_code":"SI","country_name":"Slovenia"},{"id":104168,"name":"LjubeÄna","state_id":4191,"state_code":"011","state_name":"City Municipality of Celje","country_id":201,"country_code":"SI","country_name":"Slovenia"},{"id":104299,"name":"Trnovlje pri Celju","state_id":4191,"state_code":"011","state_name":"City Municipality of Celje","country_id":201,"country_code":"SI","country_name":"Slovenia"}]