[{"id":"51736","name":"ABBATEGGIO","state_code":"65","country_code":"IT"},{"id":"51737","name":"ACCIANO","state_code":"65","country_code":"IT"},{"id":"51738","name":"AIELLI","state_code":"65","country_code":"IT"},{"id":"51739","name":"ALANNO","state_code":"65","country_code":"IT"},{"id":"51740","name":"ALBA ADRIATICA","state_code":"65","country_code":"IT"},{"id":"51741","name":"ALFEDENA","state_code":"65","country_code":"IT"},{"id":"51742","name":"ALTINO","state_code":"65","country_code":"IT"},{"id":"51743","name":"ANCARANO","state_code":"65","country_code":"IT"},{"id":"51744","name":"ANVERSA DEGLI ABRUZZI","state_code":"65","country_code":"IT"},{"id":"51745","name":"ARCHI","state_code":"65","country_code":"IT"},{"id":"51746","name":"ARI","state_code":"65","country_code":"IT"},{"id":"51747","name":"ARIELLI","state_code":"65","country_code":"IT"},{"id":"51748","name":"ARSITA","state_code":"65","country_code":"IT"},{"id":"51749","name":"ATELETA","state_code":"65","country_code":"IT"},{"id":"51750","name":"ATESSA","state_code":"65","country_code":"IT"},{"id":"51751","name":"ATRI","state_code":"65","country_code":"IT"},{"id":"51752","name":"AVEZZANO","state_code":"65","country_code":"IT"},{"id":"51753","name":"BALSORANO","state_code":"65","country_code":"IT"},{"id":"51754","name":"BALSORANO NUOVO","state_code":"65","country_code":"IT"},{"id":"51755","name":"BARBERI","state_code":"65","country_code":"IT"},{"id":"51756","name":"BARETE","state_code":"65","country_code":"IT"},{"id":"51757","name":"BARISCIANO","state_code":"65","country_code":"IT"},{"id":"51758","name":"BARREA","state_code":"65","country_code":"IT"},{"id":"51759","name":"BASCIANO","state_code":"65","country_code":"IT"},{"id":"51760","name":"BELLANTE","state_code":"65","country_code":"IT"},{"id":"51761","name":"BELLANTE STAZIONE","state_code":"65","country_code":"IT"},{"id":"51762","name":"BISEGNA","state_code":"65","country_code":"IT"},{"id":"51763","name":"BISENTI","state_code":"65","country_code":"IT"},{"id":"51764","name":"BOLOGNANO","state_code":"65","country_code":"IT"},{"id":"51765","name":"BOMBA","state_code":"65","country_code":"IT"},{"id":"51766","name":"BORGO SANTA MARIA IMMACOLATA","state_code":"65","country_code":"IT"},{"id":"51767","name":"BORRELLO","state_code":"65","country_code":"IT"},{"id":"51768","name":"BRITTOLI","state_code":"65","country_code":"IT"},{"id":"51769","name":"BUCCHIANICO","state_code":"65","country_code":"IT"},{"id":"51770","name":"BUGNARA","state_code":"65","country_code":"IT"},{"id":"51771","name":"BUSSI SUL TIRINO","state_code":"65","country_code":"IT"},{"id":"51772","name":"CAGNANO AMITERNO","state_code":"65","country_code":"IT"},{"id":"51773","name":"CALASCIO","state_code":"65","country_code":"IT"},{"id":"51774","name":"CAMPLI","state_code":"65","country_code":"IT"},{"id":"51775","name":"CAMPO DI GIOVE","state_code":"65","country_code":"IT"},{"id":"51776","name":"CAMPOTOSTO","state_code":"65","country_code":"IT"},{"id":"51777","name":"CANISTRO INFERIORE","state_code":"65","country_code":"IT"},{"id":"51778","name":"CANOSA SANNITA","state_code":"65","country_code":"IT"},{"id":"51779","name":"CANSANO","state_code":"65","country_code":"IT"},{"id":"51780","name":"CANZANO","state_code":"65","country_code":"IT"},{"id":"51781","name":"CAPESTRANO","state_code":"65","country_code":"IT"},{"id":"51782","name":"CAPISTRELLO","state_code":"65","country_code":"IT"},{"id":"51783","name":"CAPITIGNANO","state_code":"65","country_code":"IT"},{"id":"51784","name":"CAPORCIANO","state_code":"65","country_code":"IT"},{"id":"51785","name":"CAPPADOCIA","state_code":"65","country_code":"IT"},{"id":"51786","name":"CAPPELLE SUL TAVO","state_code":"65","country_code":"IT"},{"id":"51787","name":"CARAMANICO TERME","state_code":"65","country_code":"IT"},{"id":"51788","name":"CARAPELLE CALVISIO","state_code":"65","country_code":"IT"},{"id":"51789","name":"CARPINETO DELLA NORA","state_code":"65","country_code":"IT"},{"id":"51790","name":"CARPINETO SINELLO","state_code":"65","country_code":"IT"},{"id":"51791","name":"CARSOLI","state_code":"65","country_code":"IT"},{"id":"51792","name":"CARUNCHIO","state_code":"65","country_code":"IT"},{"id":"51793","name":"CASACANDITELLA","state_code":"65","country_code":"IT"},{"id":"51794","name":"CASALANGUIDA","state_code":"65","country_code":"IT"},{"id":"51795","name":"CASALBORDINO-MIRACOLI","state_code":"65","country_code":"IT"},{"id":"51796","name":"CASALINCONTRADA","state_code":"65","country_code":"IT"},{"id":"51797","name":"CASOLI","state_code":"65","country_code":"IT"},{"id":"51798","name":"CASTEL CASTAGNA","state_code":"65","country_code":"IT"},{"id":"51799","name":"CASTEL DEL MONTE","state_code":"65","country_code":"IT"},{"id":"51800","name":"CASTEL DI IERI","state_code":"65","country_code":"IT"},{"id":"51801","name":"CASTEL DI SANGRO","state_code":"65","country_code":"IT"},{"id":"51802","name":"CASTEL FRENTANO","state_code":"65","country_code":"IT"},{"id":"51803","name":"CASTELGUIDONE","state_code":"65","country_code":"IT"},{"id":"51804","name":"CASTELLAFIUME","state_code":"65","country_code":"IT"},{"id":"51805","name":"CASTELLALTO","state_code":"65","country_code":"IT"},{"id":"51806","name":"CASTELLI","state_code":"65","country_code":"IT"},{"id":"51807","name":"CASTELNUOVO VOMANO","state_code":"65","country_code":"IT"},{"id":"51808","name":"CASTELVECCHIO CALVISIO","state_code":"65","country_code":"IT"},{"id":"51809","name":"CASTELVECCHIO SUBEQUO","state_code":"65","country_code":"IT"},{"id":"51810","name":"CASTIGLIONE A CASAURIA","state_code":"65","country_code":"IT"},{"id":"51811","name":"CASTIGLIONE MESSER MARINO","state_code":"65","country_code":"IT"},{"id":"51812","name":"CASTIGLIONE MESSER RAIMONDO","state_code":"65","country_code":"IT"},{"id":"51813","name":"CASTILENTI","state_code":"65","country_code":"IT"},{"id":"51814","name":"CATIGNANO","state_code":"65","country_code":"IT"},{"id":"51815","name":"CELANO","state_code":"65","country_code":"IT"},{"id":"51816","name":"CELENZA SUL TRIGNO","state_code":"65","country_code":"IT"},{"id":"51817","name":"CELLINO ATTANASIO","state_code":"65","country_code":"IT"},{"id":"51818","name":"CEPAGATTI","state_code":"65","country_code":"IT"},{"id":"51819","name":"CERCHIO","state_code":"65","country_code":"IT"},{"id":"51820","name":"CERMIGNANO","state_code":"65","country_code":"IT"},{"id":"51821","name":"CERRATINA","state_code":"65","country_code":"IT"},{"id":"51822","name":"CHIETI","state_code":"65","country_code":"IT"},{"id":"51823","name":"CITTÀ SANT'ANGELO","state_code":"65","country_code":"IT"},{"id":"51824","name":"CIVITA D'ANTINO","state_code":"65","country_code":"IT"},{"id":"51825","name":"CIVITALUPARELLA","state_code":"65","country_code":"IT"},{"id":"51826","name":"CIVITAQUANA","state_code":"65","country_code":"IT"},{"id":"51827","name":"CIVITELLA ALFEDENA","state_code":"65","country_code":"IT"},{"id":"51828","name":"CIVITELLA CASANOVA","state_code":"65","country_code":"IT"},{"id":"51829","name":"CIVITELLA DEL TRONTO","state_code":"65","country_code":"IT"},{"id":"51830","name":"CIVITELLA MESSER RAIMONDO","state_code":"65","country_code":"IT"},{"id":"51831","name":"CIVITELLA ROVETO","state_code":"65","country_code":"IT"},{"id":"51832","name":"COCULLO","state_code":"65","country_code":"IT"},{"id":"51833","name":"COLLARMELE","state_code":"65","country_code":"IT"},{"id":"51834","name":"COLLECORVINO","state_code":"65","country_code":"IT"},{"id":"51835","name":"COLLEDARA","state_code":"65","country_code":"IT"},{"id":"51836","name":"COLLEDIMACINE","state_code":"65","country_code":"IT"},{"id":"51837","name":"COLLEDIMEZZO","state_code":"65","country_code":"IT"},{"id":"51838","name":"COLLELONGO","state_code":"65","country_code":"IT"},{"id":"51839","name":"COLLEPIETRO","state_code":"65","country_code":"IT"},{"id":"51840","name":"COLLERANESCO","state_code":"65","country_code":"IT"},{"id":"51841","name":"COLOGNA SPIAGGIA","state_code":"65","country_code":"IT"},{"id":"51842","name":"COLONNELLA","state_code":"65","country_code":"IT"},{"id":"51843","name":"COMINIO","state_code":"65","country_code":"IT"},{"id":"51844","name":"CONTROGUERRA","state_code":"65","country_code":"IT"},{"id":"51845","name":"COPPITO","state_code":"65","country_code":"IT"},{"id":"51846","name":"CORFINIO","state_code":"65","country_code":"IT"},{"id":"51847","name":"CORROPOLI","state_code":"65","country_code":"IT"},{"id":"51848","name":"CORTINO","state_code":"65","country_code":"IT"},{"id":"51849","name":"CORVARA","state_code":"65","country_code":"IT"},{"id":"51850","name":"CRECCHIO","state_code":"65","country_code":"IT"},{"id":"51851","name":"CROGNALETO","state_code":"65","country_code":"IT"},{"id":"51852","name":"CUGNOLI","state_code":"65","country_code":"IT"},{"id":"51853","name":"CUPELLO","state_code":"65","country_code":"IT"},{"id":"51854","name":"DOGLIOLA","state_code":"65","country_code":"IT"},{"id":"51855","name":"ELICE","state_code":"65","country_code":"IT"},{"id":"51856","name":"FALLO","state_code":"65","country_code":"IT"},{"id":"51857","name":"FANO ADRIANO","state_code":"65","country_code":"IT"},{"id":"51858","name":"FARA FILIORUM PETRI","state_code":"65","country_code":"IT"},{"id":"51859","name":"FARA SAN MARTINO","state_code":"65","country_code":"IT"},{"id":"51860","name":"FARINDOLA","state_code":"65","country_code":"IT"},{"id":"51861","name":"FILETTO","state_code":"65","country_code":"IT"},{"id":"51862","name":"FONTE UMANO-SAN MARTINO ALTA","state_code":"65","country_code":"IT"},{"id":"51863","name":"FONTECCHIO","state_code":"65","country_code":"IT"},{"id":"51864","name":"FOSSA","state_code":"65","country_code":"IT"},{"id":"51865","name":"FOSSACESIA","state_code":"65","country_code":"IT"},{"id":"51866","name":"FRAINE","state_code":"65","country_code":"IT"},{"id":"51867","name":"FRANCAVILLA AL MARE","state_code":"65","country_code":"IT"},{"id":"51868","name":"FRESAGRANDINARIA","state_code":"65","country_code":"IT"},{"id":"51869","name":"FRISA","state_code":"65","country_code":"IT"},{"id":"51870","name":"FURCI","state_code":"65","country_code":"IT"},{"id":"51871","name":"GAGLIANO ATERNO","state_code":"65","country_code":"IT"},{"id":"51872","name":"GAMBERALE","state_code":"65","country_code":"IT"},{"id":"51873","name":"GESSOPALENA","state_code":"65","country_code":"IT"},{"id":"51874","name":"GIOIA DEI MARSI","state_code":"65","country_code":"IT"},{"id":"51875","name":"GISSI","state_code":"65","country_code":"IT"},{"id":"51876","name":"GIULIANO TEATINO","state_code":"65","country_code":"IT"},{"id":"51877","name":"GIULIANOVA","state_code":"65","country_code":"IT"},{"id":"51878","name":"GORIANO SICOLI","state_code":"65","country_code":"IT"},{"id":"51879","name":"GUARDIAGRELE","state_code":"65","country_code":"IT"},{"id":"51880","name":"GUILMI","state_code":"65","country_code":"IT"},{"id":"51881","name":"IMPOSTE","state_code":"65","country_code":"IT"},{"id":"51882","name":"INTRODACQUA","state_code":"65","country_code":"IT"},{"id":"51883","name":"ISOLA DEL GRAN SASSO D'ITALIA","state_code":"65","country_code":"IT"},{"id":"51884","name":"L'AQUILA","state_code":"65","country_code":"IT"},{"id":"51885","name":"LAMA DEI PELIGNI","state_code":"65","country_code":"IT"},{"id":"51886","name":"LANCIANO","state_code":"65","country_code":"IT"},{"id":"51887","name":"LECCE NEI MARSI","state_code":"65","country_code":"IT"},{"id":"51888","name":"LENTELLA","state_code":"65","country_code":"IT"},{"id":"51889","name":"LETTOMANOPPELLO","state_code":"65","country_code":"IT"},{"id":"51890","name":"LETTOPALENA","state_code":"65","country_code":"IT"},{"id":"51891","name":"LISCIA","state_code":"65","country_code":"IT"},{"id":"51892","name":"LORETO APRUTINO","state_code":"65","country_code":"IT"},{"id":"51893","name":"LUCO DEI MARSI","state_code":"65","country_code":"IT"},{"id":"51894","name":"LUCOLI","state_code":"65","country_code":"IT"},{"id":"51895","name":"MAGLIANO DE'MARSI","state_code":"65","country_code":"IT"},{"id":"51896","name":"MANOPPELLO","state_code":"65","country_code":"IT"},{"id":"51897","name":"MANOPPELLO SCALO","state_code":"65","country_code":"IT"},{"id":"51898","name":"MARINA DI SAN VITO","state_code":"65","country_code":"IT"},{"id":"51899","name":"MARINA DI VASTO","state_code":"65","country_code":"IT"},{"id":"51900","name":"MARTINSICURO","state_code":"65","country_code":"IT"},{"id":"51901","name":"MASSA D'ALBE-CORONA","state_code":"65","country_code":"IT"},{"id":"51902","name":"MIGLIANICO","state_code":"65","country_code":"IT"},{"id":"51903","name":"MOLINA ATERNO","state_code":"65","country_code":"IT"},{"id":"51904","name":"MONTAZZOLI","state_code":"65","country_code":"IT"},{"id":"51905","name":"MONTEBELLO DI BERTONA","state_code":"65","country_code":"IT"},{"id":"51906","name":"MONTEBELLO SUL SANGRO","state_code":"65","country_code":"IT"},{"id":"51907","name":"MONTEFERRANTE","state_code":"65","country_code":"IT"},{"id":"51908","name":"MONTEFINO","state_code":"65","country_code":"IT"},{"id":"51909","name":"MONTELAPIANO","state_code":"65","country_code":"IT"},{"id":"51910","name":"MONTENERODOMO","state_code":"65","country_code":"IT"},{"id":"51911","name":"MONTEODORISIO","state_code":"65","country_code":"IT"},{"id":"51912","name":"MONTEREALE","state_code":"65","country_code":"IT"},{"id":"51913","name":"MONTESILVANO MARINA","state_code":"65","country_code":"IT"},{"id":"51914","name":"MONTICCHIO","state_code":"65","country_code":"IT"},{"id":"51915","name":"MONTORIO AL VOMANO","state_code":"65","country_code":"IT"},{"id":"51916","name":"MORINO","state_code":"65","country_code":"IT"},{"id":"51917","name":"MORRO D'ORO","state_code":"65","country_code":"IT"},{"id":"51918","name":"MOSCIANO SANT'ANGELO","state_code":"65","country_code":"IT"},{"id":"51919","name":"MOSCUFO","state_code":"65","country_code":"IT"},{"id":"51920","name":"MOZZAGROGNA","state_code":"65","country_code":"IT"},{"id":"51921","name":"NAVELLI","state_code":"65","country_code":"IT"},{"id":"51922","name":"NEPEZZANO","state_code":"65","country_code":"IT"},{"id":"51923","name":"NERETO","state_code":"65","country_code":"IT"},{"id":"51924","name":"NERITO","state_code":"65","country_code":"IT"},{"id":"51925","name":"NOCCIANO","state_code":"65","country_code":"IT"},{"id":"51926","name":"NOTARESCO","state_code":"65","country_code":"IT"},{"id":"51927","name":"NUCLEO INDUSTRIALE DI BAZZANO","state_code":"65","country_code":"IT"},{"id":"51928","name":"OFENA","state_code":"65","country_code":"IT"},{"id":"51929","name":"OPI","state_code":"65","country_code":"IT"},{"id":"51930","name":"ORICOLA","state_code":"65","country_code":"IT"},{"id":"51931","name":"ORSOGNA","state_code":"65","country_code":"IT"},{"id":"51932","name":"ORTONA","state_code":"65","country_code":"IT"},{"id":"51933","name":"ORTONA DEI MARSI","state_code":"65","country_code":"IT"},{"id":"51934","name":"ORTUCCHIO","state_code":"65","country_code":"IT"},{"id":"51935","name":"OVINDOLI","state_code":"65","country_code":"IT"},{"id":"51936","name":"PACENTRO","state_code":"65","country_code":"IT"},{"id":"51937","name":"PAGANICA-TEMPERA","state_code":"65","country_code":"IT"},{"id":"51938","name":"PAGLIARE","state_code":"65","country_code":"IT"},{"id":"51939","name":"PAGLIETA","state_code":"65","country_code":"IT"},{"id":"51940","name":"PALENA","state_code":"65","country_code":"IT"},{"id":"51941","name":"PALMOLI","state_code":"65","country_code":"IT"},{"id":"51942","name":"PALOMBARO","state_code":"65","country_code":"IT"},{"id":"51943","name":"PENNA SANT'ANDREA","state_code":"65","country_code":"IT"},{"id":"51944","name":"PENNADOMO","state_code":"65","country_code":"IT"},{"id":"51945","name":"PENNAPIEDIMONTE","state_code":"65","country_code":"IT"},{"id":"51946","name":"PENNE","state_code":"65","country_code":"IT"},{"id":"51947","name":"PERANO","state_code":"65","country_code":"IT"},{"id":"51948","name":"PERETO","state_code":"65","country_code":"IT"},{"id":"51949","name":"PESCARA","state_code":"65","country_code":"IT"},{"id":"51950","name":"PESCASSEROLI","state_code":"65","country_code":"IT"},{"id":"51951","name":"PESCINA","state_code":"65","country_code":"IT"},{"id":"51952","name":"PESCOCOSTANZO","state_code":"65","country_code":"IT"},{"id":"51953","name":"PESCOSANSONESCO NUOVO","state_code":"65","country_code":"IT"},{"id":"51954","name":"PETTORANO SUL GIZIO","state_code":"65","country_code":"IT"},{"id":"51955","name":"PIANELLA","state_code":"65","country_code":"IT"},{"id":"51956","name":"PIANOLA","state_code":"65","country_code":"IT"},{"id":"51957","name":"PIANURA VOMANO","state_code":"65","country_code":"IT"},{"id":"51958","name":"PICCIANO","state_code":"65","country_code":"IT"},{"id":"51959","name":"PIETRACAMELA","state_code":"65","country_code":"IT"},{"id":"51960","name":"PIETRAFERRAZZANA","state_code":"65","country_code":"IT"},{"id":"51961","name":"PIETRANICO","state_code":"65","country_code":"IT"},{"id":"51962","name":"PINETO","state_code":"65","country_code":"IT"},{"id":"51963","name":"PIZZOFERRATO","state_code":"65","country_code":"IT"},{"id":"51964","name":"PIZZOLI","state_code":"65","country_code":"IT"},{"id":"51965","name":"POGGIO PICENZE","state_code":"65","country_code":"IT"},{"id":"51966","name":"POGGIOFIORITO","state_code":"65","country_code":"IT"},{"id":"51967","name":"POLLUTRI","state_code":"65","country_code":"IT"},{"id":"51968","name":"POPOLI","state_code":"65","country_code":"IT"},{"id":"51969","name":"PRATA D'ANSIDONIA","state_code":"65","country_code":"IT"},{"id":"51970","name":"PRATOLA PELIGNA","state_code":"65","country_code":"IT"},{"id":"51971","name":"PRETORO","state_code":"65","country_code":"IT"},{"id":"51972","name":"PRETURO","state_code":"65","country_code":"IT"},{"id":"51973","name":"PREZZA","state_code":"65","country_code":"IT"},{"id":"51974","name":"PROGETTO CASE BAZZANO","state_code":"65","country_code":"IT"},{"id":"51975","name":"PROGETTO CASE COPPITO 3","state_code":"65","country_code":"IT"},{"id":"51976","name":"PROGETTO CASE SASSA NSI","state_code":"65","country_code":"IT"},{"id":"51977","name":"PROVINCIA DELL' AQUILA","state_code":"65","country_code":"IT"},{"id":"51978","name":"PROVINCIA DI CHIETI","state_code":"65","country_code":"IT"},{"id":"51979","name":"PROVINCIA DI PESCARA","state_code":"65","country_code":"IT"},{"id":"51980","name":"PROVINCIA DI TERAMO","state_code":"65","country_code":"IT"},{"id":"51981","name":"QUADRI","state_code":"65","country_code":"IT"},{"id":"51982","name":"RAIANO","state_code":"65","country_code":"IT"},{"id":"51983","name":"RAPINO","state_code":"65","country_code":"IT"},{"id":"51984","name":"RIPA TEATINA","state_code":"65","country_code":"IT"},{"id":"51985","name":"RIVISONDOLI","state_code":"65","country_code":"IT"},{"id":"51986","name":"ROCCA DI BOTTE","state_code":"65","country_code":"IT"},{"id":"51987","name":"ROCCA DI CAMBIO","state_code":"65","country_code":"IT"},{"id":"51988","name":"ROCCA DI MEZZO","state_code":"65","country_code":"IT"},{"id":"51989","name":"ROCCA PIA","state_code":"65","country_code":"IT"},{"id":"51990","name":"ROCCA SAN GIOVANNI","state_code":"65","country_code":"IT"},{"id":"51991","name":"ROCCACASALE","state_code":"65","country_code":"IT"},{"id":"51992","name":"ROCCAMORICE","state_code":"65","country_code":"IT"},{"id":"51993","name":"ROCCARASO","state_code":"65","country_code":"IT"},{"id":"51994","name":"ROCCASCALEGNA","state_code":"65","country_code":"IT"},{"id":"51995","name":"ROCCASPINALVETI-SANTA GIUSTA","state_code":"65","country_code":"IT"},{"id":"51996","name":"ROCCAVIVI","state_code":"65","country_code":"IT"},{"id":"51997","name":"ROIO DEL SANGRO","state_code":"65","country_code":"IT"},{"id":"51998","name":"ROSCIANO","state_code":"65","country_code":"IT"},{"id":"51999","name":"ROSELLO","state_code":"65","country_code":"IT"},{"id":"52000","name":"ROSETO DEGLI ABRUZZI","state_code":"65","country_code":"IT"},{"id":"52001","name":"SALINO","state_code":"65","country_code":"IT"},{"id":"52002","name":"SALLE","state_code":"65","country_code":"IT"},{"id":"52003","name":"SALVO MARINA","state_code":"65","country_code":"IT"},{"id":"52004","name":"SAMBUCETO","state_code":"65","country_code":"IT"},{"id":"52005","name":"SAN BENEDETTO DEI MARSI","state_code":"65","country_code":"IT"},{"id":"52006","name":"SAN BENEDETTO IN PERILLIS","state_code":"65","country_code":"IT"},{"id":"52007","name":"SAN BUONO","state_code":"65","country_code":"IT"},{"id":"52008","name":"SAN DEMETRIO NE' VESTINI","state_code":"65","country_code":"IT"},{"id":"52009","name":"SAN GIOVANNI LIPIONI","state_code":"65","country_code":"IT"},{"id":"52010","name":"SAN MARTINO BASSA","state_code":"65","country_code":"IT"},{"id":"52011","name":"SAN MARTINO SULLA MARRUCINA","state_code":"65","country_code":"IT"},{"id":"52012","name":"SAN NICOLÒ A TORDINO","state_code":"65","country_code":"IT"},{"id":"52013","name":"SAN PANFILO D'OCRE","state_code":"65","country_code":"IT"},{"id":"52014","name":"SAN PIO DELLE CAMERE","state_code":"65","country_code":"IT"},{"id":"52015","name":"SAN ROCCO","state_code":"65","country_code":"IT"},{"id":"52016","name":"SAN SALVO","state_code":"65","country_code":"IT"},{"id":"52017","name":"SAN VALENTINO IN ABRUZZO CITERIORE","state_code":"65","country_code":"IT"},{"id":"52018","name":"SAN VINCENZO VALLE ROVETO","state_code":"65","country_code":"IT"},{"id":"52019","name":"SAN VITO CHIETINO","state_code":"65","country_code":"IT"},{"id":"52020","name":"SANT'EGIDIO ALLA VIBRATA","state_code":"65","country_code":"IT"},{"id":"52021","name":"SANT'EUFEMIA A MAIELLA","state_code":"65","country_code":"IT"},{"id":"52022","name":"SANT'EUSANIO DEL SANGRO","state_code":"65","country_code":"IT"},{"id":"52023","name":"SANT'EUSANIO FORCONESE","state_code":"65","country_code":"IT"},{"id":"52024","name":"SANT'OMERO","state_code":"65","country_code":"IT"},{"id":"52025","name":"SANTA MARIA IMBARO","state_code":"65","country_code":"IT"},{"id":"52026","name":"SANTA TERESA","state_code":"65","country_code":"IT"},{"id":"52027","name":"SANTE MARIE","state_code":"65","country_code":"IT"},{"id":"52028","name":"SANTO STEFANO DI SESSANIO","state_code":"65","country_code":"IT"},{"id":"52029","name":"SASSA","state_code":"65","country_code":"IT"},{"id":"52030","name":"SCAFA","state_code":"65","country_code":"IT"},{"id":"52031","name":"SCANNO","state_code":"65","country_code":"IT"},{"id":"52032","name":"SCERNE","state_code":"65","country_code":"IT"},{"id":"52033","name":"SCERNI","state_code":"65","country_code":"IT"},{"id":"52034","name":"SCHIAVI DI ABRUZZO","state_code":"65","country_code":"IT"},{"id":"52035","name":"SCONTRONE","state_code":"65","country_code":"IT"},{"id":"52036","name":"SCOPPITO","state_code":"65","country_code":"IT"},{"id":"52037","name":"SCURCOLA MARSICANA","state_code":"65","country_code":"IT"},{"id":"52038","name":"SECINARO","state_code":"65","country_code":"IT"},{"id":"52039","name":"SELVA","state_code":"65","country_code":"IT"},{"id":"52040","name":"SERRAMONACESCA","state_code":"65","country_code":"IT"},{"id":"52041","name":"SILVI","state_code":"65","country_code":"IT"},{"id":"52042","name":"SPOLTORE","state_code":"65","country_code":"IT"},{"id":"52043","name":"SULMONA","state_code":"65","country_code":"IT"},{"id":"52044","name":"TAGLIACOZZO","state_code":"65","country_code":"IT"},{"id":"52045","name":"TARANTA PELIGNA","state_code":"65","country_code":"IT"},{"id":"52046","name":"TERAMO","state_code":"65","country_code":"IT"},{"id":"52047","name":"TIONE DEGLI ABRUZZI","state_code":"65","country_code":"IT"},{"id":"52048","name":"TOCCO DA CASAURIA","state_code":"65","country_code":"IT"},{"id":"52049","name":"TOLLO","state_code":"65","country_code":"IT"},{"id":"52050","name":"TORANO NUOVO","state_code":"65","country_code":"IT"},{"id":"52051","name":"TORINO DI SANGRO","state_code":"65","country_code":"IT"},{"id":"52052","name":"TORNARECCIO","state_code":"65","country_code":"IT"},{"id":"52053","name":"TORNIMPARTE","state_code":"65","country_code":"IT"},{"id":"52054","name":"TORRE DE' PASSERI","state_code":"65","country_code":"IT"},{"id":"52055","name":"TORREBRUNA","state_code":"65","country_code":"IT"},{"id":"52056","name":"TORREVECCHIA","state_code":"65","country_code":"IT"},{"id":"52057","name":"TORRICELLA","state_code":"65","country_code":"IT"},{"id":"52058","name":"TORRICELLA PELIGNA","state_code":"65","country_code":"IT"},{"id":"52059","name":"TORTORETO","state_code":"65","country_code":"IT"},{"id":"52060","name":"TORTORETO LIDO","state_code":"65","country_code":"IT"},{"id":"52061","name":"TOSSICIA","state_code":"65","country_code":"IT"},{"id":"52062","name":"TRASACCO","state_code":"65","country_code":"IT"},{"id":"52063","name":"TREGLIO","state_code":"65","country_code":"IT"},{"id":"52064","name":"TUFILLO","state_code":"65","country_code":"IT"},{"id":"52065","name":"TURRIVALIGNANI","state_code":"65","country_code":"IT"},{"id":"52066","name":"VACRI","state_code":"65","country_code":"IT"},{"id":"52067","name":"VALLE CASTELLANA","state_code":"65","country_code":"IT"},{"id":"52068","name":"VALLECUPA","state_code":"65","country_code":"IT"},{"id":"52069","name":"VASTO","state_code":"65","country_code":"IT"},{"id":"52070","name":"VICOLI","state_code":"65","country_code":"IT"},{"id":"52071","name":"VILLA CALDARI","state_code":"65","country_code":"IT"},{"id":"52072","name":"VILLA CELIERA","state_code":"65","country_code":"IT"},{"id":"52073","name":"VILLA LEMPA","state_code":"65","country_code":"IT"},{"id":"52074","name":"VILLA RASPA","state_code":"65","country_code":"IT"},{"id":"52075","name":"VILLA ROSA","state_code":"65","country_code":"IT"},{"id":"52076","name":"VILLA SANT'ANGELO","state_code":"65","country_code":"IT"},{"id":"52077","name":"VILLA SANTA LUCIA DEGLI ABRUZZI","state_code":"65","country_code":"IT"},{"id":"52078","name":"VILLA SANTA MARIA","state_code":"65","country_code":"IT"},{"id":"52079","name":"VILLAGRANDE","state_code":"65","country_code":"IT"},{"id":"52080","name":"VILLALAGO","state_code":"65","country_code":"IT"},{"id":"52081","name":"VILLALFONSINA","state_code":"65","country_code":"IT"},{"id":"52082","name":"VILLAMAGNA","state_code":"65","country_code":"IT"},{"id":"52083","name":"VILLANOVA","state_code":"65","country_code":"IT"},{"id":"52084","name":"VILLAVALLELONGA","state_code":"65","country_code":"IT"},{"id":"52085","name":"VILLETTA BARREA","state_code":"65","country_code":"IT"},{"id":"52086","name":"VITTORITO","state_code":"65","country_code":"IT"}]