[{"id":"127992","name":"ACALANES RIDGE","state_code":"CA","country_code":"US"},{"id":"127993","name":"ACTON","state_code":"CA","country_code":"US"},{"id":"127994","name":"ADELANTO","state_code":"CA","country_code":"US"},{"id":"127995","name":"AGOURA","state_code":"CA","country_code":"US"},{"id":"127996","name":"AGOURA HILLS","state_code":"CA","country_code":"US"},{"id":"127997","name":"AGUA DULCE","state_code":"CA","country_code":"US"},{"id":"127998","name":"AGUANGA","state_code":"CA","country_code":"US"},{"id":"127999","name":"AHWAHNEE","state_code":"CA","country_code":"US"},{"id":"128000","name":"ALAMEDA","state_code":"CA","country_code":"US"},{"id":"128001","name":"ALAMEDA COUNTY","state_code":"CA","country_code":"US"},{"id":"128002","name":"ALAMO","state_code":"CA","country_code":"US"},{"id":"128003","name":"ALBANY","state_code":"CA","country_code":"US"},{"id":"128004","name":"ALHAMBRA","state_code":"CA","country_code":"US"},{"id":"128005","name":"ALISO VIEJO","state_code":"CA","country_code":"US"},{"id":"128006","name":"ALLENDALE","state_code":"CA","country_code":"US"},{"id":"128007","name":"ALONDRA PARK","state_code":"CA","country_code":"US"},{"id":"128008","name":"ALPAUGH","state_code":"CA","country_code":"US"},{"id":"128009","name":"ALPINE","state_code":"CA","country_code":"US"},{"id":"128010","name":"ALPINE COUNTY","state_code":"CA","country_code":"US"},{"id":"128011","name":"ALTA SIERRA","state_code":"CA","country_code":"US"},{"id":"128012","name":"ALTADENA","state_code":"CA","country_code":"US"},{"id":"128013","name":"ALTURAS","state_code":"CA","country_code":"US"},{"id":"128014","name":"ALUM ROCK","state_code":"CA","country_code":"US"},{"id":"128015","name":"AMADOR COUNTY","state_code":"CA","country_code":"US"},{"id":"128016","name":"AMERICAN CANYON","state_code":"CA","country_code":"US"},{"id":"128017","name":"AMESTI","state_code":"CA","country_code":"US"},{"id":"128018","name":"ANAHEIM","state_code":"CA","country_code":"US"},{"id":"128019","name":"ANDERSON","state_code":"CA","country_code":"US"},{"id":"128020","name":"ANGELS CAMP","state_code":"CA","country_code":"US"},{"id":"128021","name":"ANGWIN","state_code":"CA","country_code":"US"},{"id":"128022","name":"ANTELOPE","state_code":"CA","country_code":"US"},{"id":"128023","name":"ANTIOCH","state_code":"CA","country_code":"US"},{"id":"128024","name":"ANZA","state_code":"CA","country_code":"US"},{"id":"128025","name":"APPLE VALLEY","state_code":"CA","country_code":"US"},{"id":"128026","name":"APTOS","state_code":"CA","country_code":"US"},{"id":"128027","name":"APTOS HILLS-LARKIN VALLEY","state_code":"CA","country_code":"US"},{"id":"128028","name":"ARBUCKLE","state_code":"CA","country_code":"US"},{"id":"128029","name":"ARCADIA","state_code":"CA","country_code":"US"},{"id":"128030","name":"ARCATA","state_code":"CA","country_code":"US"},{"id":"128031","name":"ARDEN-ARCADE","state_code":"CA","country_code":"US"},{"id":"128032","name":"ARMONA","state_code":"CA","country_code":"US"},{"id":"128033","name":"ARNOLD","state_code":"CA","country_code":"US"},{"id":"128034","name":"AROMAS","state_code":"CA","country_code":"US"},{"id":"128035","name":"ARROYO GRANDE","state_code":"CA","country_code":"US"},{"id":"128036","name":"ARTESIA","state_code":"CA","country_code":"US"},{"id":"128037","name":"ARVIN","state_code":"CA","country_code":"US"},{"id":"128038","name":"ASHLAND","state_code":"CA","country_code":"US"},{"id":"128039","name":"ATASCADERO","state_code":"CA","country_code":"US"},{"id":"128040","name":"ATHERTON","state_code":"CA","country_code":"US"},{"id":"128041","name":"ATWATER","state_code":"CA","country_code":"US"},{"id":"128042","name":"AUBERRY","state_code":"CA","country_code":"US"},{"id":"128043","name":"AUBURN","state_code":"CA","country_code":"US"},{"id":"128044","name":"AUBURN LAKE TRAILS","state_code":"CA","country_code":"US"},{"id":"128045","name":"AUGUST","state_code":"CA","country_code":"US"},{"id":"128046","name":"AVALON","state_code":"CA","country_code":"US"},{"id":"128047","name":"AVENAL","state_code":"CA","country_code":"US"},{"id":"128048","name":"AVILA BEACH","state_code":"CA","country_code":"US"},{"id":"128049","name":"AVOCADO HEIGHTS","state_code":"CA","country_code":"US"},{"id":"128050","name":"AZUSA","state_code":"CA","country_code":"US"},{"id":"128051","name":"BAKERSFIELD","state_code":"CA","country_code":"US"},{"id":"128052","name":"BALDWIN PARK","state_code":"CA","country_code":"US"},{"id":"128053","name":"BANNING","state_code":"CA","country_code":"US"},{"id":"128054","name":"BARSTOW","state_code":"CA","country_code":"US"},{"id":"128055","name":"BARSTOW HEIGHTS","state_code":"CA","country_code":"US"},{"id":"128056","name":"BAY POINT","state_code":"CA","country_code":"US"},{"id":"128057","name":"BAYSIDE","state_code":"CA","country_code":"US"},{"id":"128058","name":"BAYVIEW","state_code":"CA","country_code":"US"},{"id":"128059","name":"BEALE AIR FORCE BASE","state_code":"CA","country_code":"US"},{"id":"128060","name":"BEAR VALLEY SPRINGS","state_code":"CA","country_code":"US"},{"id":"128061","name":"BEAUMONT","state_code":"CA","country_code":"US"},{"id":"128062","name":"BELL","state_code":"CA","country_code":"US"},{"id":"128063","name":"BELL GARDENS","state_code":"CA","country_code":"US"},{"id":"128064","name":"BELLA VISTA","state_code":"CA","country_code":"US"},{"id":"128065","name":"BELLFLOWER","state_code":"CA","country_code":"US"},{"id":"128066","name":"BELMONT","state_code":"CA","country_code":"US"},{"id":"128067","name":"BELVEDERE","state_code":"CA","country_code":"US"},{"id":"128068","name":"BEN LOMOND","state_code":"CA","country_code":"US"},{"id":"128069","name":"BENICIA","state_code":"CA","country_code":"US"},{"id":"128070","name":"BERKELEY","state_code":"CA","country_code":"US"},{"id":"128071","name":"BERMUDA DUNES","state_code":"CA","country_code":"US"},{"id":"128072","name":"BERRY CREEK","state_code":"CA","country_code":"US"},{"id":"128073","name":"BERTSCH-OCEANVIEW","state_code":"CA","country_code":"US"},{"id":"128074","name":"BETHEL ISLAND","state_code":"CA","country_code":"US"},{"id":"128075","name":"BEVERLY HILLS","state_code":"CA","country_code":"US"},{"id":"128076","name":"BIG BEAR CITY","state_code":"CA","country_code":"US"},{"id":"128077","name":"BIG BEAR LAKE","state_code":"CA","country_code":"US"},{"id":"128078","name":"BIG PINE","state_code":"CA","country_code":"US"},{"id":"128079","name":"BIG RIVER","state_code":"CA","country_code":"US"},{"id":"128080","name":"BIGGS","state_code":"CA","country_code":"US"},{"id":"128081","name":"BIOLA","state_code":"CA","country_code":"US"},{"id":"128082","name":"BISHOP","state_code":"CA","country_code":"US"},{"id":"128083","name":"BLACK POINT-GREEN POINT","state_code":"CA","country_code":"US"},{"id":"128084","name":"BLACKHAWK","state_code":"CA","country_code":"US"},{"id":"128085","name":"BLOOMINGTON","state_code":"CA","country_code":"US"},{"id":"128086","name":"BLUE LAKE","state_code":"CA","country_code":"US"},{"id":"128087","name":"BLYTHE","state_code":"CA","country_code":"US"},{"id":"128088","name":"BODEGA BAY","state_code":"CA","country_code":"US"},{"id":"128089","name":"BODFISH","state_code":"CA","country_code":"US"},{"id":"128090","name":"BOLINAS","state_code":"CA","country_code":"US"},{"id":"128091","name":"BONADELLE RANCHOS-MADERA RANCHOS","state_code":"CA","country_code":"US"},{"id":"128092","name":"BONITA","state_code":"CA","country_code":"US"},{"id":"128093","name":"BONNY DOON","state_code":"CA","country_code":"US"},{"id":"128094","name":"BONSALL","state_code":"CA","country_code":"US"},{"id":"128095","name":"BOONVILLE","state_code":"CA","country_code":"US"},{"id":"128096","name":"BORON","state_code":"CA","country_code":"US"},{"id":"128097","name":"BORONDA","state_code":"CA","country_code":"US"},{"id":"128098","name":"BORREGO SPRINGS","state_code":"CA","country_code":"US"},{"id":"128099","name":"BOSTONIA","state_code":"CA","country_code":"US"},{"id":"128100","name":"BOULDER CREEK","state_code":"CA","country_code":"US"},{"id":"128101","name":"BOYES HOT SPRINGS","state_code":"CA","country_code":"US"},{"id":"128102","name":"BOYLE HEIGHTS","state_code":"CA","country_code":"US"},{"id":"128103","name":"BRADBURY","state_code":"CA","country_code":"US"},{"id":"128104","name":"BRAWLEY","state_code":"CA","country_code":"US"},{"id":"128105","name":"BREA","state_code":"CA","country_code":"US"},{"id":"128106","name":"BRENTWOOD","state_code":"CA","country_code":"US"},{"id":"128107","name":"BRET HARTE","state_code":"CA","country_code":"US"},{"id":"128108","name":"BRIDGEPORT","state_code":"CA","country_code":"US"},{"id":"128109","name":"BRISBANE","state_code":"CA","country_code":"US"},{"id":"128110","name":"BROADMOOR","state_code":"CA","country_code":"US"},{"id":"128111","name":"BROOKDALE","state_code":"CA","country_code":"US"},{"id":"128112","name":"BROOKTRAILS","state_code":"CA","country_code":"US"},{"id":"128113","name":"BUCKHORN","state_code":"CA","country_code":"US"},{"id":"128114","name":"BUELLTON","state_code":"CA","country_code":"US"},{"id":"128115","name":"BUENA PARK","state_code":"CA","country_code":"US"},{"id":"128116","name":"BUENA VISTA","state_code":"CA","country_code":"US"},{"id":"128117","name":"BURBANK","state_code":"CA","country_code":"US"},{"id":"128118","name":"BURLINGAME","state_code":"CA","country_code":"US"},{"id":"128119","name":"BURNEY","state_code":"CA","country_code":"US"},{"id":"128120","name":"BUTTE COUNTY","state_code":"CA","country_code":"US"},{"id":"128121","name":"BUTTONWILLOW","state_code":"CA","country_code":"US"},{"id":"128122","name":"BYRON","state_code":"CA","country_code":"US"},{"id":"128123","name":"BYSTROM","state_code":"CA","country_code":"US"},{"id":"128124","name":"CABAZON","state_code":"CA","country_code":"US"},{"id":"128125","name":"CALABASAS","state_code":"CA","country_code":"US"},{"id":"128126","name":"CALAVERAS COUNTY","state_code":"CA","country_code":"US"},{"id":"128127","name":"CALEXICO","state_code":"CA","country_code":"US"},{"id":"128128","name":"CALIFORNIA CITY","state_code":"CA","country_code":"US"},{"id":"128129","name":"CALIMESA","state_code":"CA","country_code":"US"},{"id":"128130","name":"CALIPATRIA","state_code":"CA","country_code":"US"},{"id":"128131","name":"CALISTOGA","state_code":"CA","country_code":"US"},{"id":"128132","name":"CALLENDER","state_code":"CA","country_code":"US"},{"id":"128133","name":"CAMARILLO","state_code":"CA","country_code":"US"},{"id":"128134","name":"CAMBRIA","state_code":"CA","country_code":"US"},{"id":"128135","name":"CAMBRIAN PARK","state_code":"CA","country_code":"US"},{"id":"128136","name":"CAMERON PARK","state_code":"CA","country_code":"US"},{"id":"128137","name":"CAMINO","state_code":"CA","country_code":"US"},{"id":"128138","name":"CAMP MEEKER","state_code":"CA","country_code":"US"},{"id":"128139","name":"CAMP PENDLETON NORTH","state_code":"CA","country_code":"US"},{"id":"128140","name":"CAMP PENDLETON SOUTH","state_code":"CA","country_code":"US"},{"id":"128141","name":"CAMPBELL","state_code":"CA","country_code":"US"},{"id":"128142","name":"CAMPO","state_code":"CA","country_code":"US"},{"id":"128143","name":"CANOGA PARK","state_code":"CA","country_code":"US"},{"id":"128144","name":"CANYON LAKE","state_code":"CA","country_code":"US"},{"id":"128145","name":"CAPITOLA","state_code":"CA","country_code":"US"},{"id":"128146","name":"CARLSBAD","state_code":"CA","country_code":"US"},{"id":"128147","name":"CARMEL VALLEY VILLAGE","state_code":"CA","country_code":"US"},{"id":"128148","name":"CARMEL-BY-THE-SEA","state_code":"CA","country_code":"US"},{"id":"128149","name":"CARMICHAEL","state_code":"CA","country_code":"US"},{"id":"128150","name":"CARPINTERIA","state_code":"CA","country_code":"US"},{"id":"128151","name":"CARSON","state_code":"CA","country_code":"US"},{"id":"128152","name":"CARUTHERS","state_code":"CA","country_code":"US"},{"id":"128153","name":"CASA CONEJO","state_code":"CA","country_code":"US"},{"id":"128154","name":"CASA DE ORO-MOUNT HELIX","state_code":"CA","country_code":"US"},{"id":"128155","name":"CASTAIC","state_code":"CA","country_code":"US"},{"id":"128156","name":"CASTRO VALLEY","state_code":"CA","country_code":"US"},{"id":"128157","name":"CASTROVILLE","state_code":"CA","country_code":"US"},{"id":"128158","name":"CATHEDRAL CITY","state_code":"CA","country_code":"US"},{"id":"128159","name":"CAYUCOS","state_code":"CA","country_code":"US"},{"id":"128160","name":"CEDAR RIDGE","state_code":"CA","country_code":"US"},{"id":"128161","name":"CENTRAL VALLEY (HISTORICAL)","state_code":"CA","country_code":"US"},{"id":"128162","name":"CENTURY CITY","state_code":"CA","country_code":"US"},{"id":"128163","name":"CERES","state_code":"CA","country_code":"US"},{"id":"128164","name":"CERRITOS","state_code":"CA","country_code":"US"},{"id":"128165","name":"CHALLENGE-BROWNSVILLE","state_code":"CA","country_code":"US"},{"id":"128166","name":"CHANNEL ISLANDS BEACH","state_code":"CA","country_code":"US"},{"id":"128167","name":"CHARTER OAK","state_code":"CA","country_code":"US"},{"id":"128168","name":"CHATSWORTH","state_code":"CA","country_code":"US"},{"id":"128169","name":"CHERRY VALLEY","state_code":"CA","country_code":"US"},{"id":"128170","name":"CHERRYLAND","state_code":"CA","country_code":"US"},{"id":"128171","name":"CHESTER","state_code":"CA","country_code":"US"},{"id":"128172","name":"CHICO","state_code":"CA","country_code":"US"},{"id":"128173","name":"CHINA LAKE ACRES","state_code":"CA","country_code":"US"},{"id":"128174","name":"CHINATOWN","state_code":"CA","country_code":"US"},{"id":"128175","name":"CHINO","state_code":"CA","country_code":"US"},{"id":"128176","name":"CHINO HILLS","state_code":"CA","country_code":"US"},{"id":"128177","name":"CHOWCHILLA","state_code":"CA","country_code":"US"},{"id":"128178","name":"CHUALAR","state_code":"CA","country_code":"US"},{"id":"128179","name":"CHULA VISTA","state_code":"CA","country_code":"US"},{"id":"128180","name":"CITRUS","state_code":"CA","country_code":"US"},{"id":"128181","name":"CITRUS HEIGHTS","state_code":"CA","country_code":"US"},{"id":"128182","name":"CITY AND COUNTY OF SAN FRANCISCO","state_code":"CA","country_code":"US"},{"id":"128183","name":"CLAREMONT","state_code":"CA","country_code":"US"},{"id":"128184","name":"CLAY","state_code":"CA","country_code":"US"},{"id":"128185","name":"CLAYTON","state_code":"CA","country_code":"US"},{"id":"128186","name":"CLEAR LAKE RIVIERA","state_code":"CA","country_code":"US"},{"id":"128187","name":"CLEARLAKE","state_code":"CA","country_code":"US"},{"id":"128188","name":"CLEARLAKE OAKS","state_code":"CA","country_code":"US"},{"id":"128189","name":"CLOVERDALE","state_code":"CA","country_code":"US"},{"id":"128190","name":"CLOVIS","state_code":"CA","country_code":"US"},{"id":"128191","name":"COACHELLA","state_code":"CA","country_code":"US"},{"id":"128192","name":"COALINGA","state_code":"CA","country_code":"US"},{"id":"128193","name":"COARSEGOLD","state_code":"CA","country_code":"US"},{"id":"128194","name":"COBB","state_code":"CA","country_code":"US"},{"id":"128195","name":"COLFAX","state_code":"CA","country_code":"US"},{"id":"128196","name":"COLLIERVILLE","state_code":"CA","country_code":"US"},{"id":"128197","name":"COLMA","state_code":"CA","country_code":"US"},{"id":"128198","name":"COLTON","state_code":"CA","country_code":"US"},{"id":"128199","name":"COLUMBIA","state_code":"CA","country_code":"US"},{"id":"128200","name":"COLUSA","state_code":"CA","country_code":"US"},{"id":"128201","name":"COLUSA COUNTY","state_code":"CA","country_code":"US"},{"id":"128202","name":"COMMERCE","state_code":"CA","country_code":"US"},{"id":"128203","name":"COMPTON","state_code":"CA","country_code":"US"},{"id":"128204","name":"CONCORD","state_code":"CA","country_code":"US"},{"id":"128205","name":"CONTRA COSTA CENTRE","state_code":"CA","country_code":"US"},{"id":"128206","name":"CONTRA COSTA COUNTY","state_code":"CA","country_code":"US"},{"id":"128207","name":"COOL","state_code":"CA","country_code":"US"},{"id":"128208","name":"COPPEROPOLIS","state_code":"CA","country_code":"US"},{"id":"128209","name":"CORCORAN","state_code":"CA","country_code":"US"},{"id":"128210","name":"CORNING","state_code":"CA","country_code":"US"},{"id":"128211","name":"CORONA","state_code":"CA","country_code":"US"},{"id":"128212","name":"CORONADO","state_code":"CA","country_code":"US"},{"id":"128213","name":"CORRALITOS","state_code":"CA","country_code":"US"},{"id":"128214","name":"CORTE MADERA","state_code":"CA","country_code":"US"},{"id":"128215","name":"COSTA MESA","state_code":"CA","country_code":"US"},{"id":"128216","name":"COTATI","state_code":"CA","country_code":"US"},{"id":"128217","name":"COTO DE CAZA","state_code":"CA","country_code":"US"},{"id":"128218","name":"COTTONWOOD","state_code":"CA","country_code":"US"},{"id":"128219","name":"COUNTRY CLUB","state_code":"CA","country_code":"US"},{"id":"128220","name":"COVELO","state_code":"CA","country_code":"US"},{"id":"128221","name":"COVINA","state_code":"CA","country_code":"US"},{"id":"128222","name":"CRESCENT CITY","state_code":"CA","country_code":"US"},{"id":"128223","name":"CREST","state_code":"CA","country_code":"US"},{"id":"128224","name":"CRESTLINE","state_code":"CA","country_code":"US"},{"id":"128225","name":"CROCKETT","state_code":"CA","country_code":"US"},{"id":"128226","name":"CUDAHY","state_code":"CA","country_code":"US"},{"id":"128227","name":"CULVER CITY","state_code":"CA","country_code":"US"},{"id":"128228","name":"CUPERTINO","state_code":"CA","country_code":"US"},{"id":"128229","name":"CUTLER","state_code":"CA","country_code":"US"},{"id":"128230","name":"CUTTEN","state_code":"CA","country_code":"US"},{"id":"128231","name":"CYPRESS","state_code":"CA","country_code":"US"},{"id":"128232","name":"DALY CITY","state_code":"CA","country_code":"US"},{"id":"128233","name":"DANA POINT","state_code":"CA","country_code":"US"},{"id":"128234","name":"DANVILLE","state_code":"CA","country_code":"US"},{"id":"128235","name":"DAVIS","state_code":"CA","country_code":"US"},{"id":"128236","name":"DAY VALLEY","state_code":"CA","country_code":"US"},{"id":"128237","name":"DEER PARK","state_code":"CA","country_code":"US"},{"id":"128238","name":"DEL AIRE","state_code":"CA","country_code":"US"},{"id":"128239","name":"DEL MAR","state_code":"CA","country_code":"US"},{"id":"128240","name":"DEL MONTE FOREST","state_code":"CA","country_code":"US"},{"id":"128241","name":"DEL NORTE COUNTY","state_code":"CA","country_code":"US"},{"id":"128242","name":"DEL REY","state_code":"CA","country_code":"US"},{"id":"128243","name":"DEL REY OAKS","state_code":"CA","country_code":"US"},{"id":"128244","name":"DEL RIO","state_code":"CA","country_code":"US"},{"id":"128245","name":"DELANO","state_code":"CA","country_code":"US"},{"id":"128246","name":"DELHI","state_code":"CA","country_code":"US"},{"id":"128247","name":"DENAIR","state_code":"CA","country_code":"US"},{"id":"128248","name":"DESCANSO","state_code":"CA","country_code":"US"},{"id":"128249","name":"DESERT EDGE","state_code":"CA","country_code":"US"},{"id":"128250","name":"DESERT HOT SPRINGS","state_code":"CA","country_code":"US"},{"id":"128251","name":"DESERT SHORES","state_code":"CA","country_code":"US"},{"id":"128252","name":"DESERT VIEW HIGHLANDS","state_code":"CA","country_code":"US"},{"id":"128253","name":"DIABLO","state_code":"CA","country_code":"US"},{"id":"128254","name":"DIAMOND BAR","state_code":"CA","country_code":"US"},{"id":"128255","name":"DIAMOND SPRINGS","state_code":"CA","country_code":"US"},{"id":"128256","name":"DINUBA","state_code":"CA","country_code":"US"},{"id":"128257","name":"DISCOVERY BAY","state_code":"CA","country_code":"US"},{"id":"128258","name":"DIXON","state_code":"CA","country_code":"US"},{"id":"128259","name":"DIXON LANE-MEADOW CREEK","state_code":"CA","country_code":"US"},{"id":"128260","name":"DOGTOWN","state_code":"CA","country_code":"US"},{"id":"128261","name":"DOLLAR POINT","state_code":"CA","country_code":"US"},{"id":"128262","name":"DOS PALOS","state_code":"CA","country_code":"US"},{"id":"128263","name":"DOWNEY","state_code":"CA","country_code":"US"},{"id":"128264","name":"DOWNIEVILLE","state_code":"CA","country_code":"US"},{"id":"128265","name":"DUARTE","state_code":"CA","country_code":"US"},{"id":"128266","name":"DUBLIN","state_code":"CA","country_code":"US"},{"id":"128267","name":"DUNNIGAN","state_code":"CA","country_code":"US"},{"id":"128268","name":"DUNSMUIR","state_code":"CA","country_code":"US"},{"id":"128269","name":"DURHAM","state_code":"CA","country_code":"US"},{"id":"128270","name":"EARLIMART","state_code":"CA","country_code":"US"},{"id":"128271","name":"EAST FOOTHILLS","state_code":"CA","country_code":"US"},{"id":"128272","name":"EAST HEMET","state_code":"CA","country_code":"US"},{"id":"128273","name":"EAST LA MIRADA","state_code":"CA","country_code":"US"},{"id":"128274","name":"EAST LOS ANGELES","state_code":"CA","country_code":"US"},{"id":"128275","name":"EAST OAKDALE","state_code":"CA","country_code":"US"},{"id":"128276","name":"EAST PALO ALTO","state_code":"CA","country_code":"US"},{"id":"128277","name":"EAST PASADENA","state_code":"CA","country_code":"US"},{"id":"128278","name":"EAST PORTERVILLE","state_code":"CA","country_code":"US"},{"id":"128279","name":"EAST QUINCY","state_code":"CA","country_code":"US"},{"id":"128280","name":"EAST RANCHO DOMINGUEZ","state_code":"CA","country_code":"US"},{"id":"128281","name":"EAST RICHMOND HEIGHTS","state_code":"CA","country_code":"US"},{"id":"128282","name":"EAST SAN GABRIEL","state_code":"CA","country_code":"US"},{"id":"128283","name":"EAST SONORA","state_code":"CA","country_code":"US"},{"id":"128284","name":"EASTON","state_code":"CA","country_code":"US"},{"id":"128285","name":"EASTVALE","state_code":"CA","country_code":"US"},{"id":"128286","name":"ECHO PARK","state_code":"CA","country_code":"US"},{"id":"128287","name":"EDWARDS AIR FORCE BASE","state_code":"CA","country_code":"US"},{"id":"128288","name":"EL CAJON","state_code":"CA","country_code":"US"},{"id":"128289","name":"EL CENTRO","state_code":"CA","country_code":"US"},{"id":"128290","name":"EL CERRITO","state_code":"CA","country_code":"US"},{"id":"128291","name":"EL CERRITO CORONA","state_code":"CA","country_code":"US"},{"id":"128292","name":"EL DORADO COUNTY","state_code":"CA","country_code":"US"},{"id":"128293","name":"EL DORADO HILLS","state_code":"CA","country_code":"US"},{"id":"128294","name":"EL GRANADA","state_code":"CA","country_code":"US"},{"id":"128295","name":"EL MONTE","state_code":"CA","country_code":"US"},{"id":"128296","name":"EL RIO","state_code":"CA","country_code":"US"},{"id":"128297","name":"EL SEGUNDO","state_code":"CA","country_code":"US"},{"id":"128298","name":"EL SOBRANTE","state_code":"CA","country_code":"US"},{"id":"128299","name":"EL VERANO","state_code":"CA","country_code":"US"},{"id":"128300","name":"ELDRIDGE","state_code":"CA","country_code":"US"},{"id":"128301","name":"ELK GROVE","state_code":"CA","country_code":"US"},{"id":"128302","name":"ELKHORN","state_code":"CA","country_code":"US"},{"id":"128303","name":"ELVERTA","state_code":"CA","country_code":"US"},{"id":"128304","name":"EMERALD LAKE HILLS","state_code":"CA","country_code":"US"},{"id":"128305","name":"EMERYVILLE","state_code":"CA","country_code":"US"},{"id":"128306","name":"EMPIRE","state_code":"CA","country_code":"US"},{"id":"128307","name":"ENCINITAS","state_code":"CA","country_code":"US"},{"id":"128308","name":"ENCINO","state_code":"CA","country_code":"US"},{"id":"128309","name":"ESCALON","state_code":"CA","country_code":"US"},{"id":"128310","name":"ESCONDIDO","state_code":"CA","country_code":"US"},{"id":"128311","name":"ESPARTO","state_code":"CA","country_code":"US"},{"id":"128312","name":"EUCALYPTUS HILLS","state_code":"CA","country_code":"US"},{"id":"128313","name":"EUREKA","state_code":"CA","country_code":"US"},{"id":"128314","name":"EXETER","state_code":"CA","country_code":"US"},{"id":"128315","name":"FAIR OAKS","state_code":"CA","country_code":"US"},{"id":"128316","name":"FAIRBANKS RANCH","state_code":"CA","country_code":"US"},{"id":"128317","name":"FAIRFAX","state_code":"CA","country_code":"US"},{"id":"128318","name":"FAIRFIELD","state_code":"CA","country_code":"US"},{"id":"128319","name":"FAIRMEAD","state_code":"CA","country_code":"US"},{"id":"128320","name":"FAIRVIEW","state_code":"CA","country_code":"US"},{"id":"128321","name":"FALLBROOK","state_code":"CA","country_code":"US"},{"id":"128322","name":"FARMERSVILLE","state_code":"CA","country_code":"US"},{"id":"128323","name":"FELTON","state_code":"CA","country_code":"US"},{"id":"128324","name":"FERNDALE","state_code":"CA","country_code":"US"},{"id":"128325","name":"FETTERS HOT SPRINGS-AGUA CALIENTE","state_code":"CA","country_code":"US"},{"id":"128326","name":"FILLMORE","state_code":"CA","country_code":"US"},{"id":"128327","name":"FIREBAUGH","state_code":"CA","country_code":"US"},{"id":"128328","name":"FLORENCE-GRAHAM","state_code":"CA","country_code":"US"},{"id":"128329","name":"FLORIN","state_code":"CA","country_code":"US"},{"id":"128330","name":"FOLSOM","state_code":"CA","country_code":"US"},{"id":"128331","name":"FONTANA","state_code":"CA","country_code":"US"},{"id":"128332","name":"FOOTHILL FARMS","state_code":"CA","country_code":"US"},{"id":"128333","name":"FOOTHILL RANCH","state_code":"CA","country_code":"US"},{"id":"128334","name":"FORD CITY","state_code":"CA","country_code":"US"},{"id":"128335","name":"FOREST MEADOWS","state_code":"CA","country_code":"US"},{"id":"128336","name":"FOREST RANCH","state_code":"CA","country_code":"US"},{"id":"128337","name":"FORESTHILL","state_code":"CA","country_code":"US"},{"id":"128338","name":"FORESTVILLE","state_code":"CA","country_code":"US"},{"id":"128339","name":"FORT BRAGG","state_code":"CA","country_code":"US"},{"id":"128340","name":"FORT IRWIN","state_code":"CA","country_code":"US"},{"id":"128341","name":"FORTUNA","state_code":"CA","country_code":"US"},{"id":"128342","name":"FOSTER CITY","state_code":"CA","country_code":"US"},{"id":"128343","name":"FOUNTAIN VALLEY","state_code":"CA","country_code":"US"},{"id":"128344","name":"FOWLER","state_code":"CA","country_code":"US"},{"id":"128345","name":"FRAZIER PARK","state_code":"CA","country_code":"US"},{"id":"128346","name":"FREEDOM","state_code":"CA","country_code":"US"},{"id":"128347","name":"FREMONT","state_code":"CA","country_code":"US"},{"id":"128348","name":"FRENCH CAMP","state_code":"CA","country_code":"US"},{"id":"128349","name":"FRESNO","state_code":"CA","country_code":"US"},{"id":"128350","name":"FRESNO COUNTY","state_code":"CA","country_code":"US"},{"id":"128351","name":"FRUITRIDGE POCKET","state_code":"CA","country_code":"US"},{"id":"128352","name":"FULLERTON","state_code":"CA","country_code":"US"},{"id":"128353","name":"GALT","state_code":"CA","country_code":"US"},{"id":"128354","name":"GARDEN ACRES","state_code":"CA","country_code":"US"},{"id":"128355","name":"GARDEN GROVE","state_code":"CA","country_code":"US"},{"id":"128356","name":"GARDENA","state_code":"CA","country_code":"US"},{"id":"128357","name":"GARNET","state_code":"CA","country_code":"US"},{"id":"128358","name":"GEORGETOWN","state_code":"CA","country_code":"US"},{"id":"128359","name":"GERBER","state_code":"CA","country_code":"US"},{"id":"128360","name":"GILROY","state_code":"CA","country_code":"US"},{"id":"128361","name":"GLEN AVON","state_code":"CA","country_code":"US"},{"id":"128362","name":"GLENDALE","state_code":"CA","country_code":"US"},{"id":"128363","name":"GLENDORA","state_code":"CA","country_code":"US"},{"id":"128364","name":"GLENN COUNTY","state_code":"CA","country_code":"US"},{"id":"128365","name":"GOLD RIVER","state_code":"CA","country_code":"US"},{"id":"128366","name":"GOLDEN HILLS","state_code":"CA","country_code":"US"},{"id":"128367","name":"GOLETA","state_code":"CA","country_code":"US"},{"id":"128368","name":"GONZALES","state_code":"CA","country_code":"US"},{"id":"128369","name":"GOOD HOPE","state_code":"CA","country_code":"US"},{"id":"128370","name":"GOSHEN","state_code":"CA","country_code":"US"},{"id":"128371","name":"GRAND TERRACE","state_code":"CA","country_code":"US"},{"id":"128372","name":"GRANITE BAY","state_code":"CA","country_code":"US"},{"id":"128373","name":"GRANITE HILLS","state_code":"CA","country_code":"US"},{"id":"128374","name":"GRASS VALLEY","state_code":"CA","country_code":"US"},{"id":"128375","name":"GRATON","state_code":"CA","country_code":"US"},{"id":"128376","name":"GREEN ACRES","state_code":"CA","country_code":"US"},{"id":"128377","name":"GREEN VALLEY","state_code":"CA","country_code":"US"},{"id":"128378","name":"GREENACRES","state_code":"CA","country_code":"US"},{"id":"128379","name":"GREENFIELD","state_code":"CA","country_code":"US"},{"id":"128380","name":"GREENVILLE","state_code":"CA","country_code":"US"},{"id":"128381","name":"GRIDLEY","state_code":"CA","country_code":"US"},{"id":"128382","name":"GROVER BEACH","state_code":"CA","country_code":"US"},{"id":"128383","name":"GUADALUPE","state_code":"CA","country_code":"US"},{"id":"128384","name":"GUERNEVILLE","state_code":"CA","country_code":"US"},{"id":"128385","name":"GUSTINE","state_code":"CA","country_code":"US"},{"id":"128386","name":"HACIENDA HEIGHTS","state_code":"CA","country_code":"US"},{"id":"128387","name":"HALF MOON BAY","state_code":"CA","country_code":"US"},{"id":"128388","name":"HAMILTON CITY","state_code":"CA","country_code":"US"},{"id":"128389","name":"HANFORD","state_code":"CA","country_code":"US"},{"id":"128390","name":"HAPPY CAMP","state_code":"CA","country_code":"US"},{"id":"128391","name":"HARBISON CANYON","state_code":"CA","country_code":"US"},{"id":"128392","name":"HARTLEY","state_code":"CA","country_code":"US"},{"id":"128393","name":"HAWAIIAN GARDENS","state_code":"CA","country_code":"US"},{"id":"128394","name":"HAWTHORNE","state_code":"CA","country_code":"US"},{"id":"128395","name":"HAYFORK","state_code":"CA","country_code":"US"},{"id":"128396","name":"HAYWARD","state_code":"CA","country_code":"US"},{"id":"128397","name":"HEALDSBURG","state_code":"CA","country_code":"US"},{"id":"128398","name":"HEBER","state_code":"CA","country_code":"US"},{"id":"128399","name":"HEMET","state_code":"CA","country_code":"US"},{"id":"128400","name":"HERALD","state_code":"CA","country_code":"US"},{"id":"128401","name":"HERCULES","state_code":"CA","country_code":"US"},{"id":"128402","name":"HERMOSA BEACH","state_code":"CA","country_code":"US"},{"id":"128403","name":"HESPERIA","state_code":"CA","country_code":"US"},{"id":"128404","name":"HIDDEN HILLS","state_code":"CA","country_code":"US"},{"id":"128405","name":"HIDDEN MEADOWS","state_code":"CA","country_code":"US"},{"id":"128406","name":"HIDDEN VALLEY LAKE","state_code":"CA","country_code":"US"},{"id":"128407","name":"HIGHGROVE","state_code":"CA","country_code":"US"},{"id":"128408","name":"HIGHLAND","state_code":"CA","country_code":"US"},{"id":"128409","name":"HIGHLANDS-BAYWOOD PARK","state_code":"CA","country_code":"US"},{"id":"128410","name":"HILLSBOROUGH","state_code":"CA","country_code":"US"},{"id":"128411","name":"HILMAR-IRWIN","state_code":"CA","country_code":"US"},{"id":"128412","name":"HOLLISTER","state_code":"CA","country_code":"US"},{"id":"128413","name":"HOLLYWOOD","state_code":"CA","country_code":"US"},{"id":"128414","name":"HOLTVILLE","state_code":"CA","country_code":"US"},{"id":"128415","name":"HOME GARDEN","state_code":"CA","country_code":"US"},{"id":"128416","name":"HOME GARDENS","state_code":"CA","country_code":"US"},{"id":"128417","name":"HOMELAND","state_code":"CA","country_code":"US"},{"id":"128418","name":"HUGHSON","state_code":"CA","country_code":"US"},{"id":"128419","name":"HUMBOLDT COUNTY","state_code":"CA","country_code":"US"},{"id":"128420","name":"HUMBOLDT HILL","state_code":"CA","country_code":"US"},{"id":"128421","name":"HUNTINGTON BEACH","state_code":"CA","country_code":"US"},{"id":"128422","name":"HUNTINGTON PARK","state_code":"CA","country_code":"US"},{"id":"128423","name":"HURON","state_code":"CA","country_code":"US"},{"id":"128424","name":"HYDESVILLE","state_code":"CA","country_code":"US"},{"id":"128425","name":"IDYLLWILD","state_code":"CA","country_code":"US"},{"id":"128426","name":"IDYLLWILD-PINE COVE","state_code":"CA","country_code":"US"},{"id":"128427","name":"IMPERIAL","state_code":"CA","country_code":"US"},{"id":"128428","name":"IMPERIAL BEACH","state_code":"CA","country_code":"US"},{"id":"128429","name":"IMPERIAL COUNTY","state_code":"CA","country_code":"US"},{"id":"128430","name":"INDIAN WELLS","state_code":"CA","country_code":"US"},{"id":"128431","name":"INDIO","state_code":"CA","country_code":"US"},{"id":"128432","name":"INGLEWOOD","state_code":"CA","country_code":"US"},{"id":"128433","name":"INTERLAKEN","state_code":"CA","country_code":"US"},{"id":"128434","name":"INVERNESS","state_code":"CA","country_code":"US"},{"id":"128435","name":"INYO COUNTY","state_code":"CA","country_code":"US"},{"id":"128436","name":"INYOKERN","state_code":"CA","country_code":"US"},{"id":"128437","name":"IONE","state_code":"CA","country_code":"US"},{"id":"128438","name":"IRVINE","state_code":"CA","country_code":"US"},{"id":"128439","name":"IRWINDALE","state_code":"CA","country_code":"US"},{"id":"128440","name":"ISLA VISTA","state_code":"CA","country_code":"US"},{"id":"128441","name":"IVANHOE","state_code":"CA","country_code":"US"},{"id":"128442","name":"JACKSON","state_code":"CA","country_code":"US"},{"id":"128443","name":"JAMESTOWN","state_code":"CA","country_code":"US"},{"id":"128444","name":"JAMUL","state_code":"CA","country_code":"US"},{"id":"128445","name":"JANESVILLE","state_code":"CA","country_code":"US"},{"id":"128446","name":"JOHNSTONVILLE","state_code":"CA","country_code":"US"},{"id":"128447","name":"JOSHUA TREE","state_code":"CA","country_code":"US"},{"id":"128448","name":"JULIAN","state_code":"CA","country_code":"US"},{"id":"128449","name":"JURUPA VALLEY","state_code":"CA","country_code":"US"},{"id":"128450","name":"KELSEYVILLE","state_code":"CA","country_code":"US"},{"id":"128451","name":"KENNEDY","state_code":"CA","country_code":"US"},{"id":"128452","name":"KENSINGTON","state_code":"CA","country_code":"US"},{"id":"128453","name":"KENTFIELD","state_code":"CA","country_code":"US"},{"id":"128454","name":"KENWOOD","state_code":"CA","country_code":"US"},{"id":"128455","name":"KERMAN","state_code":"CA","country_code":"US"},{"id":"128456","name":"KERN COUNTY","state_code":"CA","country_code":"US"},{"id":"128457","name":"KERNVILLE","state_code":"CA","country_code":"US"},{"id":"128458","name":"KETTLEMAN CITY","state_code":"CA","country_code":"US"},{"id":"128459","name":"KEYES","state_code":"CA","country_code":"US"},{"id":"128460","name":"KING CITY","state_code":"CA","country_code":"US"},{"id":"128461","name":"KINGS BEACH","state_code":"CA","country_code":"US"},{"id":"128462","name":"KINGS COUNTY","state_code":"CA","country_code":"US"},{"id":"128463","name":"KINGSBURG","state_code":"CA","country_code":"US"},{"id":"128464","name":"KNIGHTSEN","state_code":"CA","country_code":"US"},{"id":"128465","name":"KOREATOWN","state_code":"CA","country_code":"US"},{"id":"128466","name":"LA CAÑADA FLINTRIDGE","state_code":"CA","country_code":"US"},{"id":"128467","name":"LA CRESCENTA-MONTROSE","state_code":"CA","country_code":"US"},{"id":"128468","name":"LA HABRA","state_code":"CA","country_code":"US"},{"id":"128469","name":"LA HABRA HEIGHTS","state_code":"CA","country_code":"US"},{"id":"128470","name":"LA JOLLA","state_code":"CA","country_code":"US"},{"id":"128471","name":"LA MESA","state_code":"CA","country_code":"US"},{"id":"128472","name":"LA MIRADA","state_code":"CA","country_code":"US"},{"id":"128473","name":"LA PALMA","state_code":"CA","country_code":"US"},{"id":"128474","name":"LA PRESA","state_code":"CA","country_code":"US"},{"id":"128475","name":"LA PUENTE","state_code":"CA","country_code":"US"},{"id":"128476","name":"LA QUINTA","state_code":"CA","country_code":"US"},{"id":"128477","name":"LA RIVIERA","state_code":"CA","country_code":"US"},{"id":"128478","name":"LA SELVA BEACH","state_code":"CA","country_code":"US"},{"id":"128479","name":"LA VERNE","state_code":"CA","country_code":"US"},{"id":"128480","name":"LADERA","state_code":"CA","country_code":"US"},{"id":"128481","name":"LADERA HEIGHTS","state_code":"CA","country_code":"US"},{"id":"128482","name":"LADERA RANCH","state_code":"CA","country_code":"US"},{"id":"128483","name":"LAFAYETTE","state_code":"CA","country_code":"US"},{"id":"128484","name":"LAGUNA","state_code":"CA","country_code":"US"},{"id":"128485","name":"LAGUNA BEACH","state_code":"CA","country_code":"US"},{"id":"128486","name":"LAGUNA HILLS","state_code":"CA","country_code":"US"},{"id":"128487","name":"LAGUNA NIGUEL","state_code":"CA","country_code":"US"},{"id":"128488","name":"LAGUNA WOODS","state_code":"CA","country_code":"US"},{"id":"128489","name":"LAGUNITAS-FOREST KNOLLS","state_code":"CA","country_code":"US"},{"id":"128490","name":"LAKE ARROWHEAD","state_code":"CA","country_code":"US"},{"id":"128491","name":"LAKE COUNTY","state_code":"CA","country_code":"US"},{"id":"128492","name":"LAKE ELSINORE","state_code":"CA","country_code":"US"},{"id":"128493","name":"LAKE FOREST","state_code":"CA","country_code":"US"},{"id":"128494","name":"LAKE ISABELLA","state_code":"CA","country_code":"US"},{"id":"128495","name":"LAKE LOS ANGELES","state_code":"CA","country_code":"US"},{"id":"128496","name":"LAKE NACIMIENTO","state_code":"CA","country_code":"US"},{"id":"128497","name":"LAKE OF THE PINES","state_code":"CA","country_code":"US"},{"id":"128498","name":"LAKE SAN MARCOS","state_code":"CA","country_code":"US"},{"id":"128499","name":"LAKE WILDWOOD","state_code":"CA","country_code":"US"},{"id":"128500","name":"LAKELAND VILLAGE","state_code":"CA","country_code":"US"},{"id":"128501","name":"LAKEPORT","state_code":"CA","country_code":"US"},{"id":"128502","name":"LAKESIDE","state_code":"CA","country_code":"US"},{"id":"128503","name":"LAKEVIEW","state_code":"CA","country_code":"US"},{"id":"128504","name":"LAKEWOOD","state_code":"CA","country_code":"US"},{"id":"128505","name":"LAMONT","state_code":"CA","country_code":"US"},{"id":"128506","name":"LANCASTER","state_code":"CA","country_code":"US"},{"id":"128507","name":"LARKFIELD-WIKIUP","state_code":"CA","country_code":"US"},{"id":"128508","name":"LARKSPUR","state_code":"CA","country_code":"US"},{"id":"128509","name":"LAS FLORES","state_code":"CA","country_code":"US"},{"id":"128510","name":"LAS LOMAS","state_code":"CA","country_code":"US"},{"id":"128511","name":"LASSEN COUNTY","state_code":"CA","country_code":"US"},{"id":"128512","name":"LATHROP","state_code":"CA","country_code":"US"},{"id":"128513","name":"LATON","state_code":"CA","country_code":"US"},{"id":"128514","name":"LAWNDALE","state_code":"CA","country_code":"US"},{"id":"128515","name":"LAYTONVILLE","state_code":"CA","country_code":"US"},{"id":"128516","name":"LE GRAND","state_code":"CA","country_code":"US"},{"id":"128517","name":"LEBEC","state_code":"CA","country_code":"US"},{"id":"128518","name":"LEMON GROVE","state_code":"CA","country_code":"US"},{"id":"128519","name":"LEMOORE","state_code":"CA","country_code":"US"},{"id":"128520","name":"LEMOORE STATION","state_code":"CA","country_code":"US"},{"id":"128521","name":"LENNOX","state_code":"CA","country_code":"US"},{"id":"128522","name":"LENWOOD","state_code":"CA","country_code":"US"},{"id":"128523","name":"LEONA VALLEY","state_code":"CA","country_code":"US"},{"id":"128524","name":"LEWISTON","state_code":"CA","country_code":"US"},{"id":"128525","name":"LEXINGTON HILLS","state_code":"CA","country_code":"US"},{"id":"128526","name":"LINCOLN","state_code":"CA","country_code":"US"},{"id":"128527","name":"LINCOLN VILLAGE","state_code":"CA","country_code":"US"},{"id":"128528","name":"LINDA","state_code":"CA","country_code":"US"},{"id":"128529","name":"LINDEN","state_code":"CA","country_code":"US"},{"id":"128530","name":"LINDSAY","state_code":"CA","country_code":"US"},{"id":"128531","name":"LITTLEROCK","state_code":"CA","country_code":"US"},{"id":"128532","name":"LIVE OAK","state_code":"CA","country_code":"US"},{"id":"128533","name":"LIVERMORE","state_code":"CA","country_code":"US"},{"id":"128534","name":"LIVINGSTON","state_code":"CA","country_code":"US"},{"id":"128535","name":"LOCKEFORD","state_code":"CA","country_code":"US"},{"id":"128536","name":"LODI","state_code":"CA","country_code":"US"},{"id":"128537","name":"LOMA LINDA","state_code":"CA","country_code":"US"},{"id":"128538","name":"LOMA RICA","state_code":"CA","country_code":"US"},{"id":"128539","name":"LOMITA","state_code":"CA","country_code":"US"},{"id":"128540","name":"LOMPICO","state_code":"CA","country_code":"US"},{"id":"128541","name":"LOMPOC","state_code":"CA","country_code":"US"},{"id":"128542","name":"LONDON","state_code":"CA","country_code":"US"},{"id":"128543","name":"LONE PINE","state_code":"CA","country_code":"US"},{"id":"128544","name":"LONG BEACH","state_code":"CA","country_code":"US"},{"id":"128545","name":"LOOMIS","state_code":"CA","country_code":"US"},{"id":"128546","name":"LOS ALAMITOS","state_code":"CA","country_code":"US"},{"id":"128547","name":"LOS ALAMOS","state_code":"CA","country_code":"US"},{"id":"128548","name":"LOS ALTOS","state_code":"CA","country_code":"US"},{"id":"128549","name":"LOS ALTOS HILLS","state_code":"CA","country_code":"US"},{"id":"128550","name":"LOS ANGELES","state_code":"CA","country_code":"US"},{"id":"128551","name":"LOS ANGELES COUNTY","state_code":"CA","country_code":"US"},{"id":"128552","name":"LOS BANOS","state_code":"CA","country_code":"US"},{"id":"128553","name":"LOS GATOS","state_code":"CA","country_code":"US"},{"id":"128554","name":"LOS MOLINOS","state_code":"CA","country_code":"US"},{"id":"128555","name":"LOS OLIVOS","state_code":"CA","country_code":"US"},{"id":"128556","name":"LOS OSOS","state_code":"CA","country_code":"US"},{"id":"128557","name":"LOS SERRANOS","state_code":"CA","country_code":"US"},{"id":"128558","name":"LOST HILLS","state_code":"CA","country_code":"US"},{"id":"128559","name":"LOWER LAKE","state_code":"CA","country_code":"US"},{"id":"128560","name":"LOYOLA","state_code":"CA","country_code":"US"},{"id":"128561","name":"LUCAS VALLEY-MARINWOOD","state_code":"CA","country_code":"US"},{"id":"128562","name":"LUCERNE","state_code":"CA","country_code":"US"},{"id":"128563","name":"LUCERNE VALLEY","state_code":"CA","country_code":"US"},{"id":"128564","name":"LYNWOOD","state_code":"CA","country_code":"US"},{"id":"128565","name":"MADERA","state_code":"CA","country_code":"US"},{"id":"128566","name":"MADERA ACRES","state_code":"CA","country_code":"US"},{"id":"128567","name":"MADERA COUNTY","state_code":"CA","country_code":"US"},{"id":"128568","name":"MAGALIA","state_code":"CA","country_code":"US"},{"id":"128569","name":"MALIBU","state_code":"CA","country_code":"US"},{"id":"128570","name":"MAMMOTH LAKES","state_code":"CA","country_code":"US"},{"id":"128571","name":"MANHATTAN BEACH","state_code":"CA","country_code":"US"},{"id":"128572","name":"MANTECA","state_code":"CA","country_code":"US"},{"id":"128573","name":"MARCH AIR FORCE BASE","state_code":"CA","country_code":"US"},{"id":"128574","name":"MARICOPA","state_code":"CA","country_code":"US"},{"id":"128575","name":"MARIN CITY","state_code":"CA","country_code":"US"},{"id":"128576","name":"MARIN COUNTY","state_code":"CA","country_code":"US"},{"id":"128577","name":"MARINA","state_code":"CA","country_code":"US"},{"id":"128578","name":"MARINA DEL REY","state_code":"CA","country_code":"US"},{"id":"128579","name":"MARIPOSA","state_code":"CA","country_code":"US"},{"id":"128580","name":"MARIPOSA COUNTY","state_code":"CA","country_code":"US"},{"id":"128581","name":"MARTINEZ","state_code":"CA","country_code":"US"},{"id":"128582","name":"MARYSVILLE","state_code":"CA","country_code":"US"},{"id":"128583","name":"MATHENY","state_code":"CA","country_code":"US"},{"id":"128584","name":"MAXWELL","state_code":"CA","country_code":"US"},{"id":"128585","name":"MAYFLOWER VILLAGE","state_code":"CA","country_code":"US"},{"id":"128586","name":"MAYWOOD","state_code":"CA","country_code":"US"},{"id":"128587","name":"MCCLOUD","state_code":"CA","country_code":"US"},{"id":"128588","name":"MCFARLAND","state_code":"CA","country_code":"US"},{"id":"128589","name":"MCKINLEYVILLE","state_code":"CA","country_code":"US"},{"id":"128590","name":"MEAD VALLEY","state_code":"CA","country_code":"US"},{"id":"128591","name":"MEADOW VISTA","state_code":"CA","country_code":"US"},{"id":"128592","name":"MEADOWBROOK","state_code":"CA","country_code":"US"},{"id":"128593","name":"MECCA","state_code":"CA","country_code":"US"},{"id":"128594","name":"MEINERS OAKS","state_code":"CA","country_code":"US"},{"id":"128595","name":"MENDOCINO COUNTY","state_code":"CA","country_code":"US"},{"id":"128596","name":"MENDOTA","state_code":"CA","country_code":"US"},{"id":"128597","name":"MENIFEE","state_code":"CA","country_code":"US"},{"id":"128598","name":"MENLO PARK","state_code":"CA","country_code":"US"},{"id":"128599","name":"MENTONE","state_code":"CA","country_code":"US"},{"id":"128600","name":"MERCED","state_code":"CA","country_code":"US"},{"id":"128601","name":"MERCED COUNTY","state_code":"CA","country_code":"US"},{"id":"128602","name":"MESA VERDE","state_code":"CA","country_code":"US"},{"id":"128603","name":"MIDDLETOWN","state_code":"CA","country_code":"US"},{"id":"128604","name":"MIDPINES","state_code":"CA","country_code":"US"},{"id":"128605","name":"MIDWAY CITY","state_code":"CA","country_code":"US"},{"id":"128606","name":"MILL VALLEY","state_code":"CA","country_code":"US"},{"id":"128607","name":"MILLBRAE","state_code":"CA","country_code":"US"},{"id":"128608","name":"MILPITAS","state_code":"CA","country_code":"US"},{"id":"128609","name":"MINKLER","state_code":"CA","country_code":"US"},{"id":"128610","name":"MIRA MESA","state_code":"CA","country_code":"US"},{"id":"128611","name":"MIRA MONTE","state_code":"CA","country_code":"US"},{"id":"128612","name":"MISSION CANYON","state_code":"CA","country_code":"US"},{"id":"128613","name":"MISSION DISTRICT","state_code":"CA","country_code":"US"},{"id":"128614","name":"MISSION HILLS","state_code":"CA","country_code":"US"},{"id":"128615","name":"MISSION VIEJO","state_code":"CA","country_code":"US"},{"id":"128616","name":"MODESTO","state_code":"CA","country_code":"US"},{"id":"128617","name":"MODOC COUNTY","state_code":"CA","country_code":"US"},{"id":"128618","name":"MOJAVE","state_code":"CA","country_code":"US"},{"id":"128619","name":"MONO COUNTY","state_code":"CA","country_code":"US"},{"id":"128620","name":"MONO VISTA","state_code":"CA","country_code":"US"},{"id":"128621","name":"MONROVIA","state_code":"CA","country_code":"US"},{"id":"128622","name":"MONTAGUE","state_code":"CA","country_code":"US"},{"id":"128623","name":"MONTALVIN","state_code":"CA","country_code":"US"},{"id":"128624","name":"MONTARA","state_code":"CA","country_code":"US"},{"id":"128625","name":"MONTCLAIR","state_code":"CA","country_code":"US"},{"id":"128626","name":"MONTE RIO","state_code":"CA","country_code":"US"},{"id":"128627","name":"MONTE SERENO","state_code":"CA","country_code":"US"},{"id":"128628","name":"MONTEBELLO","state_code":"CA","country_code":"US"},{"id":"128629","name":"MONTECITO","state_code":"CA","country_code":"US"},{"id":"128630","name":"MONTEREY","state_code":"CA","country_code":"US"},{"id":"128631","name":"MONTEREY COUNTY","state_code":"CA","country_code":"US"},{"id":"128632","name":"MONTEREY PARK","state_code":"CA","country_code":"US"},{"id":"128633","name":"MONUMENT HILLS","state_code":"CA","country_code":"US"},{"id":"128634","name":"MOORPARK","state_code":"CA","country_code":"US"},{"id":"128635","name":"MORADA","state_code":"CA","country_code":"US"},{"id":"128636","name":"MORAGA","state_code":"CA","country_code":"US"},{"id":"128637","name":"MORENO VALLEY","state_code":"CA","country_code":"US"},{"id":"128638","name":"MORGAN HILL","state_code":"CA","country_code":"US"},{"id":"128639","name":"MORONGO VALLEY","state_code":"CA","country_code":"US"},{"id":"128640","name":"MORRO BAY","state_code":"CA","country_code":"US"},{"id":"128641","name":"MOSS BEACH","state_code":"CA","country_code":"US"},{"id":"128642","name":"MOUNT HERMON","state_code":"CA","country_code":"US"},{"id":"128643","name":"MOUNT SHASTA","state_code":"CA","country_code":"US"},{"id":"128644","name":"MOUNTAIN HOUSE","state_code":"CA","country_code":"US"},{"id":"128645","name":"MOUNTAIN RANCH","state_code":"CA","country_code":"US"},{"id":"128646","name":"MOUNTAIN VIEW","state_code":"CA","country_code":"US"},{"id":"128647","name":"MOUNTAIN VIEW ACRES","state_code":"CA","country_code":"US"},{"id":"128648","name":"MURPHYS","state_code":"CA","country_code":"US"},{"id":"128649","name":"MURRIETA","state_code":"CA","country_code":"US"},{"id":"128650","name":"MURRIETA HOT SPRINGS","state_code":"CA","country_code":"US"},{"id":"128651","name":"MUSCOY","state_code":"CA","country_code":"US"},{"id":"128652","name":"MYRTLETOWN","state_code":"CA","country_code":"US"},{"id":"128653","name":"NAPA","state_code":"CA","country_code":"US"},{"id":"128654","name":"NAPA COUNTY","state_code":"CA","country_code":"US"},{"id":"128655","name":"NATIONAL CITY","state_code":"CA","country_code":"US"},{"id":"128656","name":"NEEDLES","state_code":"CA","country_code":"US"},{"id":"128657","name":"NEVADA CITY","state_code":"CA","country_code":"US"},{"id":"128658","name":"NEVADA COUNTY","state_code":"CA","country_code":"US"},{"id":"128659","name":"NEWARK","state_code":"CA","country_code":"US"},{"id":"128660","name":"NEWCASTLE","state_code":"CA","country_code":"US"},{"id":"128661","name":"NEWMAN","state_code":"CA","country_code":"US"},{"id":"128662","name":"NEWPORT BEACH","state_code":"CA","country_code":"US"},{"id":"128663","name":"NICE","state_code":"CA","country_code":"US"},{"id":"128664","name":"NILAND","state_code":"CA","country_code":"US"},{"id":"128665","name":"NIPOMO","state_code":"CA","country_code":"US"},{"id":"128666","name":"NOE VALLEY","state_code":"CA","country_code":"US"},{"id":"128667","name":"NORCO","state_code":"CA","country_code":"US"},{"id":"128668","name":"NORTH AUBURN","state_code":"CA","country_code":"US"},{"id":"128669","name":"NORTH EDWARDS","state_code":"CA","country_code":"US"},{"id":"128670","name":"NORTH EL MONTE","state_code":"CA","country_code":"US"},{"id":"128671","name":"NORTH FAIR OAKS","state_code":"CA","country_code":"US"},{"id":"128672","name":"NORTH HIGHLANDS","state_code":"CA","country_code":"US"},{"id":"128673","name":"NORTH HILLS","state_code":"CA","country_code":"US"},{"id":"128674","name":"NORTH HOLLYWOOD","state_code":"CA","country_code":"US"},{"id":"128675","name":"NORTH LAKEPORT","state_code":"CA","country_code":"US"},{"id":"128676","name":"NORTH RICHMOND","state_code":"CA","country_code":"US"},{"id":"128677","name":"NORTH TUSTIN","state_code":"CA","country_code":"US"},{"id":"128678","name":"NORTHRIDGE","state_code":"CA","country_code":"US"},{"id":"128679","name":"NORWALK","state_code":"CA","country_code":"US"},{"id":"128680","name":"NOVATO","state_code":"CA","country_code":"US"},{"id":"128681","name":"NUEVO","state_code":"CA","country_code":"US"},{"id":"128682","name":"OAK HILLS","state_code":"CA","country_code":"US"},{"id":"128683","name":"OAK PARK","state_code":"CA","country_code":"US"},{"id":"128684","name":"OAK VIEW","state_code":"CA","country_code":"US"},{"id":"128685","name":"OAKDALE","state_code":"CA","country_code":"US"},{"id":"128686","name":"OAKHURST","state_code":"CA","country_code":"US"},{"id":"128687","name":"OAKLAND","state_code":"CA","country_code":"US"},{"id":"128688","name":"OAKLEY","state_code":"CA","country_code":"US"},{"id":"128689","name":"OASIS","state_code":"CA","country_code":"US"},{"id":"128690","name":"OCCIDENTAL","state_code":"CA","country_code":"US"},{"id":"128691","name":"OCEANO","state_code":"CA","country_code":"US"},{"id":"128692","name":"OCEANSIDE","state_code":"CA","country_code":"US"},{"id":"128693","name":"OILDALE","state_code":"CA","country_code":"US"},{"id":"128694","name":"OJAI","state_code":"CA","country_code":"US"},{"id":"128695","name":"OLD FIG GARDEN","state_code":"CA","country_code":"US"},{"id":"128696","name":"OLIVEHURST","state_code":"CA","country_code":"US"},{"id":"128697","name":"ONTARIO","state_code":"CA","country_code":"US"},{"id":"128698","name":"OPAL CLIFFS","state_code":"CA","country_code":"US"},{"id":"128699","name":"ORANGE","state_code":"CA","country_code":"US"},{"id":"128700","name":"ORANGE COUNTY","state_code":"CA","country_code":"US"},{"id":"128701","name":"ORANGE COVE","state_code":"CA","country_code":"US"},{"id":"128702","name":"ORANGEVALE","state_code":"CA","country_code":"US"},{"id":"128703","name":"ORCUTT","state_code":"CA","country_code":"US"},{"id":"128704","name":"ORINDA","state_code":"CA","country_code":"US"},{"id":"128705","name":"ORLAND","state_code":"CA","country_code":"US"},{"id":"128706","name":"OROSI","state_code":"CA","country_code":"US"},{"id":"128707","name":"OROVILLE","state_code":"CA","country_code":"US"},{"id":"128708","name":"OROVILLE EAST","state_code":"CA","country_code":"US"},{"id":"128709","name":"OXNARD","state_code":"CA","country_code":"US"},{"id":"128710","name":"PACHECO","state_code":"CA","country_code":"US"},{"id":"128711","name":"PACIFIC GROVE","state_code":"CA","country_code":"US"},{"id":"128712","name":"PACIFICA","state_code":"CA","country_code":"US"},{"id":"128713","name":"PAJARO","state_code":"CA","country_code":"US"},{"id":"128714","name":"PALERMO","state_code":"CA","country_code":"US"},{"id":"128715","name":"PALM DESERT","state_code":"CA","country_code":"US"},{"id":"128716","name":"PALM SPRINGS","state_code":"CA","country_code":"US"},{"id":"128717","name":"PALMDALE","state_code":"CA","country_code":"US"},{"id":"128718","name":"PALO ALTO","state_code":"CA","country_code":"US"},{"id":"128719","name":"PALO CEDRO","state_code":"CA","country_code":"US"},{"id":"128720","name":"PALOS VERDES ESTATES","state_code":"CA","country_code":"US"},{"id":"128721","name":"PARADISE","state_code":"CA","country_code":"US"},{"id":"128722","name":"PARAMOUNT","state_code":"CA","country_code":"US"},{"id":"128723","name":"PARKSDALE","state_code":"CA","country_code":"US"},{"id":"128724","name":"PARKWAY","state_code":"CA","country_code":"US"},{"id":"128725","name":"PARKWOOD","state_code":"CA","country_code":"US"},{"id":"128726","name":"PARLIER","state_code":"CA","country_code":"US"},{"id":"128727","name":"PASADENA","state_code":"CA","country_code":"US"},{"id":"128728","name":"PASATIEMPO","state_code":"CA","country_code":"US"},{"id":"128729","name":"PASO ROBLES","state_code":"CA","country_code":"US"},{"id":"128730","name":"PATTERSON","state_code":"CA","country_code":"US"},{"id":"128731","name":"PATTERSON TRACT","state_code":"CA","country_code":"US"},{"id":"128732","name":"PEDLEY","state_code":"CA","country_code":"US"},{"id":"128733","name":"PENN VALLEY","state_code":"CA","country_code":"US"},{"id":"128734","name":"PENNGROVE","state_code":"CA","country_code":"US"},{"id":"128735","name":"PERRIS","state_code":"CA","country_code":"US"},{"id":"128736","name":"PETALUMA","state_code":"CA","country_code":"US"},{"id":"128737","name":"PHELAN","state_code":"CA","country_code":"US"},{"id":"128738","name":"PHOENIX LAKE","state_code":"CA","country_code":"US"},{"id":"128739","name":"PICO RIVERA","state_code":"CA","country_code":"US"},{"id":"128740","name":"PIEDMONT","state_code":"CA","country_code":"US"},{"id":"128741","name":"PINE GROVE","state_code":"CA","country_code":"US"},{"id":"128742","name":"PINE HILLS","state_code":"CA","country_code":"US"},{"id":"128743","name":"PINE MOUNTAIN CLUB","state_code":"CA","country_code":"US"},{"id":"128744","name":"PINE VALLEY","state_code":"CA","country_code":"US"},{"id":"128745","name":"PINOLE","state_code":"CA","country_code":"US"},{"id":"128746","name":"PIÑON HILLS","state_code":"CA","country_code":"US"},{"id":"128747","name":"PIONEER","state_code":"CA","country_code":"US"},{"id":"128748","name":"PIRU","state_code":"CA","country_code":"US"},{"id":"128749","name":"PISMO BEACH","state_code":"CA","country_code":"US"},{"id":"128750","name":"PITTSBURG","state_code":"CA","country_code":"US"},{"id":"128751","name":"PIXLEY","state_code":"CA","country_code":"US"},{"id":"128752","name":"PLACENTIA","state_code":"CA","country_code":"US"},{"id":"128753","name":"PLACER COUNTY","state_code":"CA","country_code":"US"},{"id":"128754","name":"PLACERVILLE","state_code":"CA","country_code":"US"},{"id":"128755","name":"PLANADA","state_code":"CA","country_code":"US"},{"id":"128756","name":"PLEASANT HILL","state_code":"CA","country_code":"US"},{"id":"128757","name":"PLEASANTON","state_code":"CA","country_code":"US"},{"id":"128758","name":"PLUMAS COUNTY","state_code":"CA","country_code":"US"},{"id":"128759","name":"PLUMAS LAKE","state_code":"CA","country_code":"US"},{"id":"128760","name":"POLLOCK PINES","state_code":"CA","country_code":"US"},{"id":"128761","name":"POMONA","state_code":"CA","country_code":"US"},{"id":"128762","name":"POPLAR-COTTON CENTER","state_code":"CA","country_code":"US"},{"id":"128763","name":"PORT HUENEME","state_code":"CA","country_code":"US"},{"id":"128764","name":"PORTERVILLE","state_code":"CA","country_code":"US"},{"id":"128765","name":"PORTOLA","state_code":"CA","country_code":"US"},{"id":"128766","name":"PORTOLA HILLS","state_code":"CA","country_code":"US"},{"id":"128767","name":"PORTOLA VALLEY","state_code":"CA","country_code":"US"},{"id":"128768","name":"POWAY","state_code":"CA","country_code":"US"},{"id":"128769","name":"PRUNEDALE","state_code":"CA","country_code":"US"},{"id":"128770","name":"QUAIL VALLEY","state_code":"CA","country_code":"US"},{"id":"128771","name":"QUARTZ HILL","state_code":"CA","country_code":"US"},{"id":"128772","name":"QUINCY","state_code":"CA","country_code":"US"},{"id":"128773","name":"RAINBOW","state_code":"CA","country_code":"US"},{"id":"128774","name":"RAMONA","state_code":"CA","country_code":"US"},{"id":"128775","name":"RANCHO CALAVERAS","state_code":"CA","country_code":"US"},{"id":"128776","name":"RANCHO CORDOVA","state_code":"CA","country_code":"US"},{"id":"128777","name":"RANCHO CUCAMONGA","state_code":"CA","country_code":"US"},{"id":"128778","name":"RANCHO MIRAGE","state_code":"CA","country_code":"US"},{"id":"128779","name":"RANCHO MURIETA","state_code":"CA","country_code":"US"},{"id":"128780","name":"RANCHO PALOS VERDES","state_code":"CA","country_code":"US"},{"id":"128781","name":"RANCHO PENASQUITOS","state_code":"CA","country_code":"US"},{"id":"128782","name":"RANCHO SAN DIEGO","state_code":"CA","country_code":"US"},{"id":"128783","name":"RANCHO SANTA FE","state_code":"CA","country_code":"US"},{"id":"128784","name":"RANCHO SANTA MARGARITA","state_code":"CA","country_code":"US"},{"id":"128785","name":"RANCHO TEHAMA RESERVE","state_code":"CA","country_code":"US"},{"id":"128786","name":"RED BLUFF","state_code":"CA","country_code":"US"},{"id":"128787","name":"RED CORRAL","state_code":"CA","country_code":"US"},{"id":"128788","name":"REDDING","state_code":"CA","country_code":"US"},{"id":"128789","name":"REDLANDS","state_code":"CA","country_code":"US"},{"id":"128790","name":"REDONDO BEACH","state_code":"CA","country_code":"US"},{"id":"128791","name":"REDWAY","state_code":"CA","country_code":"US"},{"id":"128792","name":"REDWOOD CITY","state_code":"CA","country_code":"US"},{"id":"128793","name":"REDWOOD SHORES","state_code":"CA","country_code":"US"},{"id":"128794","name":"REDWOOD VALLEY","state_code":"CA","country_code":"US"},{"id":"128795","name":"REEDLEY","state_code":"CA","country_code":"US"},{"id":"128796","name":"RIALTO","state_code":"CA","country_code":"US"},{"id":"128797","name":"RICHGROVE","state_code":"CA","country_code":"US"},{"id":"128798","name":"RICHMOND","state_code":"CA","country_code":"US"},{"id":"128799","name":"RIDGECREST","state_code":"CA","country_code":"US"},{"id":"128800","name":"RIDGEMARK","state_code":"CA","country_code":"US"},{"id":"128801","name":"RIO DEL MAR","state_code":"CA","country_code":"US"},{"id":"128802","name":"RIO DELL","state_code":"CA","country_code":"US"},{"id":"128803","name":"RIO LINDA","state_code":"CA","country_code":"US"},{"id":"128804","name":"RIO VISTA","state_code":"CA","country_code":"US"},{"id":"128805","name":"RIPON","state_code":"CA","country_code":"US"},{"id":"128806","name":"RIVERBANK","state_code":"CA","country_code":"US"},{"id":"128807","name":"RIVERDALE","state_code":"CA","country_code":"US"},{"id":"128808","name":"RIVERDALE PARK","state_code":"CA","country_code":"US"},{"id":"128809","name":"RIVERSIDE","state_code":"CA","country_code":"US"},{"id":"128810","name":"RIVERSIDE COUNTY","state_code":"CA","country_code":"US"},{"id":"128811","name":"ROCKLIN","state_code":"CA","country_code":"US"},{"id":"128812","name":"RODEO","state_code":"CA","country_code":"US"},{"id":"128813","name":"ROHNERT PARK","state_code":"CA","country_code":"US"},{"id":"128814","name":"ROLLING HILLS","state_code":"CA","country_code":"US"},{"id":"128815","name":"ROLLING HILLS ESTATES","state_code":"CA","country_code":"US"},{"id":"128816","name":"ROLLINGWOOD","state_code":"CA","country_code":"US"},{"id":"128817","name":"ROMOLAND","state_code":"CA","country_code":"US"},{"id":"128818","name":"ROSAMOND","state_code":"CA","country_code":"US"},{"id":"128819","name":"ROSEDALE","state_code":"CA","country_code":"US"},{"id":"128820","name":"ROSELAND","state_code":"CA","country_code":"US"},{"id":"128821","name":"ROSEMEAD","state_code":"CA","country_code":"US"},{"id":"128822","name":"ROSEMONT","state_code":"CA","country_code":"US"},{"id":"128823","name":"ROSEVILLE","state_code":"CA","country_code":"US"},{"id":"128824","name":"ROSS","state_code":"CA","country_code":"US"},{"id":"128825","name":"ROSSMOOR","state_code":"CA","country_code":"US"},{"id":"128826","name":"ROWLAND HEIGHTS","state_code":"CA","country_code":"US"},{"id":"128827","name":"RUBIDOUX","state_code":"CA","country_code":"US"},{"id":"128828","name":"RUNNING SPRINGS","state_code":"CA","country_code":"US"},{"id":"128829","name":"SACRAMENTO","state_code":"CA","country_code":"US"},{"id":"128830","name":"SACRAMENTO COUNTY","state_code":"CA","country_code":"US"},{"id":"128831","name":"SAINT HELENA","state_code":"CA","country_code":"US"},{"id":"128832","name":"SALIDA","state_code":"CA","country_code":"US"},{"id":"128833","name":"SALINAS","state_code":"CA","country_code":"US"},{"id":"128834","name":"SALTON CITY","state_code":"CA","country_code":"US"},{"id":"128835","name":"SAN ANDREAS","state_code":"CA","country_code":"US"},{"id":"128836","name":"SAN ANSELMO","state_code":"CA","country_code":"US"},{"id":"128837","name":"SAN ANTONIO HEIGHTS","state_code":"CA","country_code":"US"},{"id":"128838","name":"SAN BENITO COUNTY","state_code":"CA","country_code":"US"},{"id":"128839","name":"SAN BERNARDINO","state_code":"CA","country_code":"US"},{"id":"128840","name":"SAN BERNARDINO COUNTY","state_code":"CA","country_code":"US"},{"id":"128841","name":"SAN BRUNO","state_code":"CA","country_code":"US"},{"id":"128842","name":"SAN CARLOS","state_code":"CA","country_code":"US"},{"id":"128843","name":"SAN CLEMENTE","state_code":"CA","country_code":"US"},{"id":"128844","name":"SAN DIEGO","state_code":"CA","country_code":"US"},{"id":"128845","name":"SAN DIEGO COUNTRY ESTATES","state_code":"CA","country_code":"US"},{"id":"128846","name":"SAN DIEGO COUNTY","state_code":"CA","country_code":"US"},{"id":"128847","name":"SAN DIMAS","state_code":"CA","country_code":"US"},{"id":"128848","name":"SAN FERNANDO","state_code":"CA","country_code":"US"},{"id":"128849","name":"SAN FRANCISCO","state_code":"CA","country_code":"US"},{"id":"128850","name":"SAN GABRIEL","state_code":"CA","country_code":"US"},{"id":"128851","name":"SAN JACINTO","state_code":"CA","country_code":"US"},{"id":"128852","name":"SAN JOAQUIN","state_code":"CA","country_code":"US"},{"id":"128853","name":"SAN JOAQUIN COUNTY","state_code":"CA","country_code":"US"},{"id":"128854","name":"SAN JOAQUIN HILLS","state_code":"CA","country_code":"US"},{"id":"128855","name":"SAN JOSE","state_code":"CA","country_code":"US"},{"id":"128856","name":"SAN JUAN BAUTISTA","state_code":"CA","country_code":"US"},{"id":"128857","name":"SAN JUAN CAPISTRANO","state_code":"CA","country_code":"US"},{"id":"128858","name":"SAN LEANDRO","state_code":"CA","country_code":"US"},{"id":"128859","name":"SAN LORENZO","state_code":"CA","country_code":"US"},{"id":"128860","name":"SAN LUIS OBISPO","state_code":"CA","country_code":"US"},{"id":"128861","name":"SAN LUIS OBISPO COUNTY","state_code":"CA","country_code":"US"},{"id":"128862","name":"SAN MARCOS","state_code":"CA","country_code":"US"},{"id":"128863","name":"SAN MARINO","state_code":"CA","country_code":"US"},{"id":"128864","name":"SAN MARTIN","state_code":"CA","country_code":"US"},{"id":"128865","name":"SAN MATEO","state_code":"CA","country_code":"US"},{"id":"128866","name":"SAN MATEO COUNTY","state_code":"CA","country_code":"US"},{"id":"128867","name":"SAN MIGUEL","state_code":"CA","country_code":"US"},{"id":"128868","name":"SAN PABLO","state_code":"CA","country_code":"US"},{"id":"128869","name":"SAN PASQUAL","state_code":"CA","country_code":"US"},{"id":"128870","name":"SAN PEDRO","state_code":"CA","country_code":"US"},{"id":"128871","name":"SAN RAFAEL","state_code":"CA","country_code":"US"},{"id":"128872","name":"SAN RAMON","state_code":"CA","country_code":"US"},{"id":"128873","name":"SANGER","state_code":"CA","country_code":"US"},{"id":"128874","name":"SANTA ANA","state_code":"CA","country_code":"US"},{"id":"128875","name":"SANTA BARBARA","state_code":"CA","country_code":"US"},{"id":"128876","name":"SANTA BARBARA COUNTY","state_code":"CA","country_code":"US"},{"id":"128877","name":"SANTA CLARA","state_code":"CA","country_code":"US"},{"id":"128878","name":"SANTA CLARA COUNTY","state_code":"CA","country_code":"US"},{"id":"128879","name":"SANTA CLARITA","state_code":"CA","country_code":"US"},{"id":"128880","name":"SANTA CRUZ","state_code":"CA","country_code":"US"},{"id":"128881","name":"SANTA CRUZ COUNTY","state_code":"CA","country_code":"US"},{"id":"128882","name":"SANTA FE SPRINGS","state_code":"CA","country_code":"US"},{"id":"128883","name":"SANTA MARGARITA","state_code":"CA","country_code":"US"},{"id":"128884","name":"SANTA MARIA","state_code":"CA","country_code":"US"},{"id":"128885","name":"SANTA MONICA","state_code":"CA","country_code":"US"},{"id":"128886","name":"SANTA PAULA","state_code":"CA","country_code":"US"},{"id":"128887","name":"SANTA ROSA","state_code":"CA","country_code":"US"},{"id":"128888","name":"SANTA SUSANA","state_code":"CA","country_code":"US"},{"id":"128889","name":"SANTA VENETIA","state_code":"CA","country_code":"US"},{"id":"128890","name":"SANTA YNEZ","state_code":"CA","country_code":"US"},{"id":"128891","name":"SANTEE","state_code":"CA","country_code":"US"},{"id":"128892","name":"SARANAP","state_code":"CA","country_code":"US"},{"id":"128893","name":"SARATOGA","state_code":"CA","country_code":"US"},{"id":"128894","name":"SATICOY","state_code":"CA","country_code":"US"},{"id":"128895","name":"SAUSALITO","state_code":"CA","country_code":"US"},{"id":"128896","name":"SCOTTS VALLEY","state_code":"CA","country_code":"US"},{"id":"128897","name":"SEA RANCH","state_code":"CA","country_code":"US"},{"id":"128898","name":"SEACLIFF","state_code":"CA","country_code":"US"},{"id":"128899","name":"SEAL BEACH","state_code":"CA","country_code":"US"},{"id":"128900","name":"SEARLES VALLEY","state_code":"CA","country_code":"US"},{"id":"128901","name":"SEASIDE","state_code":"CA","country_code":"US"},{"id":"128902","name":"SEBASTOPOL","state_code":"CA","country_code":"US"},{"id":"128903","name":"SEDCO HILLS","state_code":"CA","country_code":"US"},{"id":"128904","name":"SEELEY","state_code":"CA","country_code":"US"},{"id":"128905","name":"SELMA","state_code":"CA","country_code":"US"},{"id":"128906","name":"SEVEN TREES","state_code":"CA","country_code":"US"},{"id":"128907","name":"SHACKELFORD","state_code":"CA","country_code":"US"},{"id":"128908","name":"SHADOW HILLS","state_code":"CA","country_code":"US"},{"id":"128909","name":"SHAFTER","state_code":"CA","country_code":"US"},{"id":"128910","name":"SHANDON","state_code":"CA","country_code":"US"},{"id":"128911","name":"SHASTA","state_code":"CA","country_code":"US"},{"id":"128912","name":"SHASTA COUNTY","state_code":"CA","country_code":"US"},{"id":"128913","name":"SHASTA LAKE","state_code":"CA","country_code":"US"},{"id":"128914","name":"SHERIDAN","state_code":"CA","country_code":"US"},{"id":"128915","name":"SHERMAN OAKS","state_code":"CA","country_code":"US"},{"id":"128916","name":"SHINGLE SPRINGS","state_code":"CA","country_code":"US"},{"id":"128917","name":"SHINGLETOWN","state_code":"CA","country_code":"US"},{"id":"128918","name":"SIERRA COUNTY","state_code":"CA","country_code":"US"},{"id":"128919","name":"SIERRA MADRE","state_code":"CA","country_code":"US"},{"id":"128920","name":"SIGNAL HILL","state_code":"CA","country_code":"US"},{"id":"128921","name":"SILVER LAKE","state_code":"CA","country_code":"US"},{"id":"128922","name":"SILVER LAKES","state_code":"CA","country_code":"US"},{"id":"128923","name":"SIMI VALLEY","state_code":"CA","country_code":"US"},{"id":"128924","name":"SISKIYOU COUNTY","state_code":"CA","country_code":"US"},{"id":"128925","name":"SKY VALLEY","state_code":"CA","country_code":"US"},{"id":"128926","name":"SLEEPY HOLLOW","state_code":"CA","country_code":"US"},{"id":"128927","name":"SODA BAY","state_code":"CA","country_code":"US"},{"id":"128928","name":"SOLANA BEACH","state_code":"CA","country_code":"US"},{"id":"128929","name":"SOLANO COUNTY","state_code":"CA","country_code":"US"},{"id":"128930","name":"SOLEDAD","state_code":"CA","country_code":"US"},{"id":"128931","name":"SOLVANG","state_code":"CA","country_code":"US"},{"id":"128932","name":"SONOMA","state_code":"CA","country_code":"US"},{"id":"128933","name":"SONOMA COUNTY","state_code":"CA","country_code":"US"},{"id":"128934","name":"SONORA","state_code":"CA","country_code":"US"},{"id":"128935","name":"SOQUEL","state_code":"CA","country_code":"US"},{"id":"128936","name":"SORRENTO VALLEY","state_code":"CA","country_code":"US"},{"id":"128937","name":"SOULSBYVILLE","state_code":"CA","country_code":"US"},{"id":"128938","name":"SOUTH DOS PALOS","state_code":"CA","country_code":"US"},{"id":"128939","name":"SOUTH EL MONTE","state_code":"CA","country_code":"US"},{"id":"128940","name":"SOUTH GATE","state_code":"CA","country_code":"US"},{"id":"128941","name":"SOUTH LAKE TAHOE","state_code":"CA","country_code":"US"},{"id":"128942","name":"SOUTH OROVILLE","state_code":"CA","country_code":"US"},{"id":"128943","name":"SOUTH PASADENA","state_code":"CA","country_code":"US"},{"id":"128944","name":"SOUTH SAN FRANCISCO","state_code":"CA","country_code":"US"},{"id":"128945","name":"SOUTH SAN GABRIEL","state_code":"CA","country_code":"US"},{"id":"128946","name":"SOUTH SAN JOSE HILLS","state_code":"CA","country_code":"US"},{"id":"128947","name":"SOUTH TAFT","state_code":"CA","country_code":"US"},{"id":"128948","name":"SOUTH WHITTIER","state_code":"CA","country_code":"US"},{"id":"128949","name":"SOUTH YUBA CITY","state_code":"CA","country_code":"US"},{"id":"128950","name":"SPRING VALLEY","state_code":"CA","country_code":"US"},{"id":"128951","name":"SPRING VALLEY LAKE","state_code":"CA","country_code":"US"},{"id":"128952","name":"SQUAW VALLEY","state_code":"CA","country_code":"US"},{"id":"128953","name":"STALLION SPRINGS","state_code":"CA","country_code":"US"},{"id":"128954","name":"STANFORD","state_code":"CA","country_code":"US"},{"id":"128955","name":"STANISLAUS COUNTY","state_code":"CA","country_code":"US"},{"id":"128956","name":"STANTON","state_code":"CA","country_code":"US"},{"id":"128957","name":"STEVENSON RANCH","state_code":"CA","country_code":"US"},{"id":"128958","name":"STOCKTON","state_code":"CA","country_code":"US"},{"id":"128959","name":"STRATFORD","state_code":"CA","country_code":"US"},{"id":"128960","name":"STRATHMORE","state_code":"CA","country_code":"US"},{"id":"128961","name":"STRAWBERRY","state_code":"CA","country_code":"US"},{"id":"128962","name":"STUDIO CITY","state_code":"CA","country_code":"US"},{"id":"128963","name":"SUISUN","state_code":"CA","country_code":"US"},{"id":"128964","name":"SUMMERLAND","state_code":"CA","country_code":"US"},{"id":"128965","name":"SUN CITY","state_code":"CA","country_code":"US"},{"id":"128966","name":"SUN VILLAGE","state_code":"CA","country_code":"US"},{"id":"128967","name":"SUNLAND","state_code":"CA","country_code":"US"},{"id":"128968","name":"SUNNYSIDE","state_code":"CA","country_code":"US"},{"id":"128969","name":"SUNNYSIDE-TAHOE CITY","state_code":"CA","country_code":"US"},{"id":"128970","name":"SUNNYSLOPE","state_code":"CA","country_code":"US"},{"id":"128971","name":"SUNNYVALE","state_code":"CA","country_code":"US"},{"id":"128972","name":"SUSANVILLE","state_code":"CA","country_code":"US"},{"id":"128973","name":"SUTTER","state_code":"CA","country_code":"US"},{"id":"128974","name":"SUTTER COUNTY","state_code":"CA","country_code":"US"},{"id":"128975","name":"SUTTER CREEK","state_code":"CA","country_code":"US"},{"id":"128976","name":"TAFT","state_code":"CA","country_code":"US"},{"id":"128977","name":"TAFT HEIGHTS","state_code":"CA","country_code":"US"},{"id":"128978","name":"TAFT MOSSWOOD","state_code":"CA","country_code":"US"},{"id":"128979","name":"TAHOE VISTA","state_code":"CA","country_code":"US"},{"id":"128980","name":"TAHOMA","state_code":"CA","country_code":"US"},{"id":"128981","name":"TALMAGE","state_code":"CA","country_code":"US"},{"id":"128982","name":"TAMALPAIS VALLEY","state_code":"CA","country_code":"US"},{"id":"128983","name":"TAMALPAIS-HOMESTEAD VALLEY","state_code":"CA","country_code":"US"},{"id":"128984","name":"TARA HILLS","state_code":"CA","country_code":"US"},{"id":"128985","name":"TARPEY VILLAGE","state_code":"CA","country_code":"US"},{"id":"128986","name":"TEHACHAPI","state_code":"CA","country_code":"US"},{"id":"128987","name":"TEHAMA COUNTY","state_code":"CA","country_code":"US"},{"id":"128988","name":"TEMECULA","state_code":"CA","country_code":"US"},{"id":"128989","name":"TEMELEC","state_code":"CA","country_code":"US"},{"id":"128990","name":"TEMPLE CITY","state_code":"CA","country_code":"US"},{"id":"128991","name":"TEMPLETON","state_code":"CA","country_code":"US"},{"id":"128992","name":"TERRA BELLA","state_code":"CA","country_code":"US"},{"id":"128993","name":"TEVISTON","state_code":"CA","country_code":"US"},{"id":"128994","name":"THERMAL","state_code":"CA","country_code":"US"},{"id":"128995","name":"THERMALITO","state_code":"CA","country_code":"US"},{"id":"128996","name":"THORNTON","state_code":"CA","country_code":"US"},{"id":"128997","name":"THOUSAND OAKS","state_code":"CA","country_code":"US"},{"id":"128998","name":"THOUSAND PALMS","state_code":"CA","country_code":"US"},{"id":"128999","name":"THREE RIVERS","state_code":"CA","country_code":"US"},{"id":"129000","name":"TIBURON","state_code":"CA","country_code":"US"},{"id":"129001","name":"TIERRA BUENA","state_code":"CA","country_code":"US"},{"id":"129002","name":"TIPTON","state_code":"CA","country_code":"US"},{"id":"129003","name":"TOPANGA","state_code":"CA","country_code":"US"},{"id":"129004","name":"TORO CANYON","state_code":"CA","country_code":"US"},{"id":"129005","name":"TORRANCE","state_code":"CA","country_code":"US"},{"id":"129006","name":"TRABUCO CANYON","state_code":"CA","country_code":"US"},{"id":"129007","name":"TRACY","state_code":"CA","country_code":"US"},{"id":"129008","name":"TRINITY COUNTY","state_code":"CA","country_code":"US"},{"id":"129009","name":"TRUCKEE","state_code":"CA","country_code":"US"},{"id":"129010","name":"TUJUNGA","state_code":"CA","country_code":"US"},{"id":"129011","name":"TULARE","state_code":"CA","country_code":"US"},{"id":"129012","name":"TULARE COUNTY","state_code":"CA","country_code":"US"},{"id":"129013","name":"TUOLUMNE CITY","state_code":"CA","country_code":"US"},{"id":"129014","name":"TUOLUMNE COUNTY","state_code":"CA","country_code":"US"},{"id":"129015","name":"TURLOCK","state_code":"CA","country_code":"US"},{"id":"129016","name":"TUSTIN","state_code":"CA","country_code":"US"},{"id":"129017","name":"TWAIN HARTE","state_code":"CA","country_code":"US"},{"id":"129018","name":"TWENTYNINE PALMS","state_code":"CA","country_code":"US"},{"id":"129019","name":"TWIN LAKES","state_code":"CA","country_code":"US"},{"id":"129020","name":"UKIAH","state_code":"CA","country_code":"US"},{"id":"129021","name":"UNION CITY","state_code":"CA","country_code":"US"},{"id":"129022","name":"UNIVERSAL CITY","state_code":"CA","country_code":"US"},{"id":"129023","name":"UPLAND","state_code":"CA","country_code":"US"},{"id":"129024","name":"UPPER LAKE","state_code":"CA","country_code":"US"},{"id":"129025","name":"VACAVILLE","state_code":"CA","country_code":"US"},{"id":"129026","name":"VAL VERDE","state_code":"CA","country_code":"US"},{"id":"129027","name":"VALENCIA","state_code":"CA","country_code":"US"},{"id":"129028","name":"VALINDA","state_code":"CA","country_code":"US"},{"id":"129029","name":"VALLE VISTA","state_code":"CA","country_code":"US"},{"id":"129030","name":"VALLEJO","state_code":"CA","country_code":"US"},{"id":"129031","name":"VALLEY CENTER","state_code":"CA","country_code":"US"},{"id":"129032","name":"VALLEY GLEN","state_code":"CA","country_code":"US"},{"id":"129033","name":"VALLEY SPRINGS","state_code":"CA","country_code":"US"},{"id":"129034","name":"VAN NUYS","state_code":"CA","country_code":"US"},{"id":"129035","name":"VANDENBERG AIR FORCE BASE","state_code":"CA","country_code":"US"},{"id":"129036","name":"VANDENBERG VILLAGE","state_code":"CA","country_code":"US"},{"id":"129037","name":"VENICE","state_code":"CA","country_code":"US"},{"id":"129038","name":"VENTURA","state_code":"CA","country_code":"US"},{"id":"129039","name":"VENTURA COUNTY","state_code":"CA","country_code":"US"},{"id":"129040","name":"VICTORVILLE","state_code":"CA","country_code":"US"},{"id":"129041","name":"VIEW PARK-WINDSOR HILLS","state_code":"CA","country_code":"US"},{"id":"129042","name":"VILLA PARK","state_code":"CA","country_code":"US"},{"id":"129043","name":"VINCENT","state_code":"CA","country_code":"US"},{"id":"129044","name":"VINE HILL","state_code":"CA","country_code":"US"},{"id":"129045","name":"VINEYARD","state_code":"CA","country_code":"US"},{"id":"129046","name":"VISALIA","state_code":"CA","country_code":"US"},{"id":"129047","name":"VISITACION VALLEY","state_code":"CA","country_code":"US"},{"id":"129048","name":"VISTA","state_code":"CA","country_code":"US"},{"id":"129049","name":"VISTA SANTA ROSA","state_code":"CA","country_code":"US"},{"id":"129050","name":"WALDON","state_code":"CA","country_code":"US"},{"id":"129051","name":"WALNUT","state_code":"CA","country_code":"US"},{"id":"129052","name":"WALNUT CREEK","state_code":"CA","country_code":"US"},{"id":"129053","name":"WALNUT GROVE","state_code":"CA","country_code":"US"},{"id":"129054","name":"WALNUT PARK","state_code":"CA","country_code":"US"},{"id":"129055","name":"WASCO","state_code":"CA","country_code":"US"},{"id":"129056","name":"WATERFORD","state_code":"CA","country_code":"US"},{"id":"129057","name":"WATSONVILLE","state_code":"CA","country_code":"US"},{"id":"129058","name":"WEAVERVILLE","state_code":"CA","country_code":"US"},{"id":"129059","name":"WEED","state_code":"CA","country_code":"US"},{"id":"129060","name":"WEEDPATCH","state_code":"CA","country_code":"US"},{"id":"129061","name":"WELDON","state_code":"CA","country_code":"US"},{"id":"129062","name":"WEST ATHENS","state_code":"CA","country_code":"US"},{"id":"129063","name":"WEST BISHOP","state_code":"CA","country_code":"US"},{"id":"129064","name":"WEST CARSON","state_code":"CA","country_code":"US"},{"id":"129065","name":"WEST COVINA","state_code":"CA","country_code":"US"},{"id":"129066","name":"WEST HILLS","state_code":"CA","country_code":"US"},{"id":"129067","name":"WEST HOLLYWOOD","state_code":"CA","country_code":"US"},{"id":"129068","name":"WEST MENLO PARK","state_code":"CA","country_code":"US"},{"id":"129069","name":"WEST MODESTO","state_code":"CA","country_code":"US"},{"id":"129070","name":"WEST PARK","state_code":"CA","country_code":"US"},{"id":"129071","name":"WEST PUENTE VALLEY","state_code":"CA","country_code":"US"},{"id":"129072","name":"WEST RANCHO DOMINGUEZ","state_code":"CA","country_code":"US"},{"id":"129073","name":"WEST SACRAMENTO","state_code":"CA","country_code":"US"},{"id":"129074","name":"WEST WHITTIER-LOS NIETOS","state_code":"CA","country_code":"US"},{"id":"129075","name":"WESTHAVEN-MOONSTONE","state_code":"CA","country_code":"US"},{"id":"129076","name":"WESTLAKE VILLAGE","state_code":"CA","country_code":"US"},{"id":"129077","name":"WESTMINSTER","state_code":"CA","country_code":"US"},{"id":"129078","name":"WESTMONT","state_code":"CA","country_code":"US"},{"id":"129079","name":"WESTMORLAND","state_code":"CA","country_code":"US"},{"id":"129080","name":"WESTWOOD","state_code":"CA","country_code":"US"},{"id":"129081","name":"WHEATLAND","state_code":"CA","country_code":"US"},{"id":"129082","name":"WHITTIER","state_code":"CA","country_code":"US"},{"id":"129083","name":"WILDOMAR","state_code":"CA","country_code":"US"},{"id":"129084","name":"WILLIAMS","state_code":"CA","country_code":"US"},{"id":"129085","name":"WILLITS","state_code":"CA","country_code":"US"},{"id":"129086","name":"WILLOW CREEK","state_code":"CA","country_code":"US"},{"id":"129087","name":"WILLOWBROOK","state_code":"CA","country_code":"US"},{"id":"129088","name":"WILLOWS","state_code":"CA","country_code":"US"},{"id":"129089","name":"WILTON","state_code":"CA","country_code":"US"},{"id":"129090","name":"WINCHESTER","state_code":"CA","country_code":"US"},{"id":"129091","name":"WINDSOR","state_code":"CA","country_code":"US"},{"id":"129092","name":"WINTER GARDENS","state_code":"CA","country_code":"US"},{"id":"129093","name":"WINTERS","state_code":"CA","country_code":"US"},{"id":"129094","name":"WINTON","state_code":"CA","country_code":"US"},{"id":"129095","name":"WOFFORD HEIGHTS","state_code":"CA","country_code":"US"},{"id":"129096","name":"WOODACRE","state_code":"CA","country_code":"US"},{"id":"129097","name":"WOODBRIDGE","state_code":"CA","country_code":"US"},{"id":"129098","name":"WOODCREST","state_code":"CA","country_code":"US"},{"id":"129099","name":"WOODLAKE","state_code":"CA","country_code":"US"},{"id":"129100","name":"WOODLAND","state_code":"CA","country_code":"US"},{"id":"129101","name":"WOODLAND HILLS","state_code":"CA","country_code":"US"},{"id":"129102","name":"WOODSIDE","state_code":"CA","country_code":"US"},{"id":"129103","name":"WOODVILLE","state_code":"CA","country_code":"US"},{"id":"129104","name":"WRIGHTWOOD","state_code":"CA","country_code":"US"},{"id":"129105","name":"YOLO COUNTY","state_code":"CA","country_code":"US"},{"id":"129106","name":"YORBA LINDA","state_code":"CA","country_code":"US"},{"id":"129107","name":"YOSEMITE LAKES","state_code":"CA","country_code":"US"},{"id":"129108","name":"YOSEMITE VALLEY","state_code":"CA","country_code":"US"},{"id":"129109","name":"YOUNTVILLE","state_code":"CA","country_code":"US"},{"id":"129110","name":"YREKA","state_code":"CA","country_code":"US"},{"id":"129111","name":"YUBA CITY","state_code":"CA","country_code":"US"},{"id":"129112","name":"YUBA COUNTY","state_code":"CA","country_code":"US"},{"id":"129113","name":"YUCAIPA","state_code":"CA","country_code":"US"},{"id":"129114","name":"YUCCA VALLEY","state_code":"CA","country_code":"US"}]