[{"id":57598,"name":"Afzalpur","state_id":4026,"state_code":"KA","state_name":"Karnataka","country_id":101,"country_code":"IN","country_name":"India"},{"id":57613,"name":"Ajjampur","state_id":4026,"state_code":"KA","state_name":"Karnataka","country_id":101,"country_code":"IN","country_name":"India"},{"id":57632,"name":"Aland","state_id":4026,"state_code":"KA","state_name":"Karnataka","country_id":101,"country_code":"IN","country_name":"India"},{"id":57644,"name":"Alnavar","state_id":4026,"state_code":"KA","state_name":"Karnataka","country_id":101,"country_code":"IN","country_name":"India"},{"id":57656,"name":"Alur","state_id":4026,"state_code":"KA","state_name":"Karnataka","country_id":101,"country_code":"IN","country_name":"India"},{"id":57702,"name":"Anekal","state_id":4026,"state_code":"KA","state_name":"Karnataka","country_id":101,"country_code":"IN","country_name":"India"},{"id":57711,"name":"Ankola","state_id":4026,"state_code":"KA","state_name":"Karnataka","country_id":101,"country_code":"IN","country_name":"India"},{"id":57713,"name":"Annigeri","state_id":4026,"state_code":"KA","state_name":"Karnataka","country_id":101,"country_code":"IN","country_name":"India"},{"id":57735,"name":"Arkalgud","state_id":4026,"state_code":"KA","state_name":"Karnataka","country_id":101,"country_code":"IN","country_name":"India"},{"id":57740,"name":"Arsikere","state_id":4026,"state_code":"KA","state_name":"Karnataka","country_id":101,"country_code":"IN","country_name":"India"},{"id":57757,"name":"Athni","state_id":4026,"state_code":"KA","state_name":"Karnataka","country_id":101,"country_code":"IN","country_name":"India"},{"id":57768,"name":"Aurad","state_id":4026,"state_code":"KA","state_name":"Karnataka","country_id":101,"country_code":"IN","country_name":"India"},{"id":58105,"name":"Badami","state_id":4026,"state_code":"KA","state_name":"Karnataka","country_id":101,"country_code":"IN","country_name":"India"},{"id":57797,"name":"Bagalkot","state_id":4026,"state_code":"KA","state_name":"Karnataka","country_id":101,"country_code":"IN","country_name":"India"},{"id":58107,"name":"Bagepalli","state_id":4026,"state_code":"KA","state_name":"Karnataka","country_id":101,"country_code":"IN","country_name":"India"},{"id":57814,"name":"Bail-Hongal","state_id":4026,"state_code":"KA","state_name":"Karnataka","country_id":101,"country_code":"IN","country_name":"India"},{"id":57827,"name":"Ballari","state_id":4026,"state_code":"KA","state_name":"Karnataka","country_id":101,"country_code":"IN","country_name":"India"},{"id":57924,"name":"Ballary","state_id":4026,"state_code":"KA","state_name":"Karnataka","country_id":101,"country_code":"IN","country_name":"India"},{"id":58136,"name":"Banavar","state_id":4026,"state_code":"KA","state_name":"Karnataka","country_id":101,"country_code":"IN","country_name":"India"},{"id":57847,"name":"Bangalore Rural","state_id":4026,"state_code":"KA","state_name":"Karnataka","country_id":101,"country_code":"IN","country_name":"India"},{"id":57848,"name":"Bangalore Urban","state_id":4026,"state_code":"KA","state_name":"Karnataka","country_id":101,"country_code":"IN","country_name":"India"},{"id":57851,"name":"Bangarapet","state_id":4026,"state_code":"KA","state_name":"Karnataka","country_id":101,"country_code":"IN","country_name":"India"},{"id":57856,"name":"Bannur","state_id":4026,"state_code":"KA","state_name":"Karnataka","country_id":101,"country_code":"IN","country_name":"India"},{"id":57857,"name":"Bantval","state_id":4026,"state_code":"KA","state_name":"Karnataka","country_id":101,"country_code":"IN","country_name":"India"},{"id":57893,"name":"Basavakalyan","state_id":4026,"state_code":"KA","state_name":"Karnataka","country_id":101,"country_code":"IN","country_name":"India"},{"id":57894,"name":"Basavana Bagevadi","state_id":4026,"state_code":"KA","state_name":"Karnataka","country_id":101,"country_code":"IN","country_name":"India"},{"id":57922,"name":"Belagavi","state_id":4026,"state_code":"KA","state_name":"Karnataka","country_id":101,"country_code":"IN","country_name":"India"},{"id":57925,"name":"Belluru","state_id":4026,"state_code":"KA","state_name":"Karnataka","country_id":101,"country_code":"IN","country_name":"India"},{"id":57928,"name":"Beltangadi","state_id":4026,"state_code":"KA","state_name":"Karnataka","country_id":101,"country_code":"IN","country_name":"India"},{"id":57930,"name":"Belur","state_id":4026,"state_code":"KA","state_name":"Karnataka","country_id":101,"country_code":"IN","country_name":"India"},{"id":57933,"name":"Bengaluru","state_id":4026,"state_code":"KA","state_name":"Karnataka","country_id":101,"country_code":"IN","country_name":"India"},{"id":57956,"name":"Bhadravati","state_id":4026,"state_code":"KA","state_name":"Karnataka","country_id":101,"country_code":"IN","country_name":"India"},{"id":58010,"name":"Bhalki","state_id":4026,"state_code":"KA","state_name":"Karnataka","country_id":101,"country_code":"IN","country_name":"India"},{"id":57970,"name":"Bhatkal","state_id":4026,"state_code":"KA","state_name":"Karnataka","country_id":101,"country_code":"IN","country_name":"India"},{"id":58154,"name":"Bidar","state_id":4026,"state_code":"KA","state_name":"Karnataka","country_id":101,"country_code":"IN","country_name":"India"},{"id":58042,"name":"Bilgi","state_id":4026,"state_code":"KA","state_name":"Karnataka","country_id":101,"country_code":"IN","country_name":"India"},{"id":58061,"name":"Birur","state_id":4026,"state_code":"KA","state_name":"Karnataka","country_id":101,"country_code":"IN","country_name":"India"},{"id":58102,"name":"Byadgi","state_id":4026,"state_code":"KA","state_name":"Karnataka","country_id":101,"country_code":"IN","country_name":"India"},{"id":58101,"name":"Byndoor","state_id":4026,"state_code":"KA","state_name":"Karnataka","country_id":101,"country_code":"IN","country_name":"India"},{"id":58166,"name":"Canacona","state_id":4026,"state_code":"KA","state_name":"Karnataka","country_id":101,"country_code":"IN","country_name":"India"},{"id":58178,"name":"Challakere","state_id":4026,"state_code":"KA","state_name":"Karnataka","country_id":101,"country_code":"IN","country_name":"India"},{"id":58185,"name":"Chamrajnagar","state_id":4026,"state_code":"KA","state_name":"Karnataka","country_id":101,"country_code":"IN","country_name":"India"},{"id":58197,"name":"Channagiri","state_id":4026,"state_code":"KA","state_name":"Karnataka","country_id":101,"country_code":"IN","country_name":"India"},{"id":58198,"name":"Channapatna","state_id":4026,"state_code":"KA","state_name":"Karnataka","country_id":101,"country_code":"IN","country_name":"India"},{"id":58199,"name":"Channarayapatna","state_id":4026,"state_code":"KA","state_name":"Karnataka","country_id":101,"country_code":"IN","country_name":"India"},{"id":131547,"name":"Chik Ballapur","state_id":4026,"state_code":"KA","state_name":"Karnataka","country_id":101,"country_code":"IN","country_name":"India"},{"id":131551,"name":"Chikkaballapur","state_id":4026,"state_code":"KA","state_name":"Karnataka","country_id":101,"country_code":"IN","country_name":"India"},{"id":131552,"name":"Chikkamagaluru","state_id":4026,"state_code":"KA","state_name":"Karnataka","country_id":101,"country_code":"IN","country_name":"India"},{"id":131554,"name":"Chiknayakanhalli","state_id":4026,"state_code":"KA","state_name":"Karnataka","country_id":101,"country_code":"IN","country_name":"India"},{"id":131555,"name":"Chikodi","state_id":4026,"state_code":"KA","state_name":"Karnataka","country_id":101,"country_code":"IN","country_name":"India"},{"id":131560,"name":"Chincholi","state_id":4026,"state_code":"KA","state_name":"Karnataka","country_id":101,"country_code":"IN","country_name":"India"},{"id":131566,"name":"Chintamani","state_id":4026,"state_code":"KA","state_name":"Karnataka","country_id":101,"country_code":"IN","country_name":"India"},{"id":131613,"name":"Chitapur","state_id":4026,"state_code":"KA","state_name":"Karnataka","country_id":101,"country_code":"IN","country_name":"India"},{"id":131571,"name":"Chitradurga","state_id":4026,"state_code":"KA","state_name":"Karnataka","country_id":101,"country_code":"IN","country_name":"India"},{"id":131616,"name":"Closepet","state_id":4026,"state_code":"KA","state_name":"Karnataka","country_id":101,"country_code":"IN","country_name":"India"},{"id":131624,"name":"Coondapoor","state_id":4026,"state_code":"KA","state_name":"Karnataka","country_id":101,"country_code":"IN","country_name":"India"},{"id":131644,"name":"Dakshina Kannada","state_id":4026,"state_code":"KA","state_name":"Karnataka","country_id":101,"country_code":"IN","country_name":"India"},{"id":131652,"name":"Dandeli","state_id":4026,"state_code":"KA","state_name":"Karnataka","country_id":101,"country_code":"IN","country_name":"India"},{"id":131670,"name":"Davanagere","state_id":4026,"state_code":"KA","state_name":"Karnataka","country_id":101,"country_code":"IN","country_name":"India"},{"id":131701,"name":"Devanhalli","state_id":4026,"state_code":"KA","state_name":"Karnataka","country_id":101,"country_code":"IN","country_name":"India"},{"id":131729,"name":"Dharwad","state_id":4026,"state_code":"KA","state_name":"Karnataka","country_id":101,"country_code":"IN","country_name":"India"},{"id":131780,"name":"Dod Ballapur","state_id":4026,"state_code":"KA","state_name":"Karnataka","country_id":101,"country_code":"IN","country_name":"India"},{"id":131879,"name":"French Rocks","state_id":4026,"state_code":"KA","state_name":"Karnataka","country_id":101,"country_code":"IN","country_name":"India"},{"id":131884,"name":"Gadag","state_id":4026,"state_code":"KA","state_name":"Karnataka","country_id":101,"country_code":"IN","country_name":"India"},{"id":131885,"name":"Gadag-Betageri","state_id":4026,"state_code":"KA","state_name":"Karnataka","country_id":101,"country_code":"IN","country_name":"India"},{"id":131893,"name":"Gajendragarh","state_id":4026,"state_code":"KA","state_name":"Karnataka","country_id":101,"country_code":"IN","country_name":"India"},{"id":131911,"name":"Gangawati","state_id":4026,"state_code":"KA","state_name":"Karnataka","country_id":101,"country_code":"IN","country_name":"India"},{"id":131904,"name":"Gangolli","state_id":4026,"state_code":"KA","state_name":"Karnataka","country_id":101,"country_code":"IN","country_name":"India"},{"id":131970,"name":"Gokak","state_id":4026,"state_code":"KA","state_name":"Karnataka","country_id":101,"country_code":"IN","country_name":"India"},{"id":131971,"name":"Gokarna","state_id":4026,"state_code":"KA","state_name":"Karnataka","country_id":101,"country_code":"IN","country_name":"India"},{"id":131995,"name":"Goribidnur","state_id":4026,"state_code":"KA","state_name":"Karnataka","country_id":101,"country_code":"IN","country_name":"India"},{"id":131996,"name":"Gorur","state_id":4026,"state_code":"KA","state_name":"Karnataka","country_id":101,"country_code":"IN","country_name":"India"},{"id":132007,"name":"Gubbi","state_id":4026,"state_code":"KA","state_name":"Karnataka","country_id":101,"country_code":"IN","country_name":"India"},{"id":132009,"name":"Gudibanda","state_id":4026,"state_code":"KA","state_name":"Karnataka","country_id":101,"country_code":"IN","country_name":"India"},{"id":132017,"name":"Guledagudda","state_id":4026,"state_code":"KA","state_name":"Karnataka","country_id":101,"country_code":"IN","country_name":"India"},{"id":132025,"name":"Gundlupēt","state_id":4026,"state_code":"KA","state_name":"Karnataka","country_id":101,"country_code":"IN","country_name":"India"},{"id":132034,"name":"Gurmatkal","state_id":4026,"state_code":"KA","state_name":"Karnataka","country_id":101,"country_code":"IN","country_name":"India"},{"id":132053,"name":"Hadagalli","state_id":4026,"state_code":"KA","state_name":"Karnataka","country_id":101,"country_code":"IN","country_name":"India"},{"id":132059,"name":"Haliyal","state_id":4026,"state_code":"KA","state_name":"Karnataka","country_id":101,"country_code":"IN","country_name":"India"},{"id":132061,"name":"Hampi","state_id":4026,"state_code":"KA","state_name":"Karnataka","country_id":101,"country_code":"IN","country_name":"India"},{"id":132140,"name":"Hangal","state_id":4026,"state_code":"KA","state_name":"Karnataka","country_id":101,"country_code":"IN","country_name":"India"},{"id":132076,"name":"Harihar","state_id":4026,"state_code":"KA","state_name":"Karnataka","country_id":101,"country_code":"IN","country_name":"India"},{"id":132079,"name":"Harpanahalli","state_id":4026,"state_code":"KA","state_name":"Karnataka","country_id":101,"country_code":"IN","country_name":"India"},{"id":132086,"name":"Hassan","state_id":4026,"state_code":"KA","state_name":"Karnataka","country_id":101,"country_code":"IN","country_name":"India"},{"id":132089,"name":"Haveri","state_id":4026,"state_code":"KA","state_name":"Karnataka","country_id":101,"country_code":"IN","country_name":"India"},{"id":132093,"name":"Heggadadevankote","state_id":4026,"state_code":"KA","state_name":"Karnataka","country_id":101,"country_code":"IN","country_name":"India"},{"id":132103,"name":"Hirekerur","state_id":4026,"state_code":"KA","state_name":"Karnataka","country_id":101,"country_code":"IN","country_name":"India"},{"id":132104,"name":"Hiriyur","state_id":4026,"state_code":"KA","state_name":"Karnataka","country_id":101,"country_code":"IN","country_name":"India"},{"id":132111,"name":"Holalkere","state_id":4026,"state_code":"KA","state_name":"Karnataka","country_id":101,"country_code":"IN","country_name":"India"},{"id":132112,"name":"Hole Narsipur","state_id":4026,"state_code":"KA","state_name":"Karnataka","country_id":101,"country_code":"IN","country_name":"India"},{"id":132113,"name":"Homnabad","state_id":4026,"state_code":"KA","state_name":"Karnataka","country_id":101,"country_code":"IN","country_name":"India"},{"id":132115,"name":"Honavar","state_id":4026,"state_code":"KA","state_name":"Karnataka","country_id":101,"country_code":"IN","country_name":"India"},{"id":132114,"name":"Honnali","state_id":4026,"state_code":"KA","state_name":"Karnataka","country_id":101,"country_code":"IN","country_name":"India"},{"id":132117,"name":"Hosanagara","state_id":4026,"state_code":"KA","state_name":"Karnataka","country_id":101,"country_code":"IN","country_name":"India"},{"id":132118,"name":"Hosangadi","state_id":4026,"state_code":"KA","state_name":"Karnataka","country_id":101,"country_code":"IN","country_name":"India"},{"id":132119,"name":"Hosdurga","state_id":4026,"state_code":"KA","state_name":"Karnataka","country_id":101,"country_code":"IN","country_name":"India"},{"id":132123,"name":"Hoskote","state_id":4026,"state_code":"KA","state_name":"Karnataka","country_id":101,"country_code":"IN","country_name":"India"},{"id":132124,"name":"Hospet","state_id":4026,"state_code":"KA","state_name":"Karnataka","country_id":101,"country_code":"IN","country_name":"India"},{"id":132127,"name":"Hubballi","state_id":4026,"state_code":"KA","state_name":"Karnataka","country_id":101,"country_code":"IN","country_name":"India"},{"id":132128,"name":"Hukeri","state_id":4026,"state_code":"KA","state_name":"Karnataka","country_id":101,"country_code":"IN","country_name":"India"},{"id":132129,"name":"Hungund","state_id":4026,"state_code":"KA","state_name":"Karnataka","country_id":101,"country_code":"IN","country_name":"India"},{"id":132130,"name":"Hunsur","state_id":4026,"state_code":"KA","state_name":"Karnataka","country_id":101,"country_code":"IN","country_name":"India"},{"id":132160,"name":"Ilkal","state_id":4026,"state_code":"KA","state_name":"Karnataka","country_id":101,"country_code":"IN","country_name":"India"},{"id":132165,"name":"Indi","state_id":4026,"state_code":"KA","state_name":"Karnataka","country_id":101,"country_code":"IN","country_name":"India"},{"id":132182,"name":"Jagalur","state_id":4026,"state_code":"KA","state_name":"Karnataka","country_id":101,"country_code":"IN","country_name":"India"},{"id":132227,"name":"Jamkhandi","state_id":4026,"state_code":"KA","state_name":"Karnataka","country_id":101,"country_code":"IN","country_name":"India"},{"id":132263,"name":"Jevargi","state_id":4026,"state_code":"KA","state_name":"Karnataka","country_id":101,"country_code":"IN","country_name":"India"},{"id":132330,"name":"Kadur","state_id":4026,"state_code":"KA","state_name":"Karnataka","country_id":101,"country_code":"IN","country_name":"India"},{"id":132016,"name":"Kalaburgi","state_id":4026,"state_code":"KA","state_name":"Karnataka","country_id":101,"country_code":"IN","country_name":"India"},{"id":132351,"name":"Kalghatgi","state_id":4026,"state_code":"KA","state_name":"Karnataka","country_id":101,"country_code":"IN","country_name":"India"},{"id":132365,"name":"Kampli","state_id":4026,"state_code":"KA","state_name":"Karnataka","country_id":101,"country_code":"IN","country_name":"India"},{"id":132706,"name":"Kankanhalli","state_id":4026,"state_code":"KA","state_name":"Karnataka","country_id":101,"country_code":"IN","country_name":"India"},{"id":132719,"name":"Karkala","state_id":4026,"state_code":"KA","state_name":"Karnataka","country_id":101,"country_code":"IN","country_name":"India"},{"id":132411,"name":"Karwar","state_id":4026,"state_code":"KA","state_name":"Karnataka","country_id":101,"country_code":"IN","country_name":"India"},{"id":132431,"name":"Kavalur","state_id":4026,"state_code":"KA","state_name":"Karnataka","country_id":101,"country_code":"IN","country_name":"India"},{"id":132445,"name":"Kerur","state_id":4026,"state_code":"KA","state_name":"Karnataka","country_id":101,"country_code":"IN","country_name":"India"},{"id":132516,"name":"Khanapur","state_id":4026,"state_code":"KA","state_name":"Karnataka","country_id":101,"country_code":"IN","country_name":"India"},{"id":132537,"name":"Kodagu","state_id":4026,"state_code":"KA","state_name":"Karnataka","country_id":101,"country_code":"IN","country_name":"India"},{"id":132541,"name":"Kodigenahalli","state_id":4026,"state_code":"KA","state_name":"Karnataka","country_id":101,"country_code":"IN","country_name":"India"},{"id":132542,"name":"Kodlipet","state_id":4026,"state_code":"KA","state_name":"Karnataka","country_id":101,"country_code":"IN","country_name":"India"},{"id":132553,"name":"Kolar","state_id":4026,"state_code":"KA","state_name":"Karnataka","country_id":101,"country_code":"IN","country_name":"India"},{"id":132559,"name":"Kollegal","state_id":4026,"state_code":"KA","state_name":"Karnataka","country_id":101,"country_code":"IN","country_name":"India"},{"id":132563,"name":"Konanur","state_id":4026,"state_code":"KA","state_name":"Karnataka","country_id":101,"country_code":"IN","country_name":"India"},{"id":132569,"name":"Konnur","state_id":4026,"state_code":"KA","state_name":"Karnataka","country_id":101,"country_code":"IN","country_name":"India"},{"id":132573,"name":"Koppa","state_id":4026,"state_code":"KA","state_name":"Karnataka","country_id":101,"country_code":"IN","country_name":"India"},{"id":132574,"name":"Koppal","state_id":4026,"state_code":"KA","state_name":"Karnataka","country_id":101,"country_code":"IN","country_name":"India"},{"id":132579,"name":"Koratagere","state_id":4026,"state_code":"KA","state_name":"Karnataka","country_id":101,"country_code":"IN","country_name":"India"},{"id":132610,"name":"Kotturu","state_id":4026,"state_code":"KA","state_name":"Karnataka","country_id":101,"country_code":"IN","country_name":"India"},{"id":132623,"name":"Krishnarajpet","state_id":4026,"state_code":"KA","state_name":"Karnataka","country_id":101,"country_code":"IN","country_name":"India"},{"id":132628,"name":"Kudachi","state_id":4026,"state_code":"KA","state_name":"Karnataka","country_id":101,"country_code":"IN","country_name":"India"},{"id":132736,"name":"Kudligi","state_id":4026,"state_code":"KA","state_name":"Karnataka","country_id":101,"country_code":"IN","country_name":"India"},{"id":132642,"name":"Kumsi","state_id":4026,"state_code":"KA","state_name":"Karnataka","country_id":101,"country_code":"IN","country_name":"India"},{"id":132643,"name":"Kumta","state_id":4026,"state_code":"KA","state_name":"Karnataka","country_id":101,"country_code":"IN","country_name":"India"},{"id":132646,"name":"Kundgol","state_id":4026,"state_code":"KA","state_name":"Karnataka","country_id":101,"country_code":"IN","country_name":"India"},{"id":132648,"name":"Kunigal","state_id":4026,"state_code":"KA","state_name":"Karnataka","country_id":101,"country_code":"IN","country_name":"India"},{"id":132658,"name":"Kurgunta","state_id":4026,"state_code":"KA","state_name":"Karnataka","country_id":101,"country_code":"IN","country_name":"India"},{"id":132668,"name":"Kushalnagar","state_id":4026,"state_code":"KA","state_name":"Karnataka","country_id":101,"country_code":"IN","country_name":"India"},{"id":132666,"name":"Kushtagi","state_id":4026,"state_code":"KA","state_name":"Karnataka","country_id":101,"country_code":"IN","country_name":"India"},{"id":132752,"name":"Lakshmeshwar","state_id":4026,"state_code":"KA","state_name":"Karnataka","country_id":101,"country_code":"IN","country_name":"India"},{"id":132765,"name":"Lingsugur","state_id":4026,"state_code":"KA","state_name":"Karnataka","country_id":101,"country_code":"IN","country_name":"India"},{"id":132774,"name":"Londa","state_id":4026,"state_code":"KA","state_name":"Karnataka","country_id":101,"country_code":"IN","country_name":"India"},{"id":132809,"name":"Maddagiri","state_id":4026,"state_code":"KA","state_name":"Karnataka","country_id":101,"country_code":"IN","country_name":"India"},{"id":132810,"name":"Maddur","state_id":4026,"state_code":"KA","state_name":"Karnataka","country_id":101,"country_code":"IN","country_name":"India"},{"id":132817,"name":"Madikeri","state_id":4026,"state_code":"KA","state_name":"Karnataka","country_id":101,"country_code":"IN","country_name":"India"},{"id":133060,"name":"Magadi","state_id":4026,"state_code":"KA","state_name":"Karnataka","country_id":101,"country_code":"IN","country_name":"India"},{"id":132847,"name":"Mahalingpur","state_id":4026,"state_code":"KA","state_name":"Karnataka","country_id":101,"country_code":"IN","country_name":"India"},{"id":132868,"name":"Malavalli","state_id":4026,"state_code":"KA","state_name":"Karnataka","country_id":101,"country_code":"IN","country_name":"India"},{"id":132877,"name":"Malpe","state_id":4026,"state_code":"KA","state_name":"Karnataka","country_id":101,"country_code":"IN","country_name":"India"},{"id":133071,"name":"Malur","state_id":4026,"state_code":"KA","state_name":"Karnataka","country_id":101,"country_code":"IN","country_name":"India"},{"id":132898,"name":"Mandya","state_id":4026,"state_code":"KA","state_name":"Karnataka","country_id":101,"country_code":"IN","country_name":"India"},{"id":132905,"name":"Mangaluru","state_id":4026,"state_code":"KA","state_name":"Karnataka","country_id":101,"country_code":"IN","country_name":"India"},{"id":132912,"name":"Manipal","state_id":4026,"state_code":"KA","state_name":"Karnataka","country_id":101,"country_code":"IN","country_name":"India"},{"id":133083,"name":"Manvi","state_id":4026,"state_code":"KA","state_name":"Karnataka","country_id":101,"country_code":"IN","country_name":"India"},{"id":133093,"name":"Mayakonda","state_id":4026,"state_code":"KA","state_name":"Karnataka","country_id":101,"country_code":"IN","country_name":"India"},{"id":132964,"name":"Melukote","state_id":4026,"state_code":"KA","state_name":"Karnataka","country_id":101,"country_code":"IN","country_name":"India"},{"id":133098,"name":"Mudbidri","state_id":4026,"state_code":"KA","state_name":"Karnataka","country_id":101,"country_code":"IN","country_name":"India"},{"id":133008,"name":"Muddebihal","state_id":4026,"state_code":"KA","state_name":"Karnataka","country_id":101,"country_code":"IN","country_name":"India"},{"id":133009,"name":"Mudgal","state_id":4026,"state_code":"KA","state_name":"Karnataka","country_id":101,"country_code":"IN","country_name":"India"},{"id":133010,"name":"Mudgere","state_id":4026,"state_code":"KA","state_name":"Karnataka","country_id":101,"country_code":"IN","country_name":"India"},{"id":133011,"name":"Mudhol","state_id":4026,"state_code":"KA","state_name":"Karnataka","country_id":101,"country_code":"IN","country_name":"India"},{"id":133020,"name":"Mulbagal","state_id":4026,"state_code":"KA","state_name":"Karnataka","country_id":101,"country_code":"IN","country_name":"India"},{"id":133021,"name":"Mulgund","state_id":4026,"state_code":"KA","state_name":"Karnataka","country_id":101,"country_code":"IN","country_name":"India"},{"id":133101,"name":"Mulki","state_id":4026,"state_code":"KA","state_name":"Karnataka","country_id":101,"country_code":"IN","country_name":"India"},{"id":133026,"name":"Mundargi","state_id":4026,"state_code":"KA","state_name":"Karnataka","country_id":101,"country_code":"IN","country_name":"India"},{"id":133027,"name":"Mundgod","state_id":4026,"state_code":"KA","state_name":"Karnataka","country_id":101,"country_code":"IN","country_name":"India"},{"id":133033,"name":"Munirabad","state_id":4026,"state_code":"KA","state_name":"Karnataka","country_id":101,"country_code":"IN","country_name":"India"},{"id":133041,"name":"Murudeshwara","state_id":4026,"state_code":"KA","state_name":"Karnataka","country_id":101,"country_code":"IN","country_name":"India"},{"id":133053,"name":"Mysuru","state_id":4026,"state_code":"KA","state_name":"Karnataka","country_id":101,"country_code":"IN","country_name":"India"},{"id":133254,"name":"Nagamangala","state_id":4026,"state_code":"KA","state_name":"Karnataka","country_id":101,"country_code":"IN","country_name":"India"},{"id":133151,"name":"Nanjangud","state_id":4026,"state_code":"KA","state_name":"Karnataka","country_id":101,"country_code":"IN","country_name":"India"},{"id":133159,"name":"Narasimharajapura","state_id":4026,"state_code":"KA","state_name":"Karnataka","country_id":101,"country_code":"IN","country_name":"India"},{"id":133164,"name":"Naregal","state_id":4026,"state_code":"KA","state_name":"Karnataka","country_id":101,"country_code":"IN","country_name":"India"},{"id":133167,"name":"Nargund","state_id":4026,"state_code":"KA","state_name":"Karnataka","country_id":101,"country_code":"IN","country_name":"India"},{"id":133184,"name":"Navalgund","state_id":4026,"state_code":"KA","state_name":"Karnataka","country_id":101,"country_code":"IN","country_name":"India"},{"id":133204,"name":"Nelamangala","state_id":4026,"state_code":"KA","state_name":"Karnataka","country_id":101,"country_code":"IN","country_name":"India"},{"id":133249,"name":"Nyamti","state_id":4026,"state_code":"KA","state_name":"Karnataka","country_id":101,"country_code":"IN","country_name":"India"},{"id":133541,"name":"Pangala","state_id":4026,"state_code":"KA","state_name":"Karnataka","country_id":101,"country_code":"IN","country_name":"India"},{"id":133560,"name":"Pavugada","state_id":4026,"state_code":"KA","state_name":"Karnataka","country_id":101,"country_code":"IN","country_name":"India"},{"id":133458,"name":"Piriyapatna","state_id":4026,"state_code":"KA","state_name":"Karnataka","country_id":101,"country_code":"IN","country_name":"India"},{"id":133474,"name":"Ponnampet","state_id":4026,"state_code":"KA","state_name":"Karnataka","country_id":101,"country_code":"IN","country_name":"India"},{"id":133518,"name":"Puttur","state_id":4026,"state_code":"KA","state_name":"Karnataka","country_id":101,"country_code":"IN","country_name":"India"},{"id":133577,"name":"Rabkavi","state_id":4026,"state_code":"KA","state_name":"Karnataka","country_id":101,"country_code":"IN","country_name":"India"},{"id":133586,"name":"Raichur","state_id":4026,"state_code":"KA","state_name":"Karnataka","country_id":101,"country_code":"IN","country_name":"India"},{"id":133598,"name":"Ramanagara","state_id":4026,"state_code":"KA","state_name":"Karnataka","country_id":101,"country_code":"IN","country_name":"India"},{"id":133719,"name":"Ranibennur","state_id":4026,"state_code":"KA","state_name":"Karnataka","country_id":101,"country_code":"IN","country_name":"India"},{"id":133731,"name":"Raybag","state_id":4026,"state_code":"KA","state_name":"Karnataka","country_id":101,"country_code":"IN","country_name":"India"},{"id":133642,"name":"Robertsonpet","state_id":4026,"state_code":"KA","state_name":"Karnataka","country_id":101,"country_code":"IN","country_name":"India"},{"id":133649,"name":"Ron","state_id":4026,"state_code":"KA","state_name":"Karnataka","country_id":101,"country_code":"IN","country_name":"India"},{"id":133743,"name":"Sadalgi","state_id":4026,"state_code":"KA","state_name":"Karnataka","country_id":101,"country_code":"IN","country_name":"India"},{"id":134060,"name":"Sagar","state_id":4026,"state_code":"KA","state_name":"Karnataka","country_id":101,"country_code":"IN","country_name":"India"},{"id":133760,"name":"Sakleshpur","state_id":4026,"state_code":"KA","state_name":"Karnataka","country_id":101,"country_code":"IN","country_name":"India"},{"id":133779,"name":"Sandur","state_id":4026,"state_code":"KA","state_name":"Karnataka","country_id":101,"country_code":"IN","country_name":"India"},{"id":133788,"name":"Sanivarsante","state_id":4026,"state_code":"KA","state_name":"Karnataka","country_id":101,"country_code":"IN","country_name":"India"},{"id":133789,"name":"Sankeshwar","state_id":4026,"state_code":"KA","state_name":"Karnataka","country_id":101,"country_code":"IN","country_name":"India"},{"id":133806,"name":"Sargur","state_id":4026,"state_code":"KA","state_name":"Karnataka","country_id":101,"country_code":"IN","country_name":"India"},{"id":133827,"name":"Saundatti","state_id":4026,"state_code":"KA","state_name":"Karnataka","country_id":101,"country_code":"IN","country_name":"India"},{"id":133830,"name":"Savanur","state_id":4026,"state_code":"KA","state_name":"Karnataka","country_id":101,"country_code":"IN","country_name":"India"},{"id":133846,"name":"Seram","state_id":4026,"state_code":"KA","state_name":"Karnataka","country_id":101,"country_code":"IN","country_name":"India"},{"id":133907,"name":"Shahabad","state_id":4026,"state_code":"KA","state_name":"Karnataka","country_id":101,"country_code":"IN","country_name":"India"},{"id":133898,"name":"Shahpur","state_id":4026,"state_code":"KA","state_name":"Karnataka","country_id":101,"country_code":"IN","country_name":"India"},{"id":133866,"name":"Shiggaon","state_id":4026,"state_code":"KA","state_name":"Karnataka","country_id":101,"country_code":"IN","country_name":"India"},{"id":133868,"name":"Shikarpur","state_id":4026,"state_code":"KA","state_name":"Karnataka","country_id":101,"country_code":"IN","country_name":"India"},{"id":133872,"name":"Shimoga","state_id":4026,"state_code":"KA","state_name":"Karnataka","country_id":101,"country_code":"IN","country_name":"India"},{"id":133876,"name":"Shirhatti","state_id":4026,"state_code":"KA","state_name":"Karnataka","country_id":101,"country_code":"IN","country_name":"India"},{"id":133884,"name":"Shorapur","state_id":4026,"state_code":"KA","state_name":"Karnataka","country_id":101,"country_code":"IN","country_name":"India"},{"id":133887,"name":"Shrirangapattana","state_id":4026,"state_code":"KA","state_name":"Karnataka","country_id":101,"country_code":"IN","country_name":"India"},{"id":133920,"name":"Siddapur","state_id":4026,"state_code":"KA","state_name":"Karnataka","country_id":101,"country_code":"IN","country_name":"India"},{"id":133924,"name":"Sidlaghatta","state_id":4026,"state_code":"KA","state_name":"Karnataka","country_id":101,"country_code":"IN","country_name":"India"},{"id":133941,"name":"Sindgi","state_id":4026,"state_code":"KA","state_name":"Karnataka","country_id":101,"country_code":"IN","country_name":"India"},{"id":133942,"name":"Sindhnur","state_id":4026,"state_code":"KA","state_name":"Karnataka","country_id":101,"country_code":"IN","country_name":"India"},{"id":134087,"name":"Sira","state_id":4026,"state_code":"KA","state_name":"Karnataka","country_id":101,"country_code":"IN","country_name":"India"},{"id":133962,"name":"Sirsi","state_id":4026,"state_code":"KA","state_name":"Karnataka","country_id":101,"country_code":"IN","country_name":"India"},{"id":133967,"name":"Siruguppa","state_id":4026,"state_code":"KA","state_name":"Karnataka","country_id":101,"country_code":"IN","country_name":"India"},{"id":133989,"name":"Someshwar","state_id":4026,"state_code":"KA","state_name":"Karnataka","country_id":101,"country_code":"IN","country_name":"India"},{"id":133991,"name":"Somvarpet","state_id":4026,"state_code":"KA","state_name":"Karnataka","country_id":101,"country_code":"IN","country_name":"India"},{"id":134001,"name":"Sorab","state_id":4026,"state_code":"KA","state_name":"Karnataka","country_id":101,"country_code":"IN","country_name":"India"},{"id":134024,"name":"Sravana Belgola","state_id":4026,"state_code":"KA","state_name":"Karnataka","country_id":101,"country_code":"IN","country_name":"India"},{"id":134021,"name":"Sringeri","state_id":4026,"state_code":"KA","state_name":"Karnataka","country_id":101,"country_code":"IN","country_name":"India"},{"id":134029,"name":"Srinivaspur","state_id":4026,"state_code":"KA","state_name":"Karnataka","country_id":101,"country_code":"IN","country_name":"India"},{"id":134042,"name":"Sulya","state_id":4026,"state_code":"KA","state_name":"Karnataka","country_id":101,"country_code":"IN","country_name":"India"},{"id":134047,"name":"Suntikoppa","state_id":4026,"state_code":"KA","state_name":"Karnataka","country_id":101,"country_code":"IN","country_name":"India"},{"id":134234,"name":"Talikota","state_id":4026,"state_code":"KA","state_name":"Karnataka","country_id":101,"country_code":"IN","country_name":"India"},{"id":134116,"name":"Tarikere","state_id":4026,"state_code":"KA","state_name":"Karnataka","country_id":101,"country_code":"IN","country_name":"India"},{"id":134125,"name":"Tekkalakote","state_id":4026,"state_code":"KA","state_name":"Karnataka","country_id":101,"country_code":"IN","country_name":"India"},{"id":134133,"name":"Terdal","state_id":4026,"state_code":"KA","state_name":"Karnataka","country_id":101,"country_code":"IN","country_name":"India"},{"id":134176,"name":"Tiptur","state_id":4026,"state_code":"KA","state_name":"Karnataka","country_id":101,"country_code":"IN","country_name":"India"},{"id":134247,"name":"Tirthahalli","state_id":4026,"state_code":"KA","state_name":"Karnataka","country_id":101,"country_code":"IN","country_name":"India"},{"id":134182,"name":"Tirumakudal Narsipur","state_id":4026,"state_code":"KA","state_name":"Karnataka","country_id":101,"country_code":"IN","country_name":"India"},{"id":134219,"name":"Tumakuru","state_id":4026,"state_code":"KA","state_name":"Karnataka","country_id":101,"country_code":"IN","country_name":"India"},{"id":134225,"name":"Turuvekere","state_id":4026,"state_code":"KA","state_name":"Karnataka","country_id":101,"country_code":"IN","country_name":"India"},{"id":134260,"name":"Udupi","state_id":4026,"state_code":"KA","state_name":"Karnataka","country_id":101,"country_code":"IN","country_name":"India"},{"id":134268,"name":"Ullal","state_id":4026,"state_code":"KA","state_name":"Karnataka","country_id":101,"country_code":"IN","country_name":"India"},{"id":134300,"name":"Uttar Kannada","state_id":4026,"state_code":"KA","state_name":"Karnataka","country_id":101,"country_code":"IN","country_name":"India"},{"id":134307,"name":"Vadigenhalli","state_id":4026,"state_code":"KA","state_name":"Karnataka","country_id":101,"country_code":"IN","country_name":"India"},{"id":58031,"name":"Vijayapura","state_id":4026,"state_code":"KA","state_name":"Karnataka","country_id":101,"country_code":"IN","country_name":"India"},{"id":134386,"name":"Virarajendrapet","state_id":4026,"state_code":"KA","state_name":"Karnataka","country_id":101,"country_code":"IN","country_name":"India"},{"id":134414,"name":"Wadi","state_id":4026,"state_code":"KA","state_name":"Karnataka","country_id":101,"country_code":"IN","country_name":"India"},{"id":134420,"name":"Yadgir","state_id":4026,"state_code":"KA","state_name":"Karnataka","country_id":101,"country_code":"IN","country_name":"India"},{"id":134429,"name":"Yelahanka","state_id":4026,"state_code":"KA","state_name":"Karnataka","country_id":101,"country_code":"IN","country_name":"India"},{"id":134430,"name":"Yelandur","state_id":4026,"state_code":"KA","state_name":"Karnataka","country_id":101,"country_code":"IN","country_name":"India"},{"id":134431,"name":"Yelbarga","state_id":4026,"state_code":"KA","state_name":"Karnataka","country_id":101,"country_code":"IN","country_name":"India"},{"id":134433,"name":"Yellapur","state_id":4026,"state_code":"KA","state_name":"Karnataka","country_id":101,"country_code":"IN","country_name":"India"}]