[{"id":145098,"name":"Abut","iso2":"PH","country_name":"Philippines","state_name":"Agusan del Norte","state_code":"AGN"},{"id":145099,"name":"Accusilian","iso2":"PH","country_name":"Philippines","state_name":"Agusan del Norte","state_code":"AGN"},{"id":145100,"name":"Afusing Centro","iso2":"PH","country_name":"Philippines","state_name":"Agusan del Norte","state_code":"AGN"},{"id":145101,"name":"Aglipay","iso2":"PH","country_name":"Philippines","state_name":"Agusan del Norte","state_code":"AGN"},{"id":145102,"name":"Alabug","iso2":"PH","country_name":"Philippines","state_name":"Agusan del Norte","state_code":"AGN"},{"id":145103,"name":"Alannay","iso2":"PH","country_name":"Philippines","state_name":"Agusan del Norte","state_code":"AGN"},{"id":145104,"name":"Alcala","iso2":"PH","country_name":"Philippines","state_name":"Agusan del Norte","state_code":"AGN"},{"id":145105,"name":"Alfonso Casta単eda","iso2":"PH","country_name":"Philippines","state_name":"Agusan del Norte","state_code":"AGN"},{"id":145106,"name":"Alicia","iso2":"PH","country_name":"Philippines","state_name":"Agusan del Norte","state_code":"AGN"},{"id":145107,"name":"Allacapan","iso2":"PH","country_name":"Philippines","state_name":"Agusan del Norte","state_code":"AGN"},{"id":145108,"name":"Almaguer North","iso2":"PH","country_name":"Philippines","state_name":"Agusan del Norte","state_code":"AGN"},{"id":145109,"name":"Ambaguio","iso2":"PH","country_name":"Philippines","state_name":"Agusan del Norte","state_code":"AGN"},{"id":145110,"name":"Amulung","iso2":"PH","country_name":"Philippines","state_name":"Agusan del Norte","state_code":"AGN"},{"id":145111,"name":"Angadanan","iso2":"PH","country_name":"Philippines","state_name":"Agusan del Norte","state_code":"AGN"},{"id":145112,"name":"Antagan Segunda","iso2":"PH","country_name":"Philippines","state_name":"Agusan del Norte","state_code":"AGN"},{"id":145113,"name":"Aparri","iso2":"PH","country_name":"Philippines","state_name":"Agusan del Norte","state_code":"AGN"},{"id":145114,"name":"Aritao","iso2":"PH","country_name":"Philippines","state_name":"Agusan del Norte","state_code":"AGN"},{"id":145115,"name":"Atulayan","iso2":"PH","country_name":"Philippines","state_name":"Agusan del Norte","state_code":"AGN"},{"id":145116,"name":"Aurora","iso2":"PH","country_name":"Philippines","state_name":"Agusan del Norte","state_code":"AGN"},{"id":145117,"name":"Awallan","iso2":"PH","country_name":"Philippines","state_name":"Agusan del Norte","state_code":"AGN"},{"id":145118,"name":"Bacnor East","iso2":"PH","country_name":"Philippines","state_name":"Agusan del Norte","state_code":"AGN"},{"id":145119,"name":"Bagabag","iso2":"PH","country_name":"Philippines","state_name":"Agusan del Norte","state_code":"AGN"},{"id":145120,"name":"Baggabag B","iso2":"PH","country_name":"Philippines","state_name":"Agusan del Norte","state_code":"AGN"},{"id":145121,"name":"Baggao","iso2":"PH","country_name":"Philippines","state_name":"Agusan del Norte","state_code":"AGN"},{"id":145122,"name":"Bagong Tanza","iso2":"PH","country_name":"Philippines","state_name":"Agusan del Norte","state_code":"AGN"},{"id":145123,"name":"Bagu","iso2":"PH","country_name":"Philippines","state_name":"Agusan del Norte","state_code":"AGN"},{"id":145124,"name":"Bagumbayan","iso2":"PH","country_name":"Philippines","state_name":"Agusan del Norte","state_code":"AGN"},{"id":145126,"name":"Ballesteros","iso2":"PH","country_name":"Philippines","state_name":"Agusan del Norte","state_code":"AGN"},{"id":145127,"name":"Bambang","iso2":"PH","country_name":"Philippines","state_name":"Agusan del Norte","state_code":"AGN"},{"id":145128,"name":"Bangad","iso2":"PH","country_name":"Philippines","state_name":"Agusan del Norte","state_code":"AGN"},{"id":145129,"name":"Banganan","iso2":"PH","country_name":"Philippines","state_name":"Agusan del Norte","state_code":"AGN"},{"id":145130,"name":"Banquero","iso2":"PH","country_name":"Philippines","state_name":"Agusan del Norte","state_code":"AGN"},{"id":145131,"name":"Barucboc Norte","iso2":"PH","country_name":"Philippines","state_name":"Agusan del Norte","state_code":"AGN"},{"id":145132,"name":"Basco","iso2":"PH","country_name":"Philippines","state_name":"Agusan del Norte","state_code":"AGN"},{"id":145133,"name":"Batal","iso2":"PH","country_name":"Philippines","state_name":"Agusan del Norte","state_code":"AGN"},{"id":145134,"name":"Battung","iso2":"PH","country_name":"Philippines","state_name":"Agusan del Norte","state_code":"AGN"},{"id":145135,"name":"Bauan","iso2":"PH","country_name":"Philippines","state_name":"Agusan del Norte","state_code":"AGN"},{"id":145136,"name":"Bayombong","iso2":"PH","country_name":"Philippines","state_name":"Agusan del Norte","state_code":"AGN"},{"id":145137,"name":"Belance","iso2":"PH","country_name":"Philippines","state_name":"Agusan del Norte","state_code":"AGN"},{"id":145138,"name":"Benito Soliven","iso2":"PH","country_name":"Philippines","state_name":"Agusan del Norte","state_code":"AGN"},{"id":145139,"name":"Binalan","iso2":"PH","country_name":"Philippines","state_name":"Agusan del Norte","state_code":"AGN"},{"id":145140,"name":"Binguang","iso2":"PH","country_name":"Philippines","state_name":"Agusan del Norte","state_code":"AGN"},{"id":145141,"name":"Bintawan","iso2":"PH","country_name":"Philippines","state_name":"Agusan del Norte","state_code":"AGN"},{"id":145142,"name":"Bitag Grande","iso2":"PH","country_name":"Philippines","state_name":"Agusan del Norte","state_code":"AGN"},{"id":145143,"name":"Bone South","iso2":"PH","country_name":"Philippines","state_name":"Agusan del Norte","state_code":"AGN"},{"id":145144,"name":"Buguey","iso2":"PH","country_name":"Philippines","state_name":"Agusan del Norte","state_code":"AGN"},{"id":145145,"name":"Buliwao","iso2":"PH","country_name":"Philippines","state_name":"Agusan del Norte","state_code":"AGN"},{"id":145146,"name":"Bulu","iso2":"PH","country_name":"Philippines","state_name":"Agusan del Norte","state_code":"AGN"},{"id":145147,"name":"Burgos","iso2":"PH","country_name":"Philippines","state_name":"Agusan del Norte","state_code":"AGN"},{"id":145149,"name":"Busilak","iso2":"PH","country_name":"Philippines","state_name":"Agusan del Norte","state_code":"AGN"},{"id":145150,"name":"Cabagan","iso2":"PH","country_name":"Philippines","state_name":"Agusan del Norte","state_code":"AGN"},{"id":145151,"name":"Cabannungan Second","iso2":"PH","country_name":"Philippines","state_name":"Agusan del Norte","state_code":"AGN"},{"id":145152,"name":"Cabaritan East","iso2":"PH","country_name":"Philippines","state_name":"Agusan del Norte","state_code":"AGN"},{"id":145153,"name":"Cabarroguis","iso2":"PH","country_name":"Philippines","state_name":"Agusan del Norte","state_code":"AGN"},{"id":145154,"name":"Cabatuan","iso2":"PH","country_name":"Philippines","state_name":"Agusan del Norte","state_code":"AGN"},{"id":145155,"name":"Cabiraoan","iso2":"PH","country_name":"Philippines","state_name":"Agusan del Norte","state_code":"AGN"},{"id":145156,"name":"Calamagui East","iso2":"PH","country_name":"Philippines","state_name":"Agusan del Norte","state_code":"AGN"},{"id":145157,"name":"Calantac","iso2":"PH","country_name":"Philippines","state_name":"Agusan del Norte","state_code":"AGN"},{"id":145158,"name":"Calaoagan","iso2":"PH","country_name":"Philippines","state_name":"Agusan del Norte","state_code":"AGN"},{"id":145159,"name":"Calayan","iso2":"PH","country_name":"Philippines","state_name":"Agusan del Norte","state_code":"AGN"},{"id":145160,"name":"Calinaoan Malasin","iso2":"PH","country_name":"Philippines","state_name":"Agusan del Norte","state_code":"AGN"},{"id":145161,"name":"Calog Norte","iso2":"PH","country_name":"Philippines","state_name":"Agusan del Norte","state_code":"AGN"},{"id":145162,"name":"Camalaniugan","iso2":"PH","country_name":"Philippines","state_name":"Agusan del Norte","state_code":"AGN"},{"id":145163,"name":"Capissayan Sur","iso2":"PH","country_name":"Philippines","state_name":"Agusan del Norte","state_code":"AGN"},{"id":145164,"name":"Carig","iso2":"PH","country_name":"Philippines","state_name":"Agusan del Norte","state_code":"AGN"},{"id":145165,"name":"Casambalangan","iso2":"PH","country_name":"Philippines","state_name":"Agusan del Norte","state_code":"AGN"},{"id":145166,"name":"Catayauan","iso2":"PH","country_name":"Philippines","state_name":"Agusan del Norte","state_code":"AGN"},{"id":145167,"name":"Cauayan","iso2":"PH","country_name":"Philippines","state_name":"Agusan del Norte","state_code":"AGN"},{"id":145168,"name":"Claveria","iso2":"PH","country_name":"Philippines","state_name":"Agusan del Norte","state_code":"AGN"},{"id":145169,"name":"Cordon","iso2":"PH","country_name":"Philippines","state_name":"Agusan del Norte","state_code":"AGN"},{"id":145170,"name":"Cullalabo del Sur","iso2":"PH","country_name":"Philippines","state_name":"Agusan del Norte","state_code":"AGN"},{"id":145171,"name":"Dagupan","iso2":"PH","country_name":"Philippines","state_name":"Agusan del Norte","state_code":"AGN"},{"id":145172,"name":"Dalaoig","iso2":"PH","country_name":"Philippines","state_name":"Agusan del Norte","state_code":"AGN"},{"id":145173,"name":"Daragutan","iso2":"PH","country_name":"Philippines","state_name":"Agusan del Norte","state_code":"AGN"},{"id":145174,"name":"Dassun","iso2":"PH","country_name":"Philippines","state_name":"Agusan del Norte","state_code":"AGN"},{"id":145175,"name":"Delfin Albano","iso2":"PH","country_name":"Philippines","state_name":"Agusan del Norte","state_code":"AGN"},{"id":145176,"name":"Diadi","iso2":"PH","country_name":"Philippines","state_name":"Agusan del Norte","state_code":"AGN"},{"id":145177,"name":"Diamantina","iso2":"PH","country_name":"Philippines","state_name":"Agusan del Norte","state_code":"AGN"},{"id":145178,"name":"Dibuluan","iso2":"PH","country_name":"Philippines","state_name":"Agusan del Norte","state_code":"AGN"},{"id":145179,"name":"Dicabisagan","iso2":"PH","country_name":"Philippines","state_name":"Agusan del Norte","state_code":"AGN"},{"id":145180,"name":"Dicamay","iso2":"PH","country_name":"Philippines","state_name":"Agusan del Norte","state_code":"AGN"},{"id":145181,"name":"Diffun","iso2":"PH","country_name":"Philippines","state_name":"Agusan del Norte","state_code":"AGN"},{"id":145182,"name":"Dinapigui","iso2":"PH","country_name":"Philippines","state_name":"Agusan del Norte","state_code":"AGN"},{"id":145183,"name":"Divilican","iso2":"PH","country_name":"Philippines","state_name":"Agusan del Norte","state_code":"AGN"},{"id":145184,"name":"Divisoria","iso2":"PH","country_name":"Philippines","state_name":"Agusan del Norte","state_code":"AGN"},{"id":145185,"name":"Dodan","iso2":"PH","country_name":"Philippines","state_name":"Agusan del Norte","state_code":"AGN"},{"id":145186,"name":"Dumabato","iso2":"PH","country_name":"Philippines","state_name":"Agusan del Norte","state_code":"AGN"},{"id":145187,"name":"Dupax del Norte","iso2":"PH","country_name":"Philippines","state_name":"Agusan del Norte","state_code":"AGN"},{"id":145188,"name":"Dupax del Sur","iso2":"PH","country_name":"Philippines","state_name":"Agusan del Norte","state_code":"AGN"},{"id":145190,"name":"Echague (town)","iso2":"PH","country_name":"Philippines","state_name":"Agusan del Norte","state_code":"AGN"},{"id":145191,"name":"Eden","iso2":"PH","country_name":"Philippines","state_name":"Agusan del Norte","state_code":"AGN"},{"id":145192,"name":"Enrile","iso2":"PH","country_name":"Philippines","state_name":"Agusan del Norte","state_code":"AGN"},{"id":145193,"name":"Esperanza East","iso2":"PH","country_name":"Philippines","state_name":"Agusan del Norte","state_code":"AGN"},{"id":145194,"name":"Estefania","iso2":"PH","country_name":"Philippines","state_name":"Agusan del Norte","state_code":"AGN"},{"id":145195,"name":"Furao","iso2":"PH","country_name":"Philippines","state_name":"Agusan del Norte","state_code":"AGN"},{"id":145196,"name":"Gadu","iso2":"PH","country_name":"Philippines","state_name":"Agusan del Norte","state_code":"AGN"},{"id":145197,"name":"Gammad","iso2":"PH","country_name":"Philippines","state_name":"Agusan del Norte","state_code":"AGN"},{"id":145198,"name":"Gamu","iso2":"PH","country_name":"Philippines","state_name":"Agusan del Norte","state_code":"AGN"},{"id":145199,"name":"Ganapi","iso2":"PH","country_name":"Philippines","state_name":"Agusan del Norte","state_code":"AGN"},{"id":145200,"name":"Gappal","iso2":"PH","country_name":"Philippines","state_name":"Agusan del Norte","state_code":"AGN"},{"id":145201,"name":"Gattaran","iso2":"PH","country_name":"Philippines","state_name":"Agusan del Norte","state_code":"AGN"},{"id":145202,"name":"Gonzaga","iso2":"PH","country_name":"Philippines","state_name":"Agusan del Norte","state_code":"AGN"},{"id":145203,"name":"Guiddam","iso2":"PH","country_name":"Philippines","state_name":"Agusan del Norte","state_code":"AGN"},{"id":145204,"name":"Ibung","iso2":"PH","country_name":"Philippines","state_name":"Agusan del Norte","state_code":"AGN"},{"id":145205,"name":"Iguig","iso2":"PH","country_name":"Philippines","state_name":"Agusan del Norte","state_code":"AGN"},{"id":145206,"name":"Ilagan","iso2":"PH","country_name":"Philippines","state_name":"Agusan del Norte","state_code":"AGN"},{"id":145208,"name":"Ineangan","iso2":"PH","country_name":"Philippines","state_name":"Agusan del Norte","state_code":"AGN"},{"id":145209,"name":"Itbayat","iso2":"PH","country_name":"Philippines","state_name":"Agusan del Norte","state_code":"AGN"},{"id":145210,"name":"Ivana","iso2":"PH","country_name":"Philippines","state_name":"Agusan del Norte","state_code":"AGN"},{"id":145211,"name":"Jones","iso2":"PH","country_name":"Philippines","state_name":"Agusan del Norte","state_code":"AGN"},{"id":145212,"name":"Kasibu","iso2":"PH","country_name":"Philippines","state_name":"Agusan del Norte","state_code":"AGN"},{"id":145213,"name":"Kayapa","iso2":"PH","country_name":"Philippines","state_name":"Agusan del Norte","state_code":"AGN"},{"id":145214,"name":"La Paz","iso2":"PH","country_name":"Philippines","state_name":"Agusan del Norte","state_code":"AGN"},{"id":145215,"name":"Lal-lo","iso2":"PH","country_name":"Philippines","state_name":"Agusan del Norte","state_code":"AGN"},{"id":145217,"name":"Lallayug","iso2":"PH","country_name":"Philippines","state_name":"Agusan del Norte","state_code":"AGN"},{"id":145218,"name":"Lanna","iso2":"PH","country_name":"Philippines","state_name":"Agusan del Norte","state_code":"AGN"},{"id":145219,"name":"Lapi","iso2":"PH","country_name":"Philippines","state_name":"Agusan del Norte","state_code":"AGN"},{"id":145220,"name":"Larion Alto","iso2":"PH","country_name":"Philippines","state_name":"Agusan del Norte","state_code":"AGN"},{"id":145221,"name":"Lasam","iso2":"PH","country_name":"Philippines","state_name":"Agusan del Norte","state_code":"AGN"},{"id":145222,"name":"Lucban","iso2":"PH","country_name":"Philippines","state_name":"Agusan del Norte","state_code":"AGN"},{"id":145223,"name":"Luna","iso2":"PH","country_name":"Philippines","state_name":"Agusan del Norte","state_code":"AGN"},{"id":145224,"name":"Mabasa","iso2":"PH","country_name":"Philippines","state_name":"Agusan del Norte","state_code":"AGN"},{"id":145225,"name":"Mabini","iso2":"PH","country_name":"Philippines","state_name":"Agusan del Norte","state_code":"AGN"},{"id":145226,"name":"Mabuttal East","iso2":"PH","country_name":"Philippines","state_name":"Agusan del Norte","state_code":"AGN"},{"id":145227,"name":"Maconacon","iso2":"PH","country_name":"Philippines","state_name":"Agusan del Norte","state_code":"AGN"},{"id":145228,"name":"Maddarulug Norte","iso2":"PH","country_name":"Philippines","state_name":"Agusan del Norte","state_code":"AGN"},{"id":145229,"name":"Maddela","iso2":"PH","country_name":"Philippines","state_name":"Agusan del Norte","state_code":"AGN"},{"id":145230,"name":"Magalalag","iso2":"PH","country_name":"Philippines","state_name":"Agusan del Norte","state_code":"AGN"},{"id":145231,"name":"Magdalena","iso2":"PH","country_name":"Philippines","state_name":"Agusan del Norte","state_code":"AGN"},{"id":145232,"name":"Maguilling","iso2":"PH","country_name":"Philippines","state_name":"Agusan del Norte","state_code":"AGN"},{"id":145233,"name":"Mahatao","iso2":"PH","country_name":"Philippines","state_name":"Agusan del Norte","state_code":"AGN"},{"id":145234,"name":"Malasin","iso2":"PH","country_name":"Philippines","state_name":"Agusan del Norte","state_code":"AGN"},{"id":145236,"name":"Mallig","iso2":"PH","country_name":"Philippines","state_name":"Agusan del Norte","state_code":"AGN"},{"id":145237,"name":"Maluno Sur","iso2":"PH","country_name":"Philippines","state_name":"Agusan del Norte","state_code":"AGN"},{"id":145238,"name":"Manaring","iso2":"PH","country_name":"Philippines","state_name":"Agusan del Norte","state_code":"AGN"},{"id":145239,"name":"Manga","iso2":"PH","country_name":"Philippines","state_name":"Agusan del Norte","state_code":"AGN"},{"id":145240,"name":"Masaya Sur","iso2":"PH","country_name":"Philippines","state_name":"Agusan del Norte","state_code":"AGN"},{"id":145241,"name":"Masipi West","iso2":"PH","country_name":"Philippines","state_name":"Agusan del Norte","state_code":"AGN"},{"id":145242,"name":"Maxingal","iso2":"PH","country_name":"Philippines","state_name":"Agusan del Norte","state_code":"AGN"},{"id":145243,"name":"Minallo","iso2":"PH","country_name":"Philippines","state_name":"Agusan del Norte","state_code":"AGN"},{"id":145244,"name":"Minanga Norte","iso2":"PH","country_name":"Philippines","state_name":"Agusan del Norte","state_code":"AGN"},{"id":145246,"name":"Minante Segundo","iso2":"PH","country_name":"Philippines","state_name":"Agusan del Norte","state_code":"AGN"},{"id":145247,"name":"Minuri","iso2":"PH","country_name":"Philippines","state_name":"Agusan del Norte","state_code":"AGN"},{"id":145248,"name":"Mozzozzin Sur","iso2":"PH","country_name":"Philippines","state_name":"Agusan del Norte","state_code":"AGN"},{"id":145249,"name":"Mungo","iso2":"PH","country_name":"Philippines","state_name":"Agusan del Norte","state_code":"AGN"},{"id":145250,"name":"Municipality of Delfin Albano","iso2":"PH","country_name":"Philippines","state_name":"Agusan del Norte","state_code":"AGN"},{"id":145251,"name":"Mu単oz East","iso2":"PH","country_name":"Philippines","state_name":"Agusan del Norte","state_code":"AGN"},{"id":145252,"name":"Nabannagan West","iso2":"PH","country_name":"Philippines","state_name":"Agusan del Norte","state_code":"AGN"},{"id":145253,"name":"Nagrumbuan","iso2":"PH","country_name":"Philippines","state_name":"Agusan del Norte","state_code":"AGN"},{"id":145254,"name":"Nagtipunan","iso2":"PH","country_name":"Philippines","state_name":"Agusan del Norte","state_code":"AGN"},{"id":145255,"name":"Naguilian","iso2":"PH","country_name":"Philippines","state_name":"Agusan del Norte","state_code":"AGN"},{"id":145256,"name":"Namuac","iso2":"PH","country_name":"Philippines","state_name":"Agusan del Norte","state_code":"AGN"},{"id":145257,"name":"Nattapian","iso2":"PH","country_name":"Philippines","state_name":"Agusan del Norte","state_code":"AGN"},{"id":145258,"name":"Paddaya","iso2":"PH","country_name":"Philippines","state_name":"Agusan del Norte","state_code":"AGN"},{"id":145260,"name":"Palagao Norte","iso2":"PH","country_name":"Philippines","state_name":"Agusan del Norte","state_code":"AGN"},{"id":145261,"name":"Palanan","iso2":"PH","country_name":"Philippines","state_name":"Agusan del Norte","state_code":"AGN"},{"id":145262,"name":"Pamplona","iso2":"PH","country_name":"Philippines","state_name":"Agusan del Norte","state_code":"AGN"},{"id":145263,"name":"Pangal Sur","iso2":"PH","country_name":"Philippines","state_name":"Agusan del Norte","state_code":"AGN"},{"id":145264,"name":"Pata","iso2":"PH","country_name":"Philippines","state_name":"Agusan del Norte","state_code":"AGN"},{"id":145265,"name":"Pattao","iso2":"PH","country_name":"Philippines","state_name":"Agusan del Norte","state_code":"AGN"},{"id":145266,"name":"Pe単ablanca","iso2":"PH","country_name":"Philippines","state_name":"Agusan del Norte","state_code":"AGN"},{"id":145267,"name":"Piat","iso2":"PH","country_name":"Philippines","state_name":"Agusan del Norte","state_code":"AGN"},{"id":145268,"name":"Pinoma","iso2":"PH","country_name":"Philippines","state_name":"Agusan del Norte","state_code":"AGN"},{"id":145269,"name":"Quezon","iso2":"PH","country_name":"Philippines","state_name":"Agusan del Norte","state_code":"AGN"},{"id":145271,"name":"Quibal","iso2":"PH","country_name":"Philippines","state_name":"Agusan del Norte","state_code":"AGN"},{"id":145272,"name":"Quirino","iso2":"PH","country_name":"Philippines","state_name":"Agusan del Norte","state_code":"AGN"},{"id":145273,"name":"Ragan Norte","iso2":"PH","country_name":"Philippines","state_name":"Agusan del Norte","state_code":"AGN"},{"id":145274,"name":"Ramon (municipal capital)","iso2":"PH","country_name":"Philippines","state_name":"Agusan del Norte","state_code":"AGN"},{"id":145275,"name":"Ramos West","iso2":"PH","country_name":"Philippines","state_name":"Agusan del Norte","state_code":"AGN"},{"id":145276,"name":"Reina Mercedes","iso2":"PH","country_name":"Philippines","state_name":"Agusan del Norte","state_code":"AGN"},{"id":145277,"name":"Rizal","iso2":"PH","country_name":"Philippines","state_name":"Agusan del Norte","state_code":"AGN"},{"id":145279,"name":"Roxas","iso2":"PH","country_name":"Philippines","state_name":"Agusan del Norte","state_code":"AGN"},{"id":145280,"name":"Sabtang","iso2":"PH","country_name":"Philippines","state_name":"Agusan del Norte","state_code":"AGN"},{"id":145281,"name":"Saguday","iso2":"PH","country_name":"Philippines","state_name":"Agusan del Norte","state_code":"AGN"},{"id":145282,"name":"Salinas","iso2":"PH","country_name":"Philippines","state_name":"Agusan del Norte","state_code":"AGN"},{"id":145283,"name":"Salinungan Proper","iso2":"PH","country_name":"Philippines","state_name":"Agusan del Norte","state_code":"AGN"},{"id":145284,"name":"San Agustin","iso2":"PH","country_name":"Philippines","state_name":"Agusan del Norte","state_code":"AGN"},{"id":145285,"name":"San Antonio","iso2":"PH","country_name":"Philippines","state_name":"Agusan del Norte","state_code":"AGN"},{"id":145287,"name":"San Bernardo","iso2":"PH","country_name":"Philippines","state_name":"Agusan del Norte","state_code":"AGN"},{"id":145288,"name":"San Fernando","iso2":"PH","country_name":"Philippines","state_name":"Agusan del Norte","state_code":"AGN"},{"id":145289,"name":"San Guillermo","iso2":"PH","country_name":"Philippines","state_name":"Agusan del Norte","state_code":"AGN"},{"id":145290,"name":"San Isidro","iso2":"PH","country_name":"Philippines","state_name":"Agusan del Norte","state_code":"AGN"},{"id":145292,"name":"San Jose","iso2":"PH","country_name":"Philippines","state_name":"Agusan del Norte","state_code":"AGN"},{"id":145294,"name":"San Luis","iso2":"PH","country_name":"Philippines","state_name":"Agusan del Norte","state_code":"AGN"},{"id":145295,"name":"San Manuel","iso2":"PH","country_name":"Philippines","state_name":"Agusan del Norte","state_code":"AGN"},{"id":145296,"name":"San Mariano","iso2":"PH","country_name":"Philippines","state_name":"Agusan del Norte","state_code":"AGN"},{"id":145297,"name":"San Mateo","iso2":"PH","country_name":"Philippines","state_name":"Agusan del Norte","state_code":"AGN"},{"id":145299,"name":"San Pablo","iso2":"PH","country_name":"Philippines","state_name":"Agusan del Norte","state_code":"AGN"},{"id":145300,"name":"San Pedro","iso2":"PH","country_name":"Philippines","state_name":"Agusan del Norte","state_code":"AGN"},{"id":145301,"name":"San Vicente","iso2":"PH","country_name":"Philippines","state_name":"Agusan del Norte","state_code":"AGN"},{"id":145302,"name":"Sanchez Mira","iso2":"PH","country_name":"Philippines","state_name":"Agusan del Norte","state_code":"AGN"},{"id":145303,"name":"Sandiat Centro","iso2":"PH","country_name":"Philippines","state_name":"Agusan del Norte","state_code":"AGN"},{"id":145304,"name":"Santa Ana","iso2":"PH","country_name":"Philippines","state_name":"Agusan del Norte","state_code":"AGN"},{"id":145305,"name":"Santa Cruz","iso2":"PH","country_name":"Philippines","state_name":"Agusan del Norte","state_code":"AGN"},{"id":145306,"name":"Santa Fe","iso2":"PH","country_name":"Philippines","state_name":"Agusan del Norte","state_code":"AGN"},{"id":145307,"name":"Santa Maria","iso2":"PH","country_name":"Philippines","state_name":"Agusan del Norte","state_code":"AGN"},{"id":145309,"name":"Santa Praxedes","iso2":"PH","country_name":"Philippines","state_name":"Agusan del Norte","state_code":"AGN"},{"id":145310,"name":"Santa Teresita","iso2":"PH","country_name":"Philippines","state_name":"Agusan del Norte","state_code":"AGN"},{"id":145311,"name":"Santiago","iso2":"PH","country_name":"Philippines","state_name":"Agusan del Norte","state_code":"AGN"},{"id":145312,"name":"Santo Domingo","iso2":"PH","country_name":"Philippines","state_name":"Agusan del Norte","state_code":"AGN"},{"id":145313,"name":"Santo Ni単o","iso2":"PH","country_name":"Philippines","state_name":"Agusan del Norte","state_code":"AGN"},{"id":145315,"name":"Santo Tomas","iso2":"PH","country_name":"Philippines","state_name":"Agusan del Norte","state_code":"AGN"},{"id":145316,"name":"Siempre Viva","iso2":"PH","country_name":"Philippines","state_name":"Agusan del Norte","state_code":"AGN"},{"id":145317,"name":"Sillawit","iso2":"PH","country_name":"Philippines","state_name":"Agusan del Norte","state_code":"AGN"},{"id":145318,"name":"Simanu Sur","iso2":"PH","country_name":"Philippines","state_name":"Agusan del Norte","state_code":"AGN"},{"id":145319,"name":"Simimbaan","iso2":"PH","country_name":"Philippines","state_name":"Agusan del Norte","state_code":"AGN"},{"id":145320,"name":"Sinamar","iso2":"PH","country_name":"Philippines","state_name":"Agusan del Norte","state_code":"AGN"},{"id":145321,"name":"Sindon","iso2":"PH","country_name":"Philippines","state_name":"Agusan del Norte","state_code":"AGN"},{"id":145322,"name":"Solana","iso2":"PH","country_name":"Philippines","state_name":"Agusan del Norte","state_code":"AGN"},{"id":145323,"name":"Solano","iso2":"PH","country_name":"Philippines","state_name":"Agusan del Norte","state_code":"AGN"},{"id":145324,"name":"Soyung","iso2":"PH","country_name":"Philippines","state_name":"Agusan del Norte","state_code":"AGN"},{"id":145325,"name":"Taguing","iso2":"PH","country_name":"Philippines","state_name":"Agusan del Norte","state_code":"AGN"},{"id":145326,"name":"Tapel","iso2":"PH","country_name":"Philippines","state_name":"Agusan del Norte","state_code":"AGN"},{"id":145327,"name":"Tuao","iso2":"PH","country_name":"Philippines","state_name":"Agusan del Norte","state_code":"AGN"},{"id":145329,"name":"Tuguegarao","iso2":"PH","country_name":"Philippines","state_name":"Agusan del Norte","state_code":"AGN"},{"id":145330,"name":"Tuguegarao City","iso2":"PH","country_name":"Philippines","state_name":"Agusan del Norte","state_code":"AGN"},{"id":145331,"name":"Tumauini","iso2":"PH","country_name":"Philippines","state_name":"Agusan del Norte","state_code":"AGN"},{"id":145332,"name":"Tupang","iso2":"PH","country_name":"Philippines","state_name":"Agusan del Norte","state_code":"AGN"},{"id":145333,"name":"Uddiawan","iso2":"PH","country_name":"Philippines","state_name":"Agusan del Norte","state_code":"AGN"},{"id":145334,"name":"Ugac Sur","iso2":"PH","country_name":"Philippines","state_name":"Agusan del Norte","state_code":"AGN"},{"id":145335,"name":"Ugad","iso2":"PH","country_name":"Philippines","state_name":"Agusan del Norte","state_code":"AGN"},{"id":145336,"name":"Upi","iso2":"PH","country_name":"Philippines","state_name":"Agusan del Norte","state_code":"AGN"},{"id":145337,"name":"Uyugan","iso2":"PH","country_name":"Philippines","state_name":"Agusan del Norte","state_code":"AGN"},{"id":145338,"name":"Villaverde","iso2":"PH","country_name":"Philippines","state_name":"Agusan del Norte","state_code":"AGN"},{"id":145339,"name":"Yeban Norte","iso2":"PH","country_name":"Philippines","state_name":"Agusan del Norte","state_code":"AGN"}]