[{"id":81249,"name":"Ampatuan","iso2":"PH","country_name":"Philippines","state_name":"Autonomous Region in Muslim Mindanao","state_code":"14"},{"id":81260,"name":"Andalan","iso2":"PH","country_name":"Philippines","state_name":"Autonomous Region in Muslim Mindanao","state_code":"14"},{"id":81289,"name":"Anuling","iso2":"PH","country_name":"Philippines","state_name":"Autonomous Region in Muslim Mindanao","state_code":"14"},{"id":81339,"name":"Awang","iso2":"PH","country_name":"Philippines","state_name":"Autonomous Region in Muslim Mindanao","state_code":"14"},{"id":81356,"name":"Bacayawan","iso2":"PH","country_name":"Philippines","state_name":"Autonomous Region in Muslim Mindanao","state_code":"14"},{"id":81379,"name":"Badak","iso2":"PH","country_name":"Philippines","state_name":"Autonomous Region in Muslim Mindanao","state_code":"14"},{"id":81392,"name":"Bagan","iso2":"PH","country_name":"Philippines","state_name":"Autonomous Region in Muslim Mindanao","state_code":"14"},{"id":81424,"name":"Baka","iso2":"PH","country_name":"Philippines","state_name":"Autonomous Region in Muslim Mindanao","state_code":"14"},{"id":81427,"name":"Bakung","iso2":"PH","country_name":"Philippines","state_name":"Autonomous Region in Muslim Mindanao","state_code":"14"},{"id":81431,"name":"Balabagan","iso2":"PH","country_name":"Philippines","state_name":"Autonomous Region in Muslim Mindanao","state_code":"14"},{"id":81449,"name":"Balas","iso2":"PH","country_name":"Philippines","state_name":"Autonomous Region in Muslim Mindanao","state_code":"14"},{"id":81472,"name":"Balimbing","iso2":"PH","country_name":"Philippines","state_name":"Autonomous Region in Muslim Mindanao","state_code":"14"},{"id":81474,"name":"Balindong","iso2":"PH","country_name":"Philippines","state_name":"Autonomous Region in Muslim Mindanao","state_code":"14"},{"id":81531,"name":"Bangkal","iso2":"PH","country_name":"Philippines","state_name":"Autonomous Region in Muslim Mindanao","state_code":"14"},{"id":81542,"name":"Bankaw","iso2":"PH","country_name":"Philippines","state_name":"Autonomous Region in Muslim Mindanao","state_code":"14"},{"id":81575,"name":"Barira","iso2":"PH","country_name":"Philippines","state_name":"Autonomous Region in Muslim Mindanao","state_code":"14"},{"id":81590,"name":"Barurao","iso2":"PH","country_name":"Philippines","state_name":"Autonomous Region in Muslim Mindanao","state_code":"14"},{"id":81631,"name":"Bato Bato","iso2":"PH","country_name":"Philippines","state_name":"Autonomous Region in Muslim Mindanao","state_code":"14"},{"id":81646,"name":"Baunu-Timbangan","iso2":"PH","country_name":"Philippines","state_name":"Autonomous Region in Muslim Mindanao","state_code":"14"},{"id":81649,"name":"Bawison","iso2":"PH","country_name":"Philippines","state_name":"Autonomous Region in Muslim Mindanao","state_code":"14"},{"id":81656,"name":"Bayang","iso2":"PH","country_name":"Philippines","state_name":"Autonomous Region in Muslim Mindanao","state_code":"14"},{"id":81657,"name":"Bayanga","iso2":"PH","country_name":"Philippines","state_name":"Autonomous Region in Muslim Mindanao","state_code":"14"},{"id":81675,"name":"Begang","iso2":"PH","country_name":"Philippines","state_name":"Autonomous Region in Muslim Mindanao","state_code":"14"},{"id":81720,"name":"Binidayan","iso2":"PH","country_name":"Philippines","state_name":"Autonomous Region in Muslim Mindanao","state_code":"14"},{"id":81730,"name":"Binuang","iso2":"PH","country_name":"Philippines","state_name":"Autonomous Region in Muslim Mindanao","state_code":"14"},{"id":81751,"name":"Blinsung","iso2":"PH","country_name":"Philippines","state_name":"Autonomous Region in Muslim Mindanao","state_code":"14"},{"id":81789,"name":"Bongao","iso2":"PH","country_name":"Philippines","state_name":"Autonomous Region in Muslim Mindanao","state_code":"14"},{"id":81790,"name":"Bongued","iso2":"PH","country_name":"Philippines","state_name":"Autonomous Region in Muslim Mindanao","state_code":"14"},{"id":81813,"name":"Buadiposo-Buntong","iso2":"PH","country_name":"Philippines","state_name":"Autonomous Region in Muslim Mindanao","state_code":"14"},{"id":81817,"name":"Bualan","iso2":"PH","country_name":"Philippines","state_name":"Autonomous Region in Muslim Mindanao","state_code":"14"},{"id":81818,"name":"Buan","iso2":"PH","country_name":"Philippines","state_name":"Autonomous Region in Muslim Mindanao","state_code":"14"},{"id":81821,"name":"Buansa","iso2":"PH","country_name":"Philippines","state_name":"Autonomous Region in Muslim Mindanao","state_code":"14"},{"id":81826,"name":"Budta","iso2":"PH","country_name":"Philippines","state_name":"Autonomous Region in Muslim Mindanao","state_code":"14"},{"id":81843,"name":"Bugasan","iso2":"PH","country_name":"Philippines","state_name":"Autonomous Region in Muslim Mindanao","state_code":"14"},{"id":81873,"name":"Buldon","iso2":"PH","country_name":"Philippines","state_name":"Autonomous Region in Muslim Mindanao","state_code":"14"},{"id":81876,"name":"Buliok","iso2":"PH","country_name":"Philippines","state_name":"Autonomous Region in Muslim Mindanao","state_code":"14"},{"id":81879,"name":"Bulit","iso2":"PH","country_name":"Philippines","state_name":"Autonomous Region in Muslim Mindanao","state_code":"14"},{"id":81886,"name":"Buluan","iso2":"PH","country_name":"Philippines","state_name":"Autonomous Region in Muslim Mindanao","state_code":"14"},{"id":81891,"name":"Bumbaran","iso2":"PH","country_name":"Philippines","state_name":"Autonomous Region in Muslim Mindanao","state_code":"14"},{"id":81923,"name":"Butig","iso2":"PH","country_name":"Philippines","state_name":"Autonomous Region in Muslim Mindanao","state_code":"14"},{"id":82024,"name":"Calanogas","iso2":"PH","country_name":"Philippines","state_name":"Autonomous Region in Muslim Mindanao","state_code":"14"},{"id":82245,"name":"City of Isabela","iso2":"PH","country_name":"Philippines","state_name":"Autonomous Region in Muslim Mindanao","state_code":"14"},{"id":82262,"name":"Colonia","iso2":"PH","country_name":"Philippines","state_name":"Autonomous Region in Muslim Mindanao","state_code":"14"},{"id":82302,"name":"Cotabato","iso2":"PH","country_name":"Philippines","state_name":"Autonomous Region in Muslim Mindanao","state_code":"14"},{"id":82329,"name":"Dado","iso2":"PH","country_name":"Philippines","state_name":"Autonomous Region in Muslim Mindanao","state_code":"14"},{"id":82330,"name":"Dadus","iso2":"PH","country_name":"Philippines","state_name":"Autonomous Region in Muslim Mindanao","state_code":"14"},{"id":82347,"name":"Dalican","iso2":"PH","country_name":"Philippines","state_name":"Autonomous Region in Muslim Mindanao","state_code":"14"},{"id":82353,"name":"Dalumangcob","iso2":"PH","country_name":"Philippines","state_name":"Autonomous Region in Muslim Mindanao","state_code":"14"},{"id":82357,"name":"Damabalas","iso2":"PH","country_name":"Philippines","state_name":"Autonomous Region in Muslim Mindanao","state_code":"14"},{"id":82358,"name":"Damatulan","iso2":"PH","country_name":"Philippines","state_name":"Autonomous Region in Muslim Mindanao","state_code":"14"},{"id":82391,"name":"Datu Paglas","iso2":"PH","country_name":"Philippines","state_name":"Autonomous Region in Muslim Mindanao","state_code":"14"},{"id":82392,"name":"Datu Piang","iso2":"PH","country_name":"Philippines","state_name":"Autonomous Region in Muslim Mindanao","state_code":"14"},{"id":82422,"name":"Digal","iso2":"PH","country_name":"Philippines","state_name":"Autonomous Region in Muslim Mindanao","state_code":"14"},{"id":82436,"name":"Dinaig","iso2":"PH","country_name":"Philippines","state_name":"Autonomous Region in Muslim Mindanao","state_code":"14"},{"id":82439,"name":"Dinganen","iso2":"PH","country_name":"Philippines","state_name":"Autonomous Region in Muslim Mindanao","state_code":"14"},{"id":82500,"name":"Ebcor Town","iso2":"PH","country_name":"Philippines","state_name":"Autonomous Region in Muslim Mindanao","state_code":"14"},{"id":82552,"name":"Gadung","iso2":"PH","country_name":"Philippines","state_name":"Autonomous Region in Muslim Mindanao","state_code":"14"},{"id":82562,"name":"Ganassi","iso2":"PH","country_name":"Philippines","state_name":"Autonomous Region in Muslim Mindanao","state_code":"14"},{"id":82564,"name":"Gang","iso2":"PH","country_name":"Philippines","state_name":"Autonomous Region in Muslim Mindanao","state_code":"14"},{"id":82643,"name":"Guiong","iso2":"PH","country_name":"Philippines","state_name":"Autonomous Region in Muslim Mindanao","state_code":"14"},{"id":82714,"name":"Idtig","iso2":"PH","country_name":"Philippines","state_name":"Autonomous Region in Muslim Mindanao","state_code":"14"},{"id":82808,"name":"Jolo","iso2":"PH","country_name":"Philippines","state_name":"Autonomous Region in Muslim Mindanao","state_code":"14"},{"id":82825,"name":"Kabasalan","iso2":"PH","country_name":"Philippines","state_name":"Autonomous Region in Muslim Mindanao","state_code":"14"},{"id":82836,"name":"Kagay","iso2":"PH","country_name":"Philippines","state_name":"Autonomous Region in Muslim Mindanao","state_code":"14"},{"id":82837,"name":"Kajatian","iso2":"PH","country_name":"Philippines","state_name":"Autonomous Region in Muslim Mindanao","state_code":"14"},{"id":82842,"name":"Kalang","iso2":"PH","country_name":"Philippines","state_name":"Autonomous Region in Muslim Mindanao","state_code":"14"},{"id":82847,"name":"Kalbugan","iso2":"PH","country_name":"Philippines","state_name":"Autonomous Region in Muslim Mindanao","state_code":"14"},{"id":82858,"name":"Kambing","iso2":"PH","country_name":"Philippines","state_name":"Autonomous Region in Muslim Mindanao","state_code":"14"},{"id":82862,"name":"Kanlagay","iso2":"PH","country_name":"Philippines","state_name":"Autonomous Region in Muslim Mindanao","state_code":"14"},{"id":82864,"name":"Kansipati","iso2":"PH","country_name":"Philippines","state_name":"Autonomous Region in Muslim Mindanao","state_code":"14"},{"id":82874,"name":"Karungdong","iso2":"PH","country_name":"Philippines","state_name":"Autonomous Region in Muslim Mindanao","state_code":"14"},{"id":82877,"name":"Katico","iso2":"PH","country_name":"Philippines","state_name":"Autonomous Region in Muslim Mindanao","state_code":"14"},{"id":82878,"name":"Katidtuan","iso2":"PH","country_name":"Philippines","state_name":"Autonomous Region in Muslim Mindanao","state_code":"14"},{"id":82882,"name":"Katuli","iso2":"PH","country_name":"Philippines","state_name":"Autonomous Region in Muslim Mindanao","state_code":"14"},{"id":82884,"name":"Kauran","iso2":"PH","country_name":"Philippines","state_name":"Autonomous Region in Muslim Mindanao","state_code":"14"},{"id":82915,"name":"Kitango","iso2":"PH","country_name":"Philippines","state_name":"Autonomous Region in Muslim Mindanao","state_code":"14"},{"id":82917,"name":"Kitapak","iso2":"PH","country_name":"Philippines","state_name":"Autonomous Region in Muslim Mindanao","state_code":"14"},{"id":82923,"name":"Kolape","iso2":"PH","country_name":"Philippines","state_name":"Autonomous Region in Muslim Mindanao","state_code":"14"},{"id":82930,"name":"Kulase","iso2":"PH","country_name":"Philippines","state_name":"Autonomous Region in Muslim Mindanao","state_code":"14"},{"id":82931,"name":"Kulay-Kulay","iso2":"PH","country_name":"Philippines","state_name":"Autonomous Region in Muslim Mindanao","state_code":"14"},{"id":82932,"name":"Kulempang","iso2":"PH","country_name":"Philippines","state_name":"Autonomous Region in Muslim Mindanao","state_code":"14"},{"id":82935,"name":"Kungtad","iso2":"PH","country_name":"Philippines","state_name":"Autonomous Region in Muslim Mindanao","state_code":"14"},{"id":82967,"name":"Labuñgan","iso2":"PH","country_name":"Philippines","state_name":"Autonomous Region in Muslim Mindanao","state_code":"14"},{"id":83000,"name":"Laminusa","iso2":"PH","country_name":"Philippines","state_name":"Autonomous Region in Muslim Mindanao","state_code":"14"},{"id":83003,"name":"Lamitan City","iso2":"PH","country_name":"Philippines","state_name":"Autonomous Region in Muslim Mindanao","state_code":"14"},{"id":83015,"name":"Langpas","iso2":"PH","country_name":"Philippines","state_name":"Autonomous Region in Muslim Mindanao","state_code":"14"},{"id":83017,"name":"Languyan","iso2":"PH","country_name":"Philippines","state_name":"Autonomous Region in Muslim Mindanao","state_code":"14"},{"id":83042,"name":"Larap","iso2":"PH","country_name":"Philippines","state_name":"Autonomous Region in Muslim Mindanao","state_code":"14"},{"id":83048,"name":"Latung","iso2":"PH","country_name":"Philippines","state_name":"Autonomous Region in Muslim Mindanao","state_code":"14"},{"id":83057,"name":"Layog","iso2":"PH","country_name":"Philippines","state_name":"Autonomous Region in Muslim Mindanao","state_code":"14"},{"id":83107,"name":"Ligayan","iso2":"PH","country_name":"Philippines","state_name":"Autonomous Region in Muslim Mindanao","state_code":"14"},{"id":83121,"name":"Limbo","iso2":"PH","country_name":"Philippines","state_name":"Autonomous Region in Muslim Mindanao","state_code":"14"},{"id":83150,"name":"Litayan","iso2":"PH","country_name":"Philippines","state_name":"Autonomous Region in Muslim Mindanao","state_code":"14"},{"id":83174,"name":"Lookan","iso2":"PH","country_name":"Philippines","state_name":"Autonomous Region in Muslim Mindanao","state_code":"14"},{"id":83190,"name":"Lu-uk","iso2":"PH","country_name":"Philippines","state_name":"Autonomous Region in Muslim Mindanao","state_code":"14"},{"id":83208,"name":"Lugus","iso2":"PH","country_name":"Philippines","state_name":"Autonomous Region in Muslim Mindanao","state_code":"14"},{"id":83216,"name":"Lumbac","iso2":"PH","country_name":"Philippines","state_name":"Autonomous Region in Muslim Mindanao","state_code":"14"},{"id":83219,"name":"Lumbatan","iso2":"PH","country_name":"Philippines","state_name":"Autonomous Region in Muslim Mindanao","state_code":"14"},{"id":83221,"name":"Lumbayanague","iso2":"PH","country_name":"Philippines","state_name":"Autonomous Region in Muslim Mindanao","state_code":"14"},{"id":83251,"name":"Lutayan","iso2":"PH","country_name":"Philippines","state_name":"Autonomous Region in Muslim Mindanao","state_code":"14"},{"id":83252,"name":"Luuk Datan","iso2":"PH","country_name":"Philippines","state_name":"Autonomous Region in Muslim Mindanao","state_code":"14"},{"id":83309,"name":"Madalum","iso2":"PH","country_name":"Philippines","state_name":"Autonomous Region in Muslim Mindanao","state_code":"14"},{"id":83310,"name":"Madamba","iso2":"PH","country_name":"Philippines","state_name":"Autonomous Region in Muslim Mindanao","state_code":"14"},{"id":83324,"name":"Maganoy","iso2":"PH","country_name":"Philippines","state_name":"Autonomous Region in Muslim Mindanao","state_code":"14"},{"id":83356,"name":"Mahala","iso2":"PH","country_name":"Philippines","state_name":"Autonomous Region in Muslim Mindanao","state_code":"14"},{"id":83367,"name":"Maimbung","iso2":"PH","country_name":"Philippines","state_name":"Autonomous Region in Muslim Mindanao","state_code":"14"},{"id":83378,"name":"Makir","iso2":"PH","country_name":"Philippines","state_name":"Autonomous Region in Muslim Mindanao","state_code":"14"},{"id":83384,"name":"Malabang","iso2":"PH","country_name":"Philippines","state_name":"Autonomous Region in Muslim Mindanao","state_code":"14"},{"id":83463,"name":"Maluso","iso2":"PH","country_name":"Philippines","state_name":"Autonomous Region in Muslim Mindanao","state_code":"14"},{"id":83542,"name":"Manubul","iso2":"PH","country_name":"Philippines","state_name":"Autonomous Region in Muslim Mindanao","state_code":"14"},{"id":83544,"name":"Manuk Mangkaw","iso2":"PH","country_name":"Philippines","state_name":"Autonomous Region in Muslim Mindanao","state_code":"14"},{"id":83563,"name":"Marantao","iso2":"PH","country_name":"Philippines","state_name":"Autonomous Region in Muslim Mindanao","state_code":"14"},{"id":83567,"name":"Marawi City","iso2":"PH","country_name":"Philippines","state_name":"Autonomous Region in Muslim Mindanao","state_code":"14"},{"id":83587,"name":"Marogong","iso2":"PH","country_name":"Philippines","state_name":"Autonomous Region in Muslim Mindanao","state_code":"14"},{"id":83588,"name":"Marsada","iso2":"PH","country_name":"Philippines","state_name":"Autonomous Region in Muslim Mindanao","state_code":"14"},{"id":83605,"name":"Masiu","iso2":"PH","country_name":"Philippines","state_name":"Autonomous Region in Muslim Mindanao","state_code":"14"},{"id":83620,"name":"Matanog","iso2":"PH","country_name":"Philippines","state_name":"Autonomous Region in Muslim Mindanao","state_code":"14"},{"id":83621,"name":"Mataya","iso2":"PH","country_name":"Philippines","state_name":"Autonomous Region in Muslim Mindanao","state_code":"14"},{"id":83636,"name":"Mauboh","iso2":"PH","country_name":"Philippines","state_name":"Autonomous Region in Muslim Mindanao","state_code":"14"},{"id":83673,"name":"Mileb","iso2":"PH","country_name":"Philippines","state_name":"Autonomous Region in Muslim Mindanao","state_code":"14"},{"id":83802,"name":"New Batu Batu","iso2":"PH","country_name":"Philippines","state_name":"Autonomous Region in Muslim Mindanao","state_code":"14"},{"id":83833,"name":"Nuyo","iso2":"PH","country_name":"Philippines","state_name":"Autonomous Region in Muslim Mindanao","state_code":"14"},{"id":83888,"name":"Pagalungan","iso2":"PH","country_name":"Philippines","state_name":"Autonomous Region in Muslim Mindanao","state_code":"14"},{"id":83892,"name":"Pagatin","iso2":"PH","country_name":"Philippines","state_name":"Autonomous Region in Muslim Mindanao","state_code":"14"},{"id":83901,"name":"Paitan","iso2":"PH","country_name":"Philippines","state_name":"Autonomous Region in Muslim Mindanao","state_code":"14"},{"id":83944,"name":"Panabuan","iso2":"PH","country_name":"Philippines","state_name":"Autonomous Region in Muslim Mindanao","state_code":"14"},{"id":83946,"name":"Panadtaban","iso2":"PH","country_name":"Philippines","state_name":"Autonomous Region in Muslim Mindanao","state_code":"14"},{"id":83959,"name":"Pandakan","iso2":"PH","country_name":"Philippines","state_name":"Autonomous Region in Muslim Mindanao","state_code":"14"},{"id":83963,"name":"Pandan Niog","iso2":"PH","country_name":"Philippines","state_name":"Autonomous Region in Muslim Mindanao","state_code":"14"},{"id":83967,"name":"Pang","iso2":"PH","country_name":"Philippines","state_name":"Autonomous Region in Muslim Mindanao","state_code":"14"},{"id":84017,"name":"Parang","iso2":"PH","country_name":"Philippines","state_name":"Autonomous Region in Muslim Mindanao","state_code":"14"},{"id":84020,"name":"Parangan","iso2":"PH","country_name":"Philippines","state_name":"Autonomous Region in Muslim Mindanao","state_code":"14"},{"id":84021,"name":"Parian Dakula","iso2":"PH","country_name":"Philippines","state_name":"Autonomous Region in Muslim Mindanao","state_code":"14"},{"id":84042,"name":"Patikul","iso2":"PH","country_name":"Philippines","state_name":"Autonomous Region in Muslim Mindanao","state_code":"14"},{"id":84061,"name":"Pawak","iso2":"PH","country_name":"Philippines","state_name":"Autonomous Region in Muslim Mindanao","state_code":"14"},{"id":84071,"name":"Payuhan","iso2":"PH","country_name":"Philippines","state_name":"Autonomous Region in Muslim Mindanao","state_code":"14"},{"id":84085,"name":"Pidsandawan","iso2":"PH","country_name":"Philippines","state_name":"Autonomous Region in Muslim Mindanao","state_code":"14"},{"id":84107,"name":"Pinaring","iso2":"PH","country_name":"Philippines","state_name":"Autonomous Region in Muslim Mindanao","state_code":"14"},{"id":84122,"name":"Pitogo","iso2":"PH","country_name":"Philippines","state_name":"Autonomous Region in Muslim Mindanao","state_code":"14"},{"id":84146,"name":"Polloc","iso2":"PH","country_name":"Philippines","state_name":"Autonomous Region in Muslim Mindanao","state_code":"14"},{"id":84188,"name":"Province of Basilan","iso2":"PH","country_name":"Philippines","state_name":"Autonomous Region in Muslim Mindanao","state_code":"14"},{"id":84217,"name":"Province of Lanao del Sur","iso2":"PH","country_name":"Philippines","state_name":"Autonomous Region in Muslim Mindanao","state_code":"14"},{"id":84219,"name":"Province of Maguindanao","iso2":"PH","country_name":"Philippines","state_name":"Autonomous Region in Muslim Mindanao","state_code":"14"},{"id":84245,"name":"Province of Sulu","iso2":"PH","country_name":"Philippines","state_name":"Autonomous Region in Muslim Mindanao","state_code":"14"},{"id":84249,"name":"Province of Tawi-Tawi","iso2":"PH","country_name":"Philippines","state_name":"Autonomous Region in Muslim Mindanao","state_code":"14"},{"id":84254,"name":"Pualas","iso2":"PH","country_name":"Philippines","state_name":"Autonomous Region in Muslim Mindanao","state_code":"14"},{"id":84275,"name":"Punay","iso2":"PH","country_name":"Philippines","state_name":"Autonomous Region in Muslim Mindanao","state_code":"14"},{"id":84322,"name":"Ramain","iso2":"PH","country_name":"Philippines","state_name":"Autonomous Region in Muslim Mindanao","state_code":"14"},{"id":84337,"name":"Rimpeso","iso2":"PH","country_name":"Philippines","state_name":"Autonomous Region in Muslim Mindanao","state_code":"14"},{"id":84353,"name":"Rominimbang","iso2":"PH","country_name":"Philippines","state_name":"Autonomous Region in Muslim Mindanao","state_code":"14"},{"id":84384,"name":"Sagasa","iso2":"PH","country_name":"Philippines","state_name":"Autonomous Region in Muslim Mindanao","state_code":"14"},{"id":84395,"name":"Saguiaran","iso2":"PH","country_name":"Philippines","state_name":"Autonomous Region in Muslim Mindanao","state_code":"14"},{"id":84428,"name":"Sambuluan","iso2":"PH","country_name":"Philippines","state_name":"Autonomous Region in Muslim Mindanao","state_code":"14"},{"id":84630,"name":"Sanga-Sanga","iso2":"PH","country_name":"Philippines","state_name":"Autonomous Region in Muslim Mindanao","state_code":"14"},{"id":84654,"name":"Santa Clara","iso2":"PH","country_name":"Philippines","state_name":"Autonomous Region in Muslim Mindanao","state_code":"14"},{"id":84739,"name":"Sapa","iso2":"PH","country_name":"Philippines","state_name":"Autonomous Region in Muslim Mindanao","state_code":"14"},{"id":84741,"name":"Sapadun","iso2":"PH","country_name":"Philippines","state_name":"Autonomous Region in Muslim Mindanao","state_code":"14"},{"id":84754,"name":"Satan","iso2":"PH","country_name":"Philippines","state_name":"Autonomous Region in Muslim Mindanao","state_code":"14"},{"id":84758,"name":"Semut","iso2":"PH","country_name":"Philippines","state_name":"Autonomous Region in Muslim Mindanao","state_code":"14"},{"id":84764,"name":"Siasi","iso2":"PH","country_name":"Philippines","state_name":"Autonomous Region in Muslim Mindanao","state_code":"14"},{"id":84801,"name":"Simbahan","iso2":"PH","country_name":"Philippines","state_name":"Autonomous Region in Muslim Mindanao","state_code":"14"},{"id":84804,"name":"Simuay","iso2":"PH","country_name":"Philippines","state_name":"Autonomous Region in Muslim Mindanao","state_code":"14"},{"id":84805,"name":"Simunul","iso2":"PH","country_name":"Philippines","state_name":"Autonomous Region in Muslim Mindanao","state_code":"14"},{"id":84824,"name":"Sionogan","iso2":"PH","country_name":"Philippines","state_name":"Autonomous Region in Muslim Mindanao","state_code":"14"},{"id":84833,"name":"Sitangkai","iso2":"PH","country_name":"Philippines","state_name":"Autonomous Region in Muslim Mindanao","state_code":"14"},{"id":84849,"name":"South Upi","iso2":"PH","country_name":"Philippines","state_name":"Autonomous Region in Muslim Mindanao","state_code":"14"},{"id":84871,"name":"Sultan Kudarat","iso2":"PH","country_name":"Philippines","state_name":"Autonomous Region in Muslim Mindanao","state_code":"14"},{"id":84878,"name":"Sumisip","iso2":"PH","country_name":"Philippines","state_name":"Autonomous Region in Muslim Mindanao","state_code":"14"},{"id":84894,"name":"Tabiauan","iso2":"PH","country_name":"Philippines","state_name":"Autonomous Region in Muslim Mindanao","state_code":"14"},{"id":84901,"name":"Tablas","iso2":"PH","country_name":"Philippines","state_name":"Autonomous Region in Muslim Mindanao","state_code":"14"},{"id":84928,"name":"Taganak","iso2":"PH","country_name":"Philippines","state_name":"Autonomous Region in Muslim Mindanao","state_code":"14"},{"id":84954,"name":"Tairan Camp","iso2":"PH","country_name":"Philippines","state_name":"Autonomous Region in Muslim Mindanao","state_code":"14"},{"id":84973,"name":"Talayan","iso2":"PH","country_name":"Philippines","state_name":"Autonomous Region in Muslim Mindanao","state_code":"14"},{"id":84977,"name":"Talipao","iso2":"PH","country_name":"Philippines","state_name":"Autonomous Region in Muslim Mindanao","state_code":"14"},{"id":84978,"name":"Talipaw","iso2":"PH","country_name":"Philippines","state_name":"Autonomous Region in Muslim Mindanao","state_code":"14"},{"id":84988,"name":"Talitay","iso2":"PH","country_name":"Philippines","state_name":"Autonomous Region in Muslim Mindanao","state_code":"14"},{"id":85022,"name":"Tampakan","iso2":"PH","country_name":"Philippines","state_name":"Autonomous Region in Muslim Mindanao","state_code":"14"},{"id":85023,"name":"Tamparan","iso2":"PH","country_name":"Philippines","state_name":"Autonomous Region in Muslim Mindanao","state_code":"14"},{"id":85048,"name":"Tapayan","iso2":"PH","country_name":"Philippines","state_name":"Autonomous Region in Muslim Mindanao","state_code":"14"},{"id":85051,"name":"Tapikan","iso2":"PH","country_name":"Philippines","state_name":"Autonomous Region in Muslim Mindanao","state_code":"14"},{"id":85063,"name":"Taungoh","iso2":"PH","country_name":"Philippines","state_name":"Autonomous Region in Muslim Mindanao","state_code":"14"},{"id":85064,"name":"Taviran","iso2":"PH","country_name":"Philippines","state_name":"Autonomous Region in Muslim Mindanao","state_code":"14"},{"id":85142,"name":"Tinutulan","iso2":"PH","country_name":"Philippines","state_name":"Autonomous Region in Muslim Mindanao","state_code":"14"},{"id":85145,"name":"Tipo-Tipo","iso2":"PH","country_name":"Philippines","state_name":"Autonomous Region in Muslim Mindanao","state_code":"14"},{"id":85168,"name":"Tongouson","iso2":"PH","country_name":"Philippines","state_name":"Autonomous Region in Muslim Mindanao","state_code":"14"},{"id":85187,"name":"Tubaran","iso2":"PH","country_name":"Philippines","state_name":"Autonomous Region in Muslim Mindanao","state_code":"14"},{"id":85199,"name":"Tuburan","iso2":"PH","country_name":"Philippines","state_name":"Autonomous Region in Muslim Mindanao","state_code":"14"},{"id":85208,"name":"Tugaya","iso2":"PH","country_name":"Philippines","state_name":"Autonomous Region in Muslim Mindanao","state_code":"14"},{"id":85223,"name":"Tumbagaan","iso2":"PH","country_name":"Philippines","state_name":"Autonomous Region in Muslim Mindanao","state_code":"14"},{"id":85228,"name":"Tunggol","iso2":"PH","country_name":"Philippines","state_name":"Autonomous Region in Muslim Mindanao","state_code":"14"},{"id":85229,"name":"Tungol","iso2":"PH","country_name":"Philippines","state_name":"Autonomous Region in Muslim Mindanao","state_code":"14"},{"id":85253,"name":"Ungus-Ungus","iso2":"PH","country_name":"Philippines","state_name":"Autonomous Region in Muslim Mindanao","state_code":"14"},{"id":85262,"name":"Upi","iso2":"PH","country_name":"Philippines","state_name":"Autonomous Region in Muslim Mindanao","state_code":"14"},{"id":85272,"name":"Uyaan","iso2":"PH","country_name":"Philippines","state_name":"Autonomous Region in Muslim Mindanao","state_code":"14"},{"id":85312,"name":"Wao","iso2":"PH","country_name":"Philippines","state_name":"Autonomous Region in Muslim Mindanao","state_code":"14"}]