[{"id":144877,"name":"Andili","state_id":1309,"state_code":"DVO","state_name":"Davao Occidental","country_id":174,"country_code":"PH","country_name":"Philippines"},{"id":144878,"name":"Andop","state_id":1309,"state_code":"DVO","state_name":"Davao Occidental","country_id":174,"country_code":"PH","country_name":"Philippines"},{"id":144879,"name":"Anibongan","state_id":1309,"state_code":"DVO","state_name":"Davao Occidental","country_id":174,"country_code":"PH","country_name":"Philippines"},{"id":144880,"name":"Astorga","state_id":1309,"state_code":"DVO","state_name":"Davao Occidental","country_id":174,"country_code":"PH","country_name":"Philippines"},{"id":144881,"name":"Asuncion","state_id":1309,"state_code":"DVO","state_name":"Davao Occidental","country_id":174,"country_code":"PH","country_name":"Philippines"},{"id":144882,"name":"Babag","state_id":1309,"state_code":"DVO","state_name":"Davao Occidental","country_id":174,"country_code":"PH","country_name":"Philippines"},{"id":144883,"name":"Baculin","state_id":1309,"state_code":"DVO","state_name":"Davao Occidental","country_id":174,"country_code":"PH","country_name":"Philippines"},{"id":144884,"name":"Baganga","state_id":1309,"state_code":"DVO","state_name":"Davao Occidental","country_id":174,"country_code":"PH","country_name":"Philippines"},{"id":144885,"name":"Balagunan","state_id":1309,"state_code":"DVO","state_name":"Davao Occidental","country_id":174,"country_code":"PH","country_name":"Philippines"},{"id":144886,"name":"Balangonan","state_id":1309,"state_code":"DVO","state_name":"Davao Occidental","country_id":174,"country_code":"PH","country_name":"Philippines"},{"id":144887,"name":"Balutakay","state_id":1309,"state_code":"DVO","state_name":"Davao Occidental","country_id":174,"country_code":"PH","country_name":"Philippines"},{"id":144888,"name":"Banaybanay","state_id":1309,"state_code":"DVO","state_name":"Davao Occidental","country_id":174,"country_code":"PH","country_name":"Philippines"},{"id":144889,"name":"Bansalan","state_id":1309,"state_code":"DVO","state_name":"Davao Occidental","country_id":174,"country_code":"PH","country_name":"Philippines"},{"id":144890,"name":"Bantacan","state_id":1309,"state_code":"DVO","state_name":"Davao Occidental","country_id":174,"country_code":"PH","country_name":"Philippines"},{"id":144891,"name":"Baon","state_id":1309,"state_code":"DVO","state_name":"Davao Occidental","country_id":174,"country_code":"PH","country_name":"Philippines"},{"id":144892,"name":"Baracatan","state_id":1309,"state_code":"DVO","state_name":"Davao Occidental","country_id":174,"country_code":"PH","country_name":"Philippines"},{"id":144893,"name":"Basiawan","state_id":1309,"state_code":"DVO","state_name":"Davao Occidental","country_id":174,"country_code":"PH","country_name":"Philippines"},{"id":144894,"name":"Batiano","state_id":1309,"state_code":"DVO","state_name":"Davao Occidental","country_id":174,"country_code":"PH","country_name":"Philippines"},{"id":144895,"name":"Bato","state_id":1309,"state_code":"DVO","state_name":"Davao Occidental","country_id":174,"country_code":"PH","country_name":"Philippines"},{"id":144896,"name":"Batobato","state_id":1309,"state_code":"DVO","state_name":"Davao Occidental","country_id":174,"country_code":"PH","country_name":"Philippines"},{"id":144897,"name":"Baylo","state_id":1309,"state_code":"DVO","state_name":"Davao Occidental","country_id":174,"country_code":"PH","country_name":"Philippines"},{"id":144898,"name":"Biao","state_id":1309,"state_code":"DVO","state_name":"Davao Occidental","country_id":174,"country_code":"PH","country_name":"Philippines"},{"id":144899,"name":"Bincoñgan","state_id":1309,"state_code":"DVO","state_name":"Davao Occidental","country_id":174,"country_code":"PH","country_name":"Philippines"},{"id":144900,"name":"Bitaogan","state_id":1309,"state_code":"DVO","state_name":"Davao Occidental","country_id":174,"country_code":"PH","country_name":"Philippines"},{"id":144901,"name":"Bobon","state_id":1309,"state_code":"DVO","state_name":"Davao Occidental","country_id":174,"country_code":"PH","country_name":"Philippines"},{"id":144902,"name":"Bolila","state_id":1309,"state_code":"DVO","state_name":"Davao Occidental","country_id":174,"country_code":"PH","country_name":"Philippines"},{"id":144903,"name":"Boston","state_id":1309,"state_code":"DVO","state_name":"Davao Occidental","country_id":174,"country_code":"PH","country_name":"Philippines"},{"id":144904,"name":"Buclad","state_id":1309,"state_code":"DVO","state_name":"Davao Occidental","country_id":174,"country_code":"PH","country_name":"Philippines"},{"id":144905,"name":"Buhangin","state_id":1309,"state_code":"DVO","state_name":"Davao Occidental","country_id":174,"country_code":"PH","country_name":"Philippines"},{"id":144906,"name":"Bukid","state_id":1309,"state_code":"DVO","state_name":"Davao Occidental","country_id":174,"country_code":"PH","country_name":"Philippines"},{"id":144907,"name":"Bulacan","state_id":1309,"state_code":"DVO","state_name":"Davao Occidental","country_id":174,"country_code":"PH","country_name":"Philippines"},{"id":144908,"name":"Bungabon","state_id":1309,"state_code":"DVO","state_name":"Davao Occidental","country_id":174,"country_code":"PH","country_name":"Philippines"},{"id":144909,"name":"Butulan","state_id":1309,"state_code":"DVO","state_name":"Davao Occidental","country_id":174,"country_code":"PH","country_name":"Philippines"},{"id":144910,"name":"Cabayangan","state_id":1309,"state_code":"DVO","state_name":"Davao Occidental","country_id":174,"country_code":"PH","country_name":"Philippines"},{"id":144911,"name":"Cabinuangan","state_id":1309,"state_code":"DVO","state_name":"Davao Occidental","country_id":174,"country_code":"PH","country_name":"Philippines"},{"id":144912,"name":"Caburan","state_id":1309,"state_code":"DVO","state_name":"Davao Occidental","country_id":174,"country_code":"PH","country_name":"Philippines"},{"id":144913,"name":"Cambanugoy","state_id":1309,"state_code":"DVO","state_name":"Davao Occidental","country_id":174,"country_code":"PH","country_name":"Philippines"},{"id":144914,"name":"Camudmud","state_id":1309,"state_code":"DVO","state_name":"Davao Occidental","country_id":174,"country_code":"PH","country_name":"Philippines"},{"id":144915,"name":"Caraga","state_id":1309,"state_code":"DVO","state_name":"Davao Occidental","country_id":174,"country_code":"PH","country_name":"Philippines"},{"id":144916,"name":"Carmen","state_id":1309,"state_code":"DVO","state_name":"Davao Occidental","country_id":174,"country_code":"PH","country_name":"Philippines"},{"id":144917,"name":"Cateel","state_id":1309,"state_code":"DVO","state_name":"Davao Occidental","country_id":174,"country_code":"PH","country_name":"Philippines"},{"id":144918,"name":"City of Mati","state_id":1309,"state_code":"DVO","state_name":"Davao Occidental","country_id":174,"country_code":"PH","country_name":"Philippines"},{"id":144919,"name":"City of Panabo","state_id":1309,"state_code":"DVO","state_name":"Davao Occidental","country_id":174,"country_code":"PH","country_name":"Philippines"},{"id":144920,"name":"City of Tagum","state_id":1309,"state_code":"DVO","state_name":"Davao Occidental","country_id":174,"country_code":"PH","country_name":"Philippines"},{"id":144921,"name":"Cogon","state_id":1309,"state_code":"DVO","state_name":"Davao Occidental","country_id":174,"country_code":"PH","country_name":"Philippines"},{"id":144922,"name":"Concepcion","state_id":1309,"state_code":"DVO","state_name":"Davao Occidental","country_id":174,"country_code":"PH","country_name":"Philippines"},{"id":144923,"name":"Corocotan","state_id":1309,"state_code":"DVO","state_name":"Davao Occidental","country_id":174,"country_code":"PH","country_name":"Philippines"},{"id":144924,"name":"Coronon","state_id":1309,"state_code":"DVO","state_name":"Davao Occidental","country_id":174,"country_code":"PH","country_name":"Philippines"},{"id":144925,"name":"Cuambog","state_id":1309,"state_code":"DVO","state_name":"Davao Occidental","country_id":174,"country_code":"PH","country_name":"Philippines"},{"id":144926,"name":"Culaman","state_id":1309,"state_code":"DVO","state_name":"Davao Occidental","country_id":174,"country_code":"PH","country_name":"Philippines"},{"id":144927,"name":"Dacudao","state_id":1309,"state_code":"DVO","state_name":"Davao Occidental","country_id":174,"country_code":"PH","country_name":"Philippines"},{"id":144928,"name":"Dakbayan sa Digos","state_id":1309,"state_code":"DVO","state_name":"Davao Occidental","country_id":174,"country_code":"PH","country_name":"Philippines"},{"id":144929,"name":"Davan","state_id":1309,"state_code":"DVO","state_name":"Davao Occidental","country_id":174,"country_code":"PH","country_name":"Philippines"},{"id":144930,"name":"Davao City","state_id":1309,"state_code":"DVO","state_name":"Davao Occidental","country_id":174,"country_code":"PH","country_name":"Philippines"},{"id":144931,"name":"Del Pilar","state_id":1309,"state_code":"DVO","state_name":"Davao Occidental","country_id":174,"country_code":"PH","country_name":"Philippines"},{"id":144932,"name":"Digos","state_id":1309,"state_code":"DVO","state_name":"Davao Occidental","country_id":174,"country_code":"PH","country_name":"Philippines"},{"id":144933,"name":"Dolo","state_id":1309,"state_code":"DVO","state_name":"Davao Occidental","country_id":174,"country_code":"PH","country_name":"Philippines"},{"id":144934,"name":"Don Marcelino","state_id":1309,"state_code":"DVO","state_name":"Davao Occidental","country_id":174,"country_code":"PH","country_name":"Philippines"},{"id":144935,"name":"Dumlan","state_id":1309,"state_code":"DVO","state_name":"Davao Occidental","country_id":174,"country_code":"PH","country_name":"Philippines"},{"id":144936,"name":"Esperanza","state_id":1309,"state_code":"DVO","state_name":"Davao Occidental","country_id":174,"country_code":"PH","country_name":"Philippines"},{"id":144937,"name":"Gabi","state_id":1309,"state_code":"DVO","state_name":"Davao Occidental","country_id":174,"country_code":"PH","country_name":"Philippines"},{"id":144938,"name":"Gabuyan","state_id":1309,"state_code":"DVO","state_name":"Davao Occidental","country_id":174,"country_code":"PH","country_name":"Philippines"},{"id":144939,"name":"Goma","state_id":1309,"state_code":"DVO","state_name":"Davao Occidental","country_id":174,"country_code":"PH","country_name":"Philippines"},{"id":144940,"name":"Governor Generoso","state_id":1309,"state_code":"DVO","state_name":"Davao Occidental","country_id":174,"country_code":"PH","country_name":"Philippines"},{"id":144941,"name":"Guihing Proper","state_id":1309,"state_code":"DVO","state_name":"Davao Occidental","country_id":174,"country_code":"PH","country_name":"Philippines"},{"id":144942,"name":"Gumalang","state_id":1309,"state_code":"DVO","state_name":"Davao Occidental","country_id":174,"country_code":"PH","country_name":"Philippines"},{"id":144943,"name":"Gupitan","state_id":1309,"state_code":"DVO","state_name":"Davao Occidental","country_id":174,"country_code":"PH","country_name":"Philippines"},{"id":144944,"name":"Hagonoy","state_id":1309,"state_code":"DVO","state_name":"Davao Occidental","country_id":174,"country_code":"PH","country_name":"Philippines"},{"id":144945,"name":"Ignit","state_id":1309,"state_code":"DVO","state_name":"Davao Occidental","country_id":174,"country_code":"PH","country_name":"Philippines"},{"id":144946,"name":"Ilangay","state_id":1309,"state_code":"DVO","state_name":"Davao Occidental","country_id":174,"country_code":"PH","country_name":"Philippines"},{"id":144947,"name":"Inawayan","state_id":1309,"state_code":"DVO","state_name":"Davao Occidental","country_id":174,"country_code":"PH","country_name":"Philippines"},{"id":144948,"name":"Island Garden City of Samal","state_id":1309,"state_code":"DVO","state_name":"Davao Occidental","country_id":174,"country_code":"PH","country_name":"Philippines"},{"id":144949,"name":"Jose Abad Santos","state_id":1309,"state_code":"DVO","state_name":"Davao Occidental","country_id":174,"country_code":"PH","country_name":"Philippines"},{"id":144951,"name":"Jovellar","state_id":1309,"state_code":"DVO","state_name":"Davao Occidental","country_id":174,"country_code":"PH","country_name":"Philippines"},{"id":144952,"name":"Kalbay","state_id":1309,"state_code":"DVO","state_name":"Davao Occidental","country_id":174,"country_code":"PH","country_name":"Philippines"},{"id":144953,"name":"Kalian","state_id":1309,"state_code":"DVO","state_name":"Davao Occidental","country_id":174,"country_code":"PH","country_name":"Philippines"},{"id":144954,"name":"Kaligutan","state_id":1309,"state_code":"DVO","state_name":"Davao Occidental","country_id":174,"country_code":"PH","country_name":"Philippines"},{"id":144955,"name":"Kapalong","state_id":1309,"state_code":"DVO","state_name":"Davao Occidental","country_id":174,"country_code":"PH","country_name":"Philippines"},{"id":144957,"name":"Katipunan","state_id":1309,"state_code":"DVO","state_name":"Davao Occidental","country_id":174,"country_code":"PH","country_name":"Philippines"},{"id":144958,"name":"Kiblawan","state_id":1309,"state_code":"DVO","state_name":"Davao Occidental","country_id":174,"country_code":"PH","country_name":"Philippines"},{"id":144959,"name":"Kinablangan","state_id":1309,"state_code":"DVO","state_name":"Davao Occidental","country_id":174,"country_code":"PH","country_name":"Philippines"},{"id":144960,"name":"Kinamayan","state_id":1309,"state_code":"DVO","state_name":"Davao Occidental","country_id":174,"country_code":"PH","country_name":"Philippines"},{"id":144961,"name":"Kinangan","state_id":1309,"state_code":"DVO","state_name":"Davao Occidental","country_id":174,"country_code":"PH","country_name":"Philippines"},{"id":144962,"name":"La Libertad","state_id":1309,"state_code":"DVO","state_name":"Davao Occidental","country_id":174,"country_code":"PH","country_name":"Philippines"},{"id":144963,"name":"La Paz","state_id":1309,"state_code":"DVO","state_name":"Davao Occidental","country_id":174,"country_code":"PH","country_name":"Philippines"},{"id":144964,"name":"La Union","state_id":1309,"state_code":"DVO","state_name":"Davao Occidental","country_id":174,"country_code":"PH","country_name":"Philippines"},{"id":144965,"name":"Lacaron","state_id":1309,"state_code":"DVO","state_name":"Davao Occidental","country_id":174,"country_code":"PH","country_name":"Philippines"},{"id":144966,"name":"Lacson","state_id":1309,"state_code":"DVO","state_name":"Davao Occidental","country_id":174,"country_code":"PH","country_name":"Philippines"},{"id":144967,"name":"Lais","state_id":1309,"state_code":"DVO","state_name":"Davao Occidental","country_id":174,"country_code":"PH","country_name":"Philippines"},{"id":144968,"name":"Lamitan","state_id":1309,"state_code":"DVO","state_name":"Davao Occidental","country_id":174,"country_code":"PH","country_name":"Philippines"},{"id":144969,"name":"Lapuan","state_id":1309,"state_code":"DVO","state_name":"Davao Occidental","country_id":174,"country_code":"PH","country_name":"Philippines"},{"id":144970,"name":"Lasang","state_id":1309,"state_code":"DVO","state_name":"Davao Occidental","country_id":174,"country_code":"PH","country_name":"Philippines"},{"id":144971,"name":"Libuganon","state_id":1309,"state_code":"DVO","state_name":"Davao Occidental","country_id":174,"country_code":"PH","country_name":"Philippines"},{"id":144972,"name":"Limao","state_id":1309,"state_code":"DVO","state_name":"Davao Occidental","country_id":174,"country_code":"PH","country_name":"Philippines"},{"id":144973,"name":"Limot","state_id":1309,"state_code":"DVO","state_name":"Davao Occidental","country_id":174,"country_code":"PH","country_name":"Philippines"},{"id":144974,"name":"Linao","state_id":1309,"state_code":"DVO","state_name":"Davao Occidental","country_id":174,"country_code":"PH","country_name":"Philippines"},{"id":144975,"name":"Linoan","state_id":1309,"state_code":"DVO","state_name":"Davao Occidental","country_id":174,"country_code":"PH","country_name":"Philippines"},{"id":144976,"name":"Lukatan","state_id":1309,"state_code":"DVO","state_name":"Davao Occidental","country_id":174,"country_code":"PH","country_name":"Philippines"},{"id":144977,"name":"Luna","state_id":1309,"state_code":"DVO","state_name":"Davao Occidental","country_id":174,"country_code":"PH","country_name":"Philippines"},{"id":144978,"name":"Lungaog","state_id":1309,"state_code":"DVO","state_name":"Davao Occidental","country_id":174,"country_code":"PH","country_name":"Philippines"},{"id":144979,"name":"Lupon","state_id":1309,"state_code":"DVO","state_name":"Davao Occidental","country_id":174,"country_code":"PH","country_name":"Philippines"},{"id":144980,"name":"Luzon","state_id":1309,"state_code":"DVO","state_name":"Davao Occidental","country_id":174,"country_code":"PH","country_name":"Philippines"},{"id":144981,"name":"Mabini","state_id":1309,"state_code":"DVO","state_name":"Davao Occidental","country_id":174,"country_code":"PH","country_name":"Philippines"},{"id":144983,"name":"Mabuhay","state_id":1309,"state_code":"DVO","state_name":"Davao Occidental","country_id":174,"country_code":"PH","country_name":"Philippines"},{"id":144984,"name":"Maco","state_id":1309,"state_code":"DVO","state_name":"Davao Occidental","country_id":174,"country_code":"PH","country_name":"Philippines"},{"id":144985,"name":"Maduao","state_id":1309,"state_code":"DVO","state_name":"Davao Occidental","country_id":174,"country_code":"PH","country_name":"Philippines"},{"id":144986,"name":"Magatos","state_id":1309,"state_code":"DVO","state_name":"Davao Occidental","country_id":174,"country_code":"PH","country_name":"Philippines"},{"id":144987,"name":"Magdug","state_id":1309,"state_code":"DVO","state_name":"Davao Occidental","country_id":174,"country_code":"PH","country_name":"Philippines"},{"id":144988,"name":"Magnaga","state_id":1309,"state_code":"DVO","state_name":"Davao Occidental","country_id":174,"country_code":"PH","country_name":"Philippines"},{"id":144989,"name":"Magsaysay","state_id":1309,"state_code":"DVO","state_name":"Davao Occidental","country_id":174,"country_code":"PH","country_name":"Philippines"},{"id":144992,"name":"Mahanob","state_id":1309,"state_code":"DVO","state_name":"Davao Occidental","country_id":174,"country_code":"PH","country_name":"Philippines"},{"id":144993,"name":"Mahayag","state_id":1309,"state_code":"DVO","state_name":"Davao Occidental","country_id":174,"country_code":"PH","country_name":"Philippines"},{"id":144994,"name":"Malagos","state_id":1309,"state_code":"DVO","state_name":"Davao Occidental","country_id":174,"country_code":"PH","country_name":"Philippines"},{"id":144995,"name":"Malalag","state_id":1309,"state_code":"DVO","state_name":"Davao Occidental","country_id":174,"country_code":"PH","country_name":"Philippines"},{"id":144996,"name":"Malinao","state_id":1309,"state_code":"DVO","state_name":"Davao Occidental","country_id":174,"country_code":"PH","country_name":"Philippines"},{"id":144997,"name":"Malita","state_id":1309,"state_code":"DVO","state_name":"Davao Occidental","country_id":174,"country_code":"PH","country_name":"Philippines"},{"id":144998,"name":"Mambago","state_id":1309,"state_code":"DVO","state_name":"Davao Occidental","country_id":174,"country_code":"PH","country_name":"Philippines"},{"id":144999,"name":"Managa","state_id":1309,"state_code":"DVO","state_name":"Davao Occidental","country_id":174,"country_code":"PH","country_name":"Philippines"},{"id":145000,"name":"Manaloal","state_id":1309,"state_code":"DVO","state_name":"Davao Occidental","country_id":174,"country_code":"PH","country_name":"Philippines"},{"id":145001,"name":"Manat","state_id":1309,"state_code":"DVO","state_name":"Davao Occidental","country_id":174,"country_code":"PH","country_name":"Philippines"},{"id":145002,"name":"Manay","state_id":1309,"state_code":"DVO","state_name":"Davao Occidental","country_id":174,"country_code":"PH","country_name":"Philippines"},{"id":145004,"name":"Mangili","state_id":1309,"state_code":"DVO","state_name":"Davao Occidental","country_id":174,"country_code":"PH","country_name":"Philippines"},{"id":145005,"name":"Manikling","state_id":1309,"state_code":"DVO","state_name":"Davao Occidental","country_id":174,"country_code":"PH","country_name":"Philippines"},{"id":145006,"name":"Matanao","state_id":1309,"state_code":"DVO","state_name":"Davao Occidental","country_id":174,"country_code":"PH","country_name":"Philippines"},{"id":145008,"name":"Mati","state_id":1309,"state_code":"DVO","state_name":"Davao Occidental","country_id":174,"country_code":"PH","country_name":"Philippines"},{"id":145009,"name":"Matiao","state_id":1309,"state_code":"DVO","state_name":"Davao Occidental","country_id":174,"country_code":"PH","country_name":"Philippines"},{"id":145010,"name":"Matti","state_id":1309,"state_code":"DVO","state_name":"Davao Occidental","country_id":174,"country_code":"PH","country_name":"Philippines"},{"id":145011,"name":"Mawab","state_id":1309,"state_code":"DVO","state_name":"Davao Occidental","country_id":174,"country_code":"PH","country_name":"Philippines"},{"id":145013,"name":"Mayo","state_id":1309,"state_code":"DVO","state_name":"Davao Occidental","country_id":174,"country_code":"PH","country_name":"Philippines"},{"id":145014,"name":"Monkayo","state_id":1309,"state_code":"DVO","state_name":"Davao Occidental","country_id":174,"country_code":"PH","country_name":"Philippines"},{"id":145015,"name":"Montevista","state_id":1309,"state_code":"DVO","state_name":"Davao Occidental","country_id":174,"country_code":"PH","country_name":"Philippines"},{"id":145016,"name":"Nabunturan","state_id":1309,"state_code":"DVO","state_name":"Davao Occidental","country_id":174,"country_code":"PH","country_name":"Philippines"},{"id":145017,"name":"Nangan","state_id":1309,"state_code":"DVO","state_name":"Davao Occidental","country_id":174,"country_code":"PH","country_name":"Philippines"},{"id":145018,"name":"Nanyo","state_id":1309,"state_code":"DVO","state_name":"Davao Occidental","country_id":174,"country_code":"PH","country_name":"Philippines"},{"id":145019,"name":"New Baclayon","state_id":1309,"state_code":"DVO","state_name":"Davao Occidental","country_id":174,"country_code":"PH","country_name":"Philippines"},{"id":145020,"name":"New Bataan","state_id":1309,"state_code":"DVO","state_name":"Davao Occidental","country_id":174,"country_code":"PH","country_name":"Philippines"},{"id":145021,"name":"New Bohol","state_id":1309,"state_code":"DVO","state_name":"Davao Occidental","country_id":174,"country_code":"PH","country_name":"Philippines"},{"id":145022,"name":"New Corella","state_id":1309,"state_code":"DVO","state_name":"Davao Occidental","country_id":174,"country_code":"PH","country_name":"Philippines"},{"id":145023,"name":"New Leyte","state_id":1309,"state_code":"DVO","state_name":"Davao Occidental","country_id":174,"country_code":"PH","country_name":"Philippines"},{"id":145024,"name":"New Sibonga","state_id":1309,"state_code":"DVO","state_name":"Davao Occidental","country_id":174,"country_code":"PH","country_name":"Philippines"},{"id":145025,"name":"New Visayas","state_id":1309,"state_code":"DVO","state_name":"Davao Occidental","country_id":174,"country_code":"PH","country_name":"Philippines"},{"id":145026,"name":"Nuing","state_id":1309,"state_code":"DVO","state_name":"Davao Occidental","country_id":174,"country_code":"PH","country_name":"Philippines"},{"id":145027,"name":"Padada","state_id":1309,"state_code":"DVO","state_name":"Davao Occidental","country_id":174,"country_code":"PH","country_name":"Philippines"},{"id":145028,"name":"Pag-asa","state_id":1309,"state_code":"DVO","state_name":"Davao Occidental","country_id":174,"country_code":"PH","country_name":"Philippines"},{"id":145029,"name":"Pagsabangan","state_id":1309,"state_code":"DVO","state_name":"Davao Occidental","country_id":174,"country_code":"PH","country_name":"Philippines"},{"id":145030,"name":"Palma Gil","state_id":1309,"state_code":"DVO","state_name":"Davao Occidental","country_id":174,"country_code":"PH","country_name":"Philippines"},{"id":145031,"name":"Panabo","state_id":1309,"state_code":"DVO","state_name":"Davao Occidental","country_id":174,"country_code":"PH","country_name":"Philippines"},{"id":145032,"name":"Pandasan","state_id":1309,"state_code":"DVO","state_name":"Davao Occidental","country_id":174,"country_code":"PH","country_name":"Philippines"},{"id":145033,"name":"Pangian","state_id":1309,"state_code":"DVO","state_name":"Davao Occidental","country_id":174,"country_code":"PH","country_name":"Philippines"},{"id":145034,"name":"Panikian","state_id":1309,"state_code":"DVO","state_name":"Davao Occidental","country_id":174,"country_code":"PH","country_name":"Philippines"},{"id":145035,"name":"Pantukan","state_id":1309,"state_code":"DVO","state_name":"Davao Occidental","country_id":174,"country_code":"PH","country_name":"Philippines"},{"id":145036,"name":"Pasian","state_id":1309,"state_code":"DVO","state_name":"Davao Occidental","country_id":174,"country_code":"PH","country_name":"Philippines"},{"id":145037,"name":"Pondaguitan","state_id":1309,"state_code":"DVO","state_name":"Davao Occidental","country_id":174,"country_code":"PH","country_name":"Philippines"},{"id":145038,"name":"Pung-Pang","state_id":1309,"state_code":"DVO","state_name":"Davao Occidental","country_id":174,"country_code":"PH","country_name":"Philippines"},{"id":145039,"name":"Samal","state_id":1309,"state_code":"DVO","state_name":"Davao Occidental","country_id":174,"country_code":"PH","country_name":"Philippines"},{"id":145040,"name":"Sampao","state_id":1309,"state_code":"DVO","state_name":"Davao Occidental","country_id":174,"country_code":"PH","country_name":"Philippines"},{"id":145041,"name":"San Alfonso","state_id":1309,"state_code":"DVO","state_name":"Davao Occidental","country_id":174,"country_code":"PH","country_name":"Philippines"},{"id":145042,"name":"San Antonio","state_id":1309,"state_code":"DVO","state_name":"Davao Occidental","country_id":174,"country_code":"PH","country_name":"Philippines"},{"id":145043,"name":"San Ignacio","state_id":1309,"state_code":"DVO","state_name":"Davao Occidental","country_id":174,"country_code":"PH","country_name":"Philippines"},{"id":145044,"name":"San Isidro","state_id":1309,"state_code":"DVO","state_name":"Davao Occidental","country_id":174,"country_code":"PH","country_name":"Philippines"},{"id":145045,"name":"San Luis","state_id":1309,"state_code":"DVO","state_name":"Davao Occidental","country_id":174,"country_code":"PH","country_name":"Philippines"},{"id":145046,"name":"San Mariano","state_id":1309,"state_code":"DVO","state_name":"Davao Occidental","country_id":174,"country_code":"PH","country_name":"Philippines"},{"id":145047,"name":"San Miguel","state_id":1309,"state_code":"DVO","state_name":"Davao Occidental","country_id":174,"country_code":"PH","country_name":"Philippines"},{"id":145048,"name":"San Pedro","state_id":1309,"state_code":"DVO","state_name":"Davao Occidental","country_id":174,"country_code":"PH","country_name":"Philippines"},{"id":145049,"name":"San Rafael","state_id":1309,"state_code":"DVO","state_name":"Davao Occidental","country_id":174,"country_code":"PH","country_name":"Philippines"},{"id":145050,"name":"San Remigio","state_id":1309,"state_code":"DVO","state_name":"Davao Occidental","country_id":174,"country_code":"PH","country_name":"Philippines"},{"id":145051,"name":"San Vicente","state_id":1309,"state_code":"DVO","state_name":"Davao Occidental","country_id":174,"country_code":"PH","country_name":"Philippines"},{"id":145052,"name":"Santa Cruz","state_id":1309,"state_code":"DVO","state_name":"Davao Occidental","country_id":174,"country_code":"PH","country_name":"Philippines"},{"id":145053,"name":"Santa Maria","state_id":1309,"state_code":"DVO","state_name":"Davao Occidental","country_id":174,"country_code":"PH","country_name":"Philippines"},{"id":145054,"name":"Santiago","state_id":1309,"state_code":"DVO","state_name":"Davao Occidental","country_id":174,"country_code":"PH","country_name":"Philippines"},{"id":145055,"name":"Santo Niño","state_id":1309,"state_code":"DVO","state_name":"Davao Occidental","country_id":174,"country_code":"PH","country_name":"Philippines"},{"id":145057,"name":"Santo Tomas","state_id":1309,"state_code":"DVO","state_name":"Davao Occidental","country_id":174,"country_code":"PH","country_name":"Philippines"},{"id":145058,"name":"Sarangani","state_id":1309,"state_code":"DVO","state_name":"Davao Occidental","country_id":174,"country_code":"PH","country_name":"Philippines"},{"id":145059,"name":"Sibulan","state_id":1309,"state_code":"DVO","state_name":"Davao Occidental","country_id":174,"country_code":"PH","country_name":"Philippines"},{"id":145060,"name":"Sigaboy","state_id":1309,"state_code":"DVO","state_name":"Davao Occidental","country_id":174,"country_code":"PH","country_name":"Philippines"},{"id":145061,"name":"Simod","state_id":1309,"state_code":"DVO","state_name":"Davao Occidental","country_id":174,"country_code":"PH","country_name":"Philippines"},{"id":145062,"name":"Sinawilan","state_id":1309,"state_code":"DVO","state_name":"Davao Occidental","country_id":174,"country_code":"PH","country_name":"Philippines"},{"id":145063,"name":"Sinayawan","state_id":1309,"state_code":"DVO","state_name":"Davao Occidental","country_id":174,"country_code":"PH","country_name":"Philippines"},{"id":145064,"name":"Sirib","state_id":1309,"state_code":"DVO","state_name":"Davao Occidental","country_id":174,"country_code":"PH","country_name":"Philippines"},{"id":145065,"name":"Sugal","state_id":1309,"state_code":"DVO","state_name":"Davao Occidental","country_id":174,"country_code":"PH","country_name":"Philippines"},{"id":145066,"name":"Sulop","state_id":1309,"state_code":"DVO","state_name":"Davao Occidental","country_id":174,"country_code":"PH","country_name":"Philippines"},{"id":145067,"name":"Surup","state_id":1309,"state_code":"DVO","state_name":"Davao Occidental","country_id":174,"country_code":"PH","country_name":"Philippines"},{"id":145068,"name":"Suz-on","state_id":1309,"state_code":"DVO","state_name":"Davao Occidental","country_id":174,"country_code":"PH","country_name":"Philippines"},{"id":145069,"name":"Tagakpan","state_id":1309,"state_code":"DVO","state_name":"Davao Occidental","country_id":174,"country_code":"PH","country_name":"Philippines"},{"id":145070,"name":"Tagdanua","state_id":1309,"state_code":"DVO","state_name":"Davao Occidental","country_id":174,"country_code":"PH","country_name":"Philippines"},{"id":145071,"name":"Tagnanan","state_id":1309,"state_code":"DVO","state_name":"Davao Occidental","country_id":174,"country_code":"PH","country_name":"Philippines"},{"id":145072,"name":"Tagum","state_id":1309,"state_code":"DVO","state_name":"Davao Occidental","country_id":174,"country_code":"PH","country_name":"Philippines"},{"id":145073,"name":"Takub","state_id":1309,"state_code":"DVO","state_name":"Davao Occidental","country_id":174,"country_code":"PH","country_name":"Philippines"},{"id":145074,"name":"Talagutong","state_id":1309,"state_code":"DVO","state_name":"Davao Occidental","country_id":174,"country_code":"PH","country_name":"Philippines"},{"id":145075,"name":"Talisay","state_id":1309,"state_code":"DVO","state_name":"Davao Occidental","country_id":174,"country_code":"PH","country_name":"Philippines"},{"id":145076,"name":"Talomo","state_id":1309,"state_code":"DVO","state_name":"Davao Occidental","country_id":174,"country_code":"PH","country_name":"Philippines"},{"id":145077,"name":"Tamayong","state_id":1309,"state_code":"DVO","state_name":"Davao Occidental","country_id":174,"country_code":"PH","country_name":"Philippines"},{"id":145078,"name":"Tambo","state_id":1309,"state_code":"DVO","state_name":"Davao Occidental","country_id":174,"country_code":"PH","country_name":"Philippines"},{"id":145079,"name":"Tamisan","state_id":1309,"state_code":"DVO","state_name":"Davao Occidental","country_id":174,"country_code":"PH","country_name":"Philippines"},{"id":145080,"name":"Tamugan","state_id":1309,"state_code":"DVO","state_name":"Davao Occidental","country_id":174,"country_code":"PH","country_name":"Philippines"},{"id":145081,"name":"Tanlad","state_id":1309,"state_code":"DVO","state_name":"Davao Occidental","country_id":174,"country_code":"PH","country_name":"Philippines"},{"id":145082,"name":"Tapia","state_id":1309,"state_code":"DVO","state_name":"Davao Occidental","country_id":174,"country_code":"PH","country_name":"Philippines"},{"id":145083,"name":"Tarragona","state_id":1309,"state_code":"DVO","state_name":"Davao Occidental","country_id":174,"country_code":"PH","country_name":"Philippines"},{"id":145084,"name":"Tawan tawan","state_id":1309,"state_code":"DVO","state_name":"Davao Occidental","country_id":174,"country_code":"PH","country_name":"Philippines"},{"id":145085,"name":"Taytayan","state_id":1309,"state_code":"DVO","state_name":"Davao Occidental","country_id":174,"country_code":"PH","country_name":"Philippines"},{"id":145086,"name":"Tibagon","state_id":1309,"state_code":"DVO","state_name":"Davao Occidental","country_id":174,"country_code":"PH","country_name":"Philippines"},{"id":145087,"name":"Tibanbang","state_id":1309,"state_code":"DVO","state_name":"Davao Occidental","country_id":174,"country_code":"PH","country_name":"Philippines"},{"id":145088,"name":"Tiblawan","state_id":1309,"state_code":"DVO","state_name":"Davao Occidental","country_id":174,"country_code":"PH","country_name":"Philippines"},{"id":145089,"name":"Tombongon","state_id":1309,"state_code":"DVO","state_name":"Davao Occidental","country_id":174,"country_code":"PH","country_name":"Philippines"},{"id":145090,"name":"Tubalan","state_id":1309,"state_code":"DVO","state_name":"Davao Occidental","country_id":174,"country_code":"PH","country_name":"Philippines"},{"id":145091,"name":"Tuban","state_id":1309,"state_code":"DVO","state_name":"Davao Occidental","country_id":174,"country_code":"PH","country_name":"Philippines"},{"id":145092,"name":"Tubod","state_id":1309,"state_code":"DVO","state_name":"Davao Occidental","country_id":174,"country_code":"PH","country_name":"Philippines"},{"id":145093,"name":"Tuganay","state_id":1309,"state_code":"DVO","state_name":"Davao Occidental","country_id":174,"country_code":"PH","country_name":"Philippines"},{"id":145094,"name":"Tuli","state_id":1309,"state_code":"DVO","state_name":"Davao Occidental","country_id":174,"country_code":"PH","country_name":"Philippines"},{"id":145095,"name":"Ula","state_id":1309,"state_code":"DVO","state_name":"Davao Occidental","country_id":174,"country_code":"PH","country_name":"Philippines"},{"id":145096,"name":"Wañgan","state_id":1309,"state_code":"DVO","state_name":"Davao Occidental","country_id":174,"country_code":"PH","country_name":"Philippines"},{"id":145097,"name":"Wines","state_id":1309,"state_code":"DVO","state_name":"Davao Occidental","country_id":174,"country_code":"PH","country_name":"Philippines"}]