[{"id":144877,"name":"Andili","iso2":"PH","country_name":"Philippines","state_name":"Davao Occidental","state_code":"DVO"},{"id":144878,"name":"Andop","iso2":"PH","country_name":"Philippines","state_name":"Davao Occidental","state_code":"DVO"},{"id":144879,"name":"Anibongan","iso2":"PH","country_name":"Philippines","state_name":"Davao Occidental","state_code":"DVO"},{"id":144880,"name":"Astorga","iso2":"PH","country_name":"Philippines","state_name":"Davao Occidental","state_code":"DVO"},{"id":144881,"name":"Asuncion","iso2":"PH","country_name":"Philippines","state_name":"Davao Occidental","state_code":"DVO"},{"id":144882,"name":"Babag","iso2":"PH","country_name":"Philippines","state_name":"Davao Occidental","state_code":"DVO"},{"id":144883,"name":"Baculin","iso2":"PH","country_name":"Philippines","state_name":"Davao Occidental","state_code":"DVO"},{"id":144884,"name":"Baganga","iso2":"PH","country_name":"Philippines","state_name":"Davao Occidental","state_code":"DVO"},{"id":144885,"name":"Balagunan","iso2":"PH","country_name":"Philippines","state_name":"Davao Occidental","state_code":"DVO"},{"id":144886,"name":"Balangonan","iso2":"PH","country_name":"Philippines","state_name":"Davao Occidental","state_code":"DVO"},{"id":144887,"name":"Balutakay","iso2":"PH","country_name":"Philippines","state_name":"Davao Occidental","state_code":"DVO"},{"id":144888,"name":"Banaybanay","iso2":"PH","country_name":"Philippines","state_name":"Davao Occidental","state_code":"DVO"},{"id":144889,"name":"Bansalan","iso2":"PH","country_name":"Philippines","state_name":"Davao Occidental","state_code":"DVO"},{"id":144890,"name":"Bantacan","iso2":"PH","country_name":"Philippines","state_name":"Davao Occidental","state_code":"DVO"},{"id":144891,"name":"Baon","iso2":"PH","country_name":"Philippines","state_name":"Davao Occidental","state_code":"DVO"},{"id":144892,"name":"Baracatan","iso2":"PH","country_name":"Philippines","state_name":"Davao Occidental","state_code":"DVO"},{"id":144893,"name":"Basiawan","iso2":"PH","country_name":"Philippines","state_name":"Davao Occidental","state_code":"DVO"},{"id":144894,"name":"Batiano","iso2":"PH","country_name":"Philippines","state_name":"Davao Occidental","state_code":"DVO"},{"id":144895,"name":"Bato","iso2":"PH","country_name":"Philippines","state_name":"Davao Occidental","state_code":"DVO"},{"id":144896,"name":"Batobato","iso2":"PH","country_name":"Philippines","state_name":"Davao Occidental","state_code":"DVO"},{"id":144897,"name":"Baylo","iso2":"PH","country_name":"Philippines","state_name":"Davao Occidental","state_code":"DVO"},{"id":144898,"name":"Biao","iso2":"PH","country_name":"Philippines","state_name":"Davao Occidental","state_code":"DVO"},{"id":144899,"name":"Bincoñgan","iso2":"PH","country_name":"Philippines","state_name":"Davao Occidental","state_code":"DVO"},{"id":144900,"name":"Bitaogan","iso2":"PH","country_name":"Philippines","state_name":"Davao Occidental","state_code":"DVO"},{"id":144901,"name":"Bobon","iso2":"PH","country_name":"Philippines","state_name":"Davao Occidental","state_code":"DVO"},{"id":144902,"name":"Bolila","iso2":"PH","country_name":"Philippines","state_name":"Davao Occidental","state_code":"DVO"},{"id":144903,"name":"Boston","iso2":"PH","country_name":"Philippines","state_name":"Davao Occidental","state_code":"DVO"},{"id":144904,"name":"Buclad","iso2":"PH","country_name":"Philippines","state_name":"Davao Occidental","state_code":"DVO"},{"id":144905,"name":"Buhangin","iso2":"PH","country_name":"Philippines","state_name":"Davao Occidental","state_code":"DVO"},{"id":144906,"name":"Bukid","iso2":"PH","country_name":"Philippines","state_name":"Davao Occidental","state_code":"DVO"},{"id":144907,"name":"Bulacan","iso2":"PH","country_name":"Philippines","state_name":"Davao Occidental","state_code":"DVO"},{"id":144908,"name":"Bungabon","iso2":"PH","country_name":"Philippines","state_name":"Davao Occidental","state_code":"DVO"},{"id":144909,"name":"Butulan","iso2":"PH","country_name":"Philippines","state_name":"Davao Occidental","state_code":"DVO"},{"id":144910,"name":"Cabayangan","iso2":"PH","country_name":"Philippines","state_name":"Davao Occidental","state_code":"DVO"},{"id":144911,"name":"Cabinuangan","iso2":"PH","country_name":"Philippines","state_name":"Davao Occidental","state_code":"DVO"},{"id":144912,"name":"Caburan","iso2":"PH","country_name":"Philippines","state_name":"Davao Occidental","state_code":"DVO"},{"id":144913,"name":"Cambanugoy","iso2":"PH","country_name":"Philippines","state_name":"Davao Occidental","state_code":"DVO"},{"id":144914,"name":"Camudmud","iso2":"PH","country_name":"Philippines","state_name":"Davao Occidental","state_code":"DVO"},{"id":144915,"name":"Caraga","iso2":"PH","country_name":"Philippines","state_name":"Davao Occidental","state_code":"DVO"},{"id":144916,"name":"Carmen","iso2":"PH","country_name":"Philippines","state_name":"Davao Occidental","state_code":"DVO"},{"id":144917,"name":"Cateel","iso2":"PH","country_name":"Philippines","state_name":"Davao Occidental","state_code":"DVO"},{"id":144918,"name":"City of Mati","iso2":"PH","country_name":"Philippines","state_name":"Davao Occidental","state_code":"DVO"},{"id":144919,"name":"City of Panabo","iso2":"PH","country_name":"Philippines","state_name":"Davao Occidental","state_code":"DVO"},{"id":144920,"name":"City of Tagum","iso2":"PH","country_name":"Philippines","state_name":"Davao Occidental","state_code":"DVO"},{"id":144921,"name":"Cogon","iso2":"PH","country_name":"Philippines","state_name":"Davao Occidental","state_code":"DVO"},{"id":144922,"name":"Concepcion","iso2":"PH","country_name":"Philippines","state_name":"Davao Occidental","state_code":"DVO"},{"id":144923,"name":"Corocotan","iso2":"PH","country_name":"Philippines","state_name":"Davao Occidental","state_code":"DVO"},{"id":144924,"name":"Coronon","iso2":"PH","country_name":"Philippines","state_name":"Davao Occidental","state_code":"DVO"},{"id":144925,"name":"Cuambog","iso2":"PH","country_name":"Philippines","state_name":"Davao Occidental","state_code":"DVO"},{"id":144926,"name":"Culaman","iso2":"PH","country_name":"Philippines","state_name":"Davao Occidental","state_code":"DVO"},{"id":144927,"name":"Dacudao","iso2":"PH","country_name":"Philippines","state_name":"Davao Occidental","state_code":"DVO"},{"id":144928,"name":"Dakbayan sa Digos","iso2":"PH","country_name":"Philippines","state_name":"Davao Occidental","state_code":"DVO"},{"id":144929,"name":"Davan","iso2":"PH","country_name":"Philippines","state_name":"Davao Occidental","state_code":"DVO"},{"id":144930,"name":"Davao City","iso2":"PH","country_name":"Philippines","state_name":"Davao Occidental","state_code":"DVO"},{"id":144931,"name":"Del Pilar","iso2":"PH","country_name":"Philippines","state_name":"Davao Occidental","state_code":"DVO"},{"id":144932,"name":"Digos","iso2":"PH","country_name":"Philippines","state_name":"Davao Occidental","state_code":"DVO"},{"id":144933,"name":"Dolo","iso2":"PH","country_name":"Philippines","state_name":"Davao Occidental","state_code":"DVO"},{"id":144934,"name":"Don Marcelino","iso2":"PH","country_name":"Philippines","state_name":"Davao Occidental","state_code":"DVO"},{"id":144935,"name":"Dumlan","iso2":"PH","country_name":"Philippines","state_name":"Davao Occidental","state_code":"DVO"},{"id":144936,"name":"Esperanza","iso2":"PH","country_name":"Philippines","state_name":"Davao Occidental","state_code":"DVO"},{"id":144937,"name":"Gabi","iso2":"PH","country_name":"Philippines","state_name":"Davao Occidental","state_code":"DVO"},{"id":144938,"name":"Gabuyan","iso2":"PH","country_name":"Philippines","state_name":"Davao Occidental","state_code":"DVO"},{"id":144939,"name":"Goma","iso2":"PH","country_name":"Philippines","state_name":"Davao Occidental","state_code":"DVO"},{"id":144940,"name":"Governor Generoso","iso2":"PH","country_name":"Philippines","state_name":"Davao Occidental","state_code":"DVO"},{"id":144941,"name":"Guihing Proper","iso2":"PH","country_name":"Philippines","state_name":"Davao Occidental","state_code":"DVO"},{"id":144942,"name":"Gumalang","iso2":"PH","country_name":"Philippines","state_name":"Davao Occidental","state_code":"DVO"},{"id":144943,"name":"Gupitan","iso2":"PH","country_name":"Philippines","state_name":"Davao Occidental","state_code":"DVO"},{"id":144944,"name":"Hagonoy","iso2":"PH","country_name":"Philippines","state_name":"Davao Occidental","state_code":"DVO"},{"id":144945,"name":"Ignit","iso2":"PH","country_name":"Philippines","state_name":"Davao Occidental","state_code":"DVO"},{"id":144946,"name":"Ilangay","iso2":"PH","country_name":"Philippines","state_name":"Davao Occidental","state_code":"DVO"},{"id":144947,"name":"Inawayan","iso2":"PH","country_name":"Philippines","state_name":"Davao Occidental","state_code":"DVO"},{"id":144948,"name":"Island Garden City of Samal","iso2":"PH","country_name":"Philippines","state_name":"Davao Occidental","state_code":"DVO"},{"id":144949,"name":"Jose Abad Santos","iso2":"PH","country_name":"Philippines","state_name":"Davao Occidental","state_code":"DVO"},{"id":144951,"name":"Jovellar","iso2":"PH","country_name":"Philippines","state_name":"Davao Occidental","state_code":"DVO"},{"id":144952,"name":"Kalbay","iso2":"PH","country_name":"Philippines","state_name":"Davao Occidental","state_code":"DVO"},{"id":144953,"name":"Kalian","iso2":"PH","country_name":"Philippines","state_name":"Davao Occidental","state_code":"DVO"},{"id":144954,"name":"Kaligutan","iso2":"PH","country_name":"Philippines","state_name":"Davao Occidental","state_code":"DVO"},{"id":144955,"name":"Kapalong","iso2":"PH","country_name":"Philippines","state_name":"Davao Occidental","state_code":"DVO"},{"id":144957,"name":"Katipunan","iso2":"PH","country_name":"Philippines","state_name":"Davao Occidental","state_code":"DVO"},{"id":144958,"name":"Kiblawan","iso2":"PH","country_name":"Philippines","state_name":"Davao Occidental","state_code":"DVO"},{"id":144959,"name":"Kinablangan","iso2":"PH","country_name":"Philippines","state_name":"Davao Occidental","state_code":"DVO"},{"id":144960,"name":"Kinamayan","iso2":"PH","country_name":"Philippines","state_name":"Davao Occidental","state_code":"DVO"},{"id":144961,"name":"Kinangan","iso2":"PH","country_name":"Philippines","state_name":"Davao Occidental","state_code":"DVO"},{"id":144962,"name":"La Libertad","iso2":"PH","country_name":"Philippines","state_name":"Davao Occidental","state_code":"DVO"},{"id":144963,"name":"La Paz","iso2":"PH","country_name":"Philippines","state_name":"Davao Occidental","state_code":"DVO"},{"id":144964,"name":"La Union","iso2":"PH","country_name":"Philippines","state_name":"Davao Occidental","state_code":"DVO"},{"id":144965,"name":"Lacaron","iso2":"PH","country_name":"Philippines","state_name":"Davao Occidental","state_code":"DVO"},{"id":144966,"name":"Lacson","iso2":"PH","country_name":"Philippines","state_name":"Davao Occidental","state_code":"DVO"},{"id":144967,"name":"Lais","iso2":"PH","country_name":"Philippines","state_name":"Davao Occidental","state_code":"DVO"},{"id":144968,"name":"Lamitan","iso2":"PH","country_name":"Philippines","state_name":"Davao Occidental","state_code":"DVO"},{"id":144969,"name":"Lapuan","iso2":"PH","country_name":"Philippines","state_name":"Davao Occidental","state_code":"DVO"},{"id":144970,"name":"Lasang","iso2":"PH","country_name":"Philippines","state_name":"Davao Occidental","state_code":"DVO"},{"id":144971,"name":"Libuganon","iso2":"PH","country_name":"Philippines","state_name":"Davao Occidental","state_code":"DVO"},{"id":144972,"name":"Limao","iso2":"PH","country_name":"Philippines","state_name":"Davao Occidental","state_code":"DVO"},{"id":144973,"name":"Limot","iso2":"PH","country_name":"Philippines","state_name":"Davao Occidental","state_code":"DVO"},{"id":144974,"name":"Linao","iso2":"PH","country_name":"Philippines","state_name":"Davao Occidental","state_code":"DVO"},{"id":144975,"name":"Linoan","iso2":"PH","country_name":"Philippines","state_name":"Davao Occidental","state_code":"DVO"},{"id":144976,"name":"Lukatan","iso2":"PH","country_name":"Philippines","state_name":"Davao Occidental","state_code":"DVO"},{"id":144977,"name":"Luna","iso2":"PH","country_name":"Philippines","state_name":"Davao Occidental","state_code":"DVO"},{"id":144978,"name":"Lungaog","iso2":"PH","country_name":"Philippines","state_name":"Davao Occidental","state_code":"DVO"},{"id":144979,"name":"Lupon","iso2":"PH","country_name":"Philippines","state_name":"Davao Occidental","state_code":"DVO"},{"id":144980,"name":"Luzon","iso2":"PH","country_name":"Philippines","state_name":"Davao Occidental","state_code":"DVO"},{"id":144981,"name":"Mabini","iso2":"PH","country_name":"Philippines","state_name":"Davao Occidental","state_code":"DVO"},{"id":144983,"name":"Mabuhay","iso2":"PH","country_name":"Philippines","state_name":"Davao Occidental","state_code":"DVO"},{"id":144984,"name":"Maco","iso2":"PH","country_name":"Philippines","state_name":"Davao Occidental","state_code":"DVO"},{"id":144985,"name":"Maduao","iso2":"PH","country_name":"Philippines","state_name":"Davao Occidental","state_code":"DVO"},{"id":144986,"name":"Magatos","iso2":"PH","country_name":"Philippines","state_name":"Davao Occidental","state_code":"DVO"},{"id":144987,"name":"Magdug","iso2":"PH","country_name":"Philippines","state_name":"Davao Occidental","state_code":"DVO"},{"id":144988,"name":"Magnaga","iso2":"PH","country_name":"Philippines","state_name":"Davao Occidental","state_code":"DVO"},{"id":144989,"name":"Magsaysay","iso2":"PH","country_name":"Philippines","state_name":"Davao Occidental","state_code":"DVO"},{"id":144992,"name":"Mahanob","iso2":"PH","country_name":"Philippines","state_name":"Davao Occidental","state_code":"DVO"},{"id":144993,"name":"Mahayag","iso2":"PH","country_name":"Philippines","state_name":"Davao Occidental","state_code":"DVO"},{"id":144994,"name":"Malagos","iso2":"PH","country_name":"Philippines","state_name":"Davao Occidental","state_code":"DVO"},{"id":144995,"name":"Malalag","iso2":"PH","country_name":"Philippines","state_name":"Davao Occidental","state_code":"DVO"},{"id":144996,"name":"Malinao","iso2":"PH","country_name":"Philippines","state_name":"Davao Occidental","state_code":"DVO"},{"id":144997,"name":"Malita","iso2":"PH","country_name":"Philippines","state_name":"Davao Occidental","state_code":"DVO"},{"id":144998,"name":"Mambago","iso2":"PH","country_name":"Philippines","state_name":"Davao Occidental","state_code":"DVO"},{"id":144999,"name":"Managa","iso2":"PH","country_name":"Philippines","state_name":"Davao Occidental","state_code":"DVO"},{"id":145000,"name":"Manaloal","iso2":"PH","country_name":"Philippines","state_name":"Davao Occidental","state_code":"DVO"},{"id":145001,"name":"Manat","iso2":"PH","country_name":"Philippines","state_name":"Davao Occidental","state_code":"DVO"},{"id":145002,"name":"Manay","iso2":"PH","country_name":"Philippines","state_name":"Davao Occidental","state_code":"DVO"},{"id":145004,"name":"Mangili","iso2":"PH","country_name":"Philippines","state_name":"Davao Occidental","state_code":"DVO"},{"id":145005,"name":"Manikling","iso2":"PH","country_name":"Philippines","state_name":"Davao Occidental","state_code":"DVO"},{"id":145006,"name":"Matanao","iso2":"PH","country_name":"Philippines","state_name":"Davao Occidental","state_code":"DVO"},{"id":145008,"name":"Mati","iso2":"PH","country_name":"Philippines","state_name":"Davao Occidental","state_code":"DVO"},{"id":145009,"name":"Matiao","iso2":"PH","country_name":"Philippines","state_name":"Davao Occidental","state_code":"DVO"},{"id":145010,"name":"Matti","iso2":"PH","country_name":"Philippines","state_name":"Davao Occidental","state_code":"DVO"},{"id":145011,"name":"Mawab","iso2":"PH","country_name":"Philippines","state_name":"Davao Occidental","state_code":"DVO"},{"id":145013,"name":"Mayo","iso2":"PH","country_name":"Philippines","state_name":"Davao Occidental","state_code":"DVO"},{"id":145014,"name":"Monkayo","iso2":"PH","country_name":"Philippines","state_name":"Davao Occidental","state_code":"DVO"},{"id":145015,"name":"Montevista","iso2":"PH","country_name":"Philippines","state_name":"Davao Occidental","state_code":"DVO"},{"id":145016,"name":"Nabunturan","iso2":"PH","country_name":"Philippines","state_name":"Davao Occidental","state_code":"DVO"},{"id":145017,"name":"Nangan","iso2":"PH","country_name":"Philippines","state_name":"Davao Occidental","state_code":"DVO"},{"id":145018,"name":"Nanyo","iso2":"PH","country_name":"Philippines","state_name":"Davao Occidental","state_code":"DVO"},{"id":145019,"name":"New Baclayon","iso2":"PH","country_name":"Philippines","state_name":"Davao Occidental","state_code":"DVO"},{"id":145020,"name":"New Bataan","iso2":"PH","country_name":"Philippines","state_name":"Davao Occidental","state_code":"DVO"},{"id":145021,"name":"New Bohol","iso2":"PH","country_name":"Philippines","state_name":"Davao Occidental","state_code":"DVO"},{"id":145022,"name":"New Corella","iso2":"PH","country_name":"Philippines","state_name":"Davao Occidental","state_code":"DVO"},{"id":145023,"name":"New Leyte","iso2":"PH","country_name":"Philippines","state_name":"Davao Occidental","state_code":"DVO"},{"id":145024,"name":"New Sibonga","iso2":"PH","country_name":"Philippines","state_name":"Davao Occidental","state_code":"DVO"},{"id":145025,"name":"New Visayas","iso2":"PH","country_name":"Philippines","state_name":"Davao Occidental","state_code":"DVO"},{"id":145026,"name":"Nuing","iso2":"PH","country_name":"Philippines","state_name":"Davao Occidental","state_code":"DVO"},{"id":145027,"name":"Padada","iso2":"PH","country_name":"Philippines","state_name":"Davao Occidental","state_code":"DVO"},{"id":145028,"name":"Pag-asa","iso2":"PH","country_name":"Philippines","state_name":"Davao Occidental","state_code":"DVO"},{"id":145029,"name":"Pagsabangan","iso2":"PH","country_name":"Philippines","state_name":"Davao Occidental","state_code":"DVO"},{"id":145030,"name":"Palma Gil","iso2":"PH","country_name":"Philippines","state_name":"Davao Occidental","state_code":"DVO"},{"id":145031,"name":"Panabo","iso2":"PH","country_name":"Philippines","state_name":"Davao Occidental","state_code":"DVO"},{"id":145032,"name":"Pandasan","iso2":"PH","country_name":"Philippines","state_name":"Davao Occidental","state_code":"DVO"},{"id":145033,"name":"Pangian","iso2":"PH","country_name":"Philippines","state_name":"Davao Occidental","state_code":"DVO"},{"id":145034,"name":"Panikian","iso2":"PH","country_name":"Philippines","state_name":"Davao Occidental","state_code":"DVO"},{"id":145035,"name":"Pantukan","iso2":"PH","country_name":"Philippines","state_name":"Davao Occidental","state_code":"DVO"},{"id":145036,"name":"Pasian","iso2":"PH","country_name":"Philippines","state_name":"Davao Occidental","state_code":"DVO"},{"id":145037,"name":"Pondaguitan","iso2":"PH","country_name":"Philippines","state_name":"Davao Occidental","state_code":"DVO"},{"id":145038,"name":"Pung-Pang","iso2":"PH","country_name":"Philippines","state_name":"Davao Occidental","state_code":"DVO"},{"id":145039,"name":"Samal","iso2":"PH","country_name":"Philippines","state_name":"Davao Occidental","state_code":"DVO"},{"id":145040,"name":"Sampao","iso2":"PH","country_name":"Philippines","state_name":"Davao Occidental","state_code":"DVO"},{"id":145041,"name":"San Alfonso","iso2":"PH","country_name":"Philippines","state_name":"Davao Occidental","state_code":"DVO"},{"id":145042,"name":"San Antonio","iso2":"PH","country_name":"Philippines","state_name":"Davao Occidental","state_code":"DVO"},{"id":145043,"name":"San Ignacio","iso2":"PH","country_name":"Philippines","state_name":"Davao Occidental","state_code":"DVO"},{"id":145044,"name":"San Isidro","iso2":"PH","country_name":"Philippines","state_name":"Davao Occidental","state_code":"DVO"},{"id":145045,"name":"San Luis","iso2":"PH","country_name":"Philippines","state_name":"Davao Occidental","state_code":"DVO"},{"id":145046,"name":"San Mariano","iso2":"PH","country_name":"Philippines","state_name":"Davao Occidental","state_code":"DVO"},{"id":145047,"name":"San Miguel","iso2":"PH","country_name":"Philippines","state_name":"Davao Occidental","state_code":"DVO"},{"id":145048,"name":"San Pedro","iso2":"PH","country_name":"Philippines","state_name":"Davao Occidental","state_code":"DVO"},{"id":145049,"name":"San Rafael","iso2":"PH","country_name":"Philippines","state_name":"Davao Occidental","state_code":"DVO"},{"id":145050,"name":"San Remigio","iso2":"PH","country_name":"Philippines","state_name":"Davao Occidental","state_code":"DVO"},{"id":145051,"name":"San Vicente","iso2":"PH","country_name":"Philippines","state_name":"Davao Occidental","state_code":"DVO"},{"id":145052,"name":"Santa Cruz","iso2":"PH","country_name":"Philippines","state_name":"Davao Occidental","state_code":"DVO"},{"id":145053,"name":"Santa Maria","iso2":"PH","country_name":"Philippines","state_name":"Davao Occidental","state_code":"DVO"},{"id":145054,"name":"Santiago","iso2":"PH","country_name":"Philippines","state_name":"Davao Occidental","state_code":"DVO"},{"id":145055,"name":"Santo Niño","iso2":"PH","country_name":"Philippines","state_name":"Davao Occidental","state_code":"DVO"},{"id":145057,"name":"Santo Tomas","iso2":"PH","country_name":"Philippines","state_name":"Davao Occidental","state_code":"DVO"},{"id":145058,"name":"Sarangani","iso2":"PH","country_name":"Philippines","state_name":"Davao Occidental","state_code":"DVO"},{"id":145059,"name":"Sibulan","iso2":"PH","country_name":"Philippines","state_name":"Davao Occidental","state_code":"DVO"},{"id":145060,"name":"Sigaboy","iso2":"PH","country_name":"Philippines","state_name":"Davao Occidental","state_code":"DVO"},{"id":145061,"name":"Simod","iso2":"PH","country_name":"Philippines","state_name":"Davao Occidental","state_code":"DVO"},{"id":145062,"name":"Sinawilan","iso2":"PH","country_name":"Philippines","state_name":"Davao Occidental","state_code":"DVO"},{"id":145063,"name":"Sinayawan","iso2":"PH","country_name":"Philippines","state_name":"Davao Occidental","state_code":"DVO"},{"id":145064,"name":"Sirib","iso2":"PH","country_name":"Philippines","state_name":"Davao Occidental","state_code":"DVO"},{"id":145065,"name":"Sugal","iso2":"PH","country_name":"Philippines","state_name":"Davao Occidental","state_code":"DVO"},{"id":145066,"name":"Sulop","iso2":"PH","country_name":"Philippines","state_name":"Davao Occidental","state_code":"DVO"},{"id":145067,"name":"Surup","iso2":"PH","country_name":"Philippines","state_name":"Davao Occidental","state_code":"DVO"},{"id":145068,"name":"Suz-on","iso2":"PH","country_name":"Philippines","state_name":"Davao Occidental","state_code":"DVO"},{"id":145069,"name":"Tagakpan","iso2":"PH","country_name":"Philippines","state_name":"Davao Occidental","state_code":"DVO"},{"id":145070,"name":"Tagdanua","iso2":"PH","country_name":"Philippines","state_name":"Davao Occidental","state_code":"DVO"},{"id":145071,"name":"Tagnanan","iso2":"PH","country_name":"Philippines","state_name":"Davao Occidental","state_code":"DVO"},{"id":145072,"name":"Tagum","iso2":"PH","country_name":"Philippines","state_name":"Davao Occidental","state_code":"DVO"},{"id":145073,"name":"Takub","iso2":"PH","country_name":"Philippines","state_name":"Davao Occidental","state_code":"DVO"},{"id":145074,"name":"Talagutong","iso2":"PH","country_name":"Philippines","state_name":"Davao Occidental","state_code":"DVO"},{"id":145075,"name":"Talisay","iso2":"PH","country_name":"Philippines","state_name":"Davao Occidental","state_code":"DVO"},{"id":145076,"name":"Talomo","iso2":"PH","country_name":"Philippines","state_name":"Davao Occidental","state_code":"DVO"},{"id":145077,"name":"Tamayong","iso2":"PH","country_name":"Philippines","state_name":"Davao Occidental","state_code":"DVO"},{"id":145078,"name":"Tambo","iso2":"PH","country_name":"Philippines","state_name":"Davao Occidental","state_code":"DVO"},{"id":145079,"name":"Tamisan","iso2":"PH","country_name":"Philippines","state_name":"Davao Occidental","state_code":"DVO"},{"id":145080,"name":"Tamugan","iso2":"PH","country_name":"Philippines","state_name":"Davao Occidental","state_code":"DVO"},{"id":145081,"name":"Tanlad","iso2":"PH","country_name":"Philippines","state_name":"Davao Occidental","state_code":"DVO"},{"id":145082,"name":"Tapia","iso2":"PH","country_name":"Philippines","state_name":"Davao Occidental","state_code":"DVO"},{"id":145083,"name":"Tarragona","iso2":"PH","country_name":"Philippines","state_name":"Davao Occidental","state_code":"DVO"},{"id":145084,"name":"Tawan tawan","iso2":"PH","country_name":"Philippines","state_name":"Davao Occidental","state_code":"DVO"},{"id":145085,"name":"Taytayan","iso2":"PH","country_name":"Philippines","state_name":"Davao Occidental","state_code":"DVO"},{"id":145086,"name":"Tibagon","iso2":"PH","country_name":"Philippines","state_name":"Davao Occidental","state_code":"DVO"},{"id":145087,"name":"Tibanbang","iso2":"PH","country_name":"Philippines","state_name":"Davao Occidental","state_code":"DVO"},{"id":145088,"name":"Tiblawan","iso2":"PH","country_name":"Philippines","state_name":"Davao Occidental","state_code":"DVO"},{"id":145089,"name":"Tombongon","iso2":"PH","country_name":"Philippines","state_name":"Davao Occidental","state_code":"DVO"},{"id":145090,"name":"Tubalan","iso2":"PH","country_name":"Philippines","state_name":"Davao Occidental","state_code":"DVO"},{"id":145091,"name":"Tuban","iso2":"PH","country_name":"Philippines","state_name":"Davao Occidental","state_code":"DVO"},{"id":145092,"name":"Tubod","iso2":"PH","country_name":"Philippines","state_name":"Davao Occidental","state_code":"DVO"},{"id":145093,"name":"Tuganay","iso2":"PH","country_name":"Philippines","state_name":"Davao Occidental","state_code":"DVO"},{"id":145094,"name":"Tuli","iso2":"PH","country_name":"Philippines","state_name":"Davao Occidental","state_code":"DVO"},{"id":145095,"name":"Ula","iso2":"PH","country_name":"Philippines","state_name":"Davao Occidental","state_code":"DVO"},{"id":145096,"name":"Wañgan","iso2":"PH","country_name":"Philippines","state_name":"Davao Occidental","state_code":"DVO"},{"id":145097,"name":"Wines","iso2":"PH","country_name":"Philippines","state_name":"Davao Occidental","state_code":"DVO"}]