[{"id":81203,"name":"Alejal","iso2":"PH","country_name":"Philippines","state_name":"Davao Region","state_code":"11"},{"id":81261,"name":"Andili","iso2":"PH","country_name":"Philippines","state_name":"Davao Region","state_code":"11"},{"id":81262,"name":"Andop","iso2":"PH","country_name":"Philippines","state_name":"Davao Region","state_code":"11"},{"id":81271,"name":"Anibongan","iso2":"PH","country_name":"Philippines","state_name":"Davao Region","state_code":"11"},{"id":81321,"name":"Astorga","iso2":"PH","country_name":"Philippines","state_name":"Davao Region","state_code":"11"},{"id":81347,"name":"Babag","iso2":"PH","country_name":"Philippines","state_name":"Davao Region","state_code":"11"},{"id":81374,"name":"Baculin","iso2":"PH","country_name":"Philippines","state_name":"Davao Region","state_code":"11"},{"id":81393,"name":"Baganga","iso2":"PH","country_name":"Philippines","state_name":"Davao Region","state_code":"11"},{"id":81438,"name":"Balagunan","iso2":"PH","country_name":"Philippines","state_name":"Davao Region","state_code":"11"},{"id":81445,"name":"Balangonan","iso2":"PH","country_name":"Philippines","state_name":"Davao Region","state_code":"11"},{"id":81507,"name":"Balutakay","iso2":"PH","country_name":"Philippines","state_name":"Davao Region","state_code":"11"},{"id":81547,"name":"Bansalan","iso2":"PH","country_name":"Philippines","state_name":"Davao Region","state_code":"11"},{"id":81549,"name":"Bantacan","iso2":"PH","country_name":"Philippines","state_name":"Davao Region","state_code":"11"},{"id":81561,"name":"Baon","iso2":"PH","country_name":"Philippines","state_name":"Davao Region","state_code":"11"},{"id":81563,"name":"Baracatan","iso2":"PH","country_name":"Philippines","state_name":"Davao Region","state_code":"11"},{"id":81603,"name":"Basiawan","iso2":"PH","country_name":"Philippines","state_name":"Davao Region","state_code":"11"},{"id":81623,"name":"Batiano","iso2":"PH","country_name":"Philippines","state_name":"Davao Region","state_code":"11"},{"id":81629,"name":"Bato","iso2":"PH","country_name":"Philippines","state_name":"Davao Region","state_code":"11"},{"id":81633,"name":"Batobato","iso2":"PH","country_name":"Philippines","state_name":"Davao Region","state_code":"11"},{"id":81665,"name":"Baylo","iso2":"PH","country_name":"Philippines","state_name":"Davao Region","state_code":"11"},{"id":81684,"name":"Biao","iso2":"PH","country_name":"Philippines","state_name":"Davao Region","state_code":"11"},{"id":81716,"name":"Bincoñgan","iso2":"PH","country_name":"Philippines","state_name":"Davao Region","state_code":"11"},{"id":81743,"name":"Bitaogan","iso2":"PH","country_name":"Philippines","state_name":"Davao Region","state_code":"11"},{"id":81753,"name":"Bobon","iso2":"PH","country_name":"Philippines","state_name":"Davao Region","state_code":"11"},{"id":81768,"name":"Bolila","iso2":"PH","country_name":"Philippines","state_name":"Davao Region","state_code":"11"},{"id":81801,"name":"Boston","iso2":"PH","country_name":"Philippines","state_name":"Davao Region","state_code":"11"},{"id":81825,"name":"Buclad","iso2":"PH","country_name":"Philippines","state_name":"Davao Region","state_code":"11"},{"id":81852,"name":"Buhangin","iso2":"PH","country_name":"Philippines","state_name":"Davao Region","state_code":"11"},{"id":81858,"name":"Bukid","iso2":"PH","country_name":"Philippines","state_name":"Davao Region","state_code":"11"},{"id":81861,"name":"Bulacan","iso2":"PH","country_name":"Philippines","state_name":"Davao Region","state_code":"11"},{"id":81895,"name":"Bungabon","iso2":"PH","country_name":"Philippines","state_name":"Davao Region","state_code":"11"},{"id":81927,"name":"Butulan","iso2":"PH","country_name":"Philippines","state_name":"Davao Region","state_code":"11"},{"id":81961,"name":"Cabayangan","iso2":"PH","country_name":"Philippines","state_name":"Davao Region","state_code":"11"},{"id":81969,"name":"Cabinuangan","iso2":"PH","country_name":"Philippines","state_name":"Davao Region","state_code":"11"},{"id":81984,"name":"Caburan","iso2":"PH","country_name":"Philippines","state_name":"Davao Region","state_code":"11"},{"id":82086,"name":"Cambanugoy","iso2":"PH","country_name":"Philippines","state_name":"Davao Region","state_code":"11"},{"id":82097,"name":"Camudmud","iso2":"PH","country_name":"Philippines","state_name":"Davao Region","state_code":"11"},{"id":82148,"name":"Caraga","iso2":"PH","country_name":"Philippines","state_name":"Davao Region","state_code":"11"},{"id":82171,"name":"Carmen","iso2":"PH","country_name":"Philippines","state_name":"Davao Region","state_code":"11"},{"id":82209,"name":"Cateel","iso2":"PH","country_name":"Philippines","state_name":"Davao Region","state_code":"11"},{"id":82255,"name":"Cogon","iso2":"PH","country_name":"Philippines","state_name":"Davao Region","state_code":"11"},{"id":82268,"name":"Compostela","iso2":"PH","country_name":"Philippines","state_name":"Davao Region","state_code":"11"},{"id":82270,"name":"Compostela Valley","iso2":"PH","country_name":"Philippines","state_name":"Davao Region","state_code":"11"},{"id":82275,"name":"Concepcion","iso2":"PH","country_name":"Philippines","state_name":"Davao Region","state_code":"11"},{"id":82294,"name":"Corocotan","iso2":"PH","country_name":"Philippines","state_name":"Davao Region","state_code":"11"},{"id":82296,"name":"Coronon","iso2":"PH","country_name":"Philippines","state_name":"Davao Region","state_code":"11"},{"id":82305,"name":"Cuambog","iso2":"PH","country_name":"Philippines","state_name":"Davao Region","state_code":"11"},{"id":82311,"name":"Culaman","iso2":"PH","country_name":"Philippines","state_name":"Davao Region","state_code":"11"},{"id":82328,"name":"Dacudao","iso2":"PH","country_name":"Philippines","state_name":"Davao Region","state_code":"11"},{"id":82395,"name":"Davan","iso2":"PH","country_name":"Philippines","state_name":"Davao Region","state_code":"11"},{"id":82396,"name":"Davao","iso2":"PH","country_name":"Philippines","state_name":"Davao Region","state_code":"11"},{"id":82411,"name":"Del Pilar","iso2":"PH","country_name":"Philippines","state_name":"Davao Region","state_code":"11"},{"id":82425,"name":"Digos","iso2":"PH","country_name":"Philippines","state_name":"Davao Region","state_code":"11"},{"id":82450,"name":"Dolo","iso2":"PH","country_name":"Philippines","state_name":"Davao Region","state_code":"11"},{"id":82493,"name":"Dumlan","iso2":"PH","country_name":"Philippines","state_name":"Davao Region","state_code":"11"},{"id":82517,"name":"Esperanza","iso2":"PH","country_name":"Philippines","state_name":"Davao Region","state_code":"11"},{"id":82547,"name":"Gabi","iso2":"PH","country_name":"Philippines","state_name":"Davao Region","state_code":"11"},{"id":82550,"name":"Gabuyan","iso2":"PH","country_name":"Philippines","state_name":"Davao Region","state_code":"11"},{"id":82606,"name":"Goma","iso2":"PH","country_name":"Philippines","state_name":"Davao Region","state_code":"11"},{"id":82621,"name":"Guihing Proper","iso2":"PH","country_name":"Philippines","state_name":"Davao Region","state_code":"11"},{"id":82654,"name":"Gumalang","iso2":"PH","country_name":"Philippines","state_name":"Davao Region","state_code":"11"},{"id":82657,"name":"Gupitan","iso2":"PH","country_name":"Philippines","state_name":"Davao Region","state_code":"11"},{"id":82668,"name":"Hagonoy","iso2":"PH","country_name":"Philippines","state_name":"Davao Region","state_code":"11"},{"id":82684,"name":"Hiju, Maco","iso2":"PH","country_name":"Philippines","state_name":"Davao Region","state_code":"11"},{"id":82720,"name":"Ignit","iso2":"PH","country_name":"Philippines","state_name":"Davao Region","state_code":"11"},{"id":82724,"name":"Ilangay","iso2":"PH","country_name":"Philippines","state_name":"Davao Region","state_code":"11"},{"id":82743,"name":"Inawayan","iso2":"PH","country_name":"Philippines","state_name":"Davao Region","state_code":"11"},{"id":82814,"name":"Jovellar","iso2":"PH","country_name":"Philippines","state_name":"Davao Region","state_code":"11"},{"id":82846,"name":"Kalbay","iso2":"PH","country_name":"Philippines","state_name":"Davao Region","state_code":"11"},{"id":82848,"name":"Kalian","iso2":"PH","country_name":"Philippines","state_name":"Davao Region","state_code":"11"},{"id":82851,"name":"Kaligutan","iso2":"PH","country_name":"Philippines","state_name":"Davao Region","state_code":"11"},{"id":82866,"name":"Kapalong","iso2":"PH","country_name":"Philippines","state_name":"Davao Region","state_code":"11"},{"id":82880,"name":"Katipunan","iso2":"PH","country_name":"Philippines","state_name":"Davao Region","state_code":"11"},{"id":82895,"name":"Kiblawan","iso2":"PH","country_name":"Philippines","state_name":"Davao Region","state_code":"11"},{"id":82905,"name":"Kinablangan","iso2":"PH","country_name":"Philippines","state_name":"Davao Region","state_code":"11"},{"id":82908,"name":"Kinamayan","iso2":"PH","country_name":"Philippines","state_name":"Davao Region","state_code":"11"},{"id":82909,"name":"Kinangan","iso2":"PH","country_name":"Philippines","state_name":"Davao Region","state_code":"11"},{"id":82944,"name":"La Libertad","iso2":"PH","country_name":"Philippines","state_name":"Davao Region","state_code":"11"},{"id":82949,"name":"La Paz","iso2":"PH","country_name":"Philippines","state_name":"Davao Region","state_code":"11"},{"id":82954,"name":"La Union","iso2":"PH","country_name":"Philippines","state_name":"Davao Region","state_code":"11"},{"id":82969,"name":"Lacaron","iso2":"PH","country_name":"Philippines","state_name":"Davao Region","state_code":"11"},{"id":82972,"name":"Lacson","iso2":"PH","country_name":"Philippines","state_name":"Davao Region","state_code":"11"},{"id":82983,"name":"Lais","iso2":"PH","country_name":"Philippines","state_name":"Davao Region","state_code":"11"},{"id":83002,"name":"Lamitan","iso2":"PH","country_name":"Philippines","state_name":"Davao Region","state_code":"11"},{"id":83038,"name":"Lapuan","iso2":"PH","country_name":"Philippines","state_name":"Davao Region","state_code":"11"},{"id":83047,"name":"Lasang","iso2":"PH","country_name":"Philippines","state_name":"Davao Region","state_code":"11"},{"id":83098,"name":"Libuganon","iso2":"PH","country_name":"Philippines","state_name":"Davao Region","state_code":"11"},{"id":83116,"name":"Limao","iso2":"PH","country_name":"Philippines","state_name":"Davao Region","state_code":"11"},{"id":83125,"name":"Limot","iso2":"PH","country_name":"Philippines","state_name":"Davao Region","state_code":"11"},{"id":83133,"name":"Linao","iso2":"PH","country_name":"Philippines","state_name":"Davao Region","state_code":"11"},{"id":83143,"name":"Linoan","iso2":"PH","country_name":"Philippines","state_name":"Davao Region","state_code":"11"},{"id":83210,"name":"Lukatan","iso2":"PH","country_name":"Philippines","state_name":"Davao Region","state_code":"11"},{"id":83232,"name":"Luna","iso2":"PH","country_name":"Philippines","state_name":"Davao Region","state_code":"11"},{"id":83239,"name":"Lungaog","iso2":"PH","country_name":"Philippines","state_name":"Davao Region","state_code":"11"},{"id":83246,"name":"Lupon","iso2":"PH","country_name":"Philippines","state_name":"Davao Region","state_code":"11"},{"id":83253,"name":"Luzon","iso2":"PH","country_name":"Philippines","state_name":"Davao Region","state_code":"11"},{"id":83277,"name":"Mabini","iso2":"PH","country_name":"Philippines","state_name":"Davao Region","state_code":"11"},{"id":83287,"name":"Mabuhay","iso2":"PH","country_name":"Philippines","state_name":"Davao Region","state_code":"11"},{"id":83306,"name":"Maco","iso2":"PH","country_name":"Philippines","state_name":"Davao Region","state_code":"11"},{"id":83315,"name":"Maduao","iso2":"PH","country_name":"Philippines","state_name":"Davao Region","state_code":"11"},{"id":83328,"name":"Magatos","iso2":"PH","country_name":"Philippines","state_name":"Davao Region","state_code":"11"},{"id":83335,"name":"Magdug","iso2":"PH","country_name":"Philippines","state_name":"Davao Region","state_code":"11"},{"id":83338,"name":"Magnaga","iso2":"PH","country_name":"Philippines","state_name":"Davao Region","state_code":"11"},{"id":83342,"name":"Magsaysay","iso2":"PH","country_name":"Philippines","state_name":"Davao Region","state_code":"11"},{"id":83349,"name":"Magugpo Poblacion","iso2":"PH","country_name":"Philippines","state_name":"Davao Region","state_code":"11"},{"id":83357,"name":"Mahanob","iso2":"PH","country_name":"Philippines","state_name":"Davao Region","state_code":"11"},{"id":83362,"name":"Mahayag","iso2":"PH","country_name":"Philippines","state_name":"Davao Region","state_code":"11"},{"id":83393,"name":"Malagos","iso2":"PH","country_name":"Philippines","state_name":"Davao Region","state_code":"11"},{"id":83397,"name":"Malalag","iso2":"PH","country_name":"Philippines","state_name":"Davao Region","state_code":"11"},{"id":83436,"name":"Malinao","iso2":"PH","country_name":"Philippines","state_name":"Davao Region","state_code":"11"},{"id":83445,"name":"Malita","iso2":"PH","country_name":"Philippines","state_name":"Davao Region","state_code":"11"},{"id":83471,"name":"Mambago","iso2":"PH","country_name":"Philippines","state_name":"Davao Region","state_code":"11"},{"id":83484,"name":"Managa","iso2":"PH","country_name":"Philippines","state_name":"Davao Region","state_code":"11"},{"id":83487,"name":"Manaloal","iso2":"PH","country_name":"Philippines","state_name":"Davao Region","state_code":"11"},{"id":83495,"name":"Manat","iso2":"PH","country_name":"Philippines","state_name":"Davao Region","state_code":"11"},{"id":83499,"name":"Manay","iso2":"PH","country_name":"Philippines","state_name":"Davao Region","state_code":"11"},{"id":83517,"name":"Mangili","iso2":"PH","country_name":"Philippines","state_name":"Davao Region","state_code":"11"},{"id":83523,"name":"Manikling","iso2":"PH","country_name":"Philippines","state_name":"Davao Region","state_code":"11"},{"id":83618,"name":"Matanao","iso2":"PH","country_name":"Philippines","state_name":"Davao Region","state_code":"11"},{"id":83625,"name":"Mati","iso2":"PH","country_name":"Philippines","state_name":"Davao Region","state_code":"11"},{"id":83626,"name":"Matiao","iso2":"PH","country_name":"Philippines","state_name":"Davao Region","state_code":"11"},{"id":83632,"name":"Matti","iso2":"PH","country_name":"Philippines","state_name":"Davao Region","state_code":"11"},{"id":83641,"name":"Mawab","iso2":"PH","country_name":"Philippines","state_name":"Davao Region","state_code":"11"},{"id":83651,"name":"Mayo","iso2":"PH","country_name":"Philippines","state_name":"Davao Region","state_code":"11"},{"id":83702,"name":"Monkayo","iso2":"PH","country_name":"Philippines","state_name":"Davao Region","state_code":"11"},{"id":83707,"name":"Montevista","iso2":"PH","country_name":"Philippines","state_name":"Davao Region","state_code":"11"},{"id":83739,"name":"Nabunturan","iso2":"PH","country_name":"Philippines","state_name":"Davao Region","state_code":"11"},{"id":83772,"name":"Nangan","iso2":"PH","country_name":"Philippines","state_name":"Davao Region","state_code":"11"},{"id":83775,"name":"Nanyo","iso2":"PH","country_name":"Philippines","state_name":"Davao Region","state_code":"11"},{"id":83801,"name":"New Baclayon","iso2":"PH","country_name":"Philippines","state_name":"Davao Region","state_code":"11"},{"id":83803,"name":"New Bohol","iso2":"PH","country_name":"Philippines","state_name":"Davao Region","state_code":"11"},{"id":83805,"name":"New Corella","iso2":"PH","country_name":"Philippines","state_name":"Davao Region","state_code":"11"},{"id":83808,"name":"New Leyte","iso2":"PH","country_name":"Philippines","state_name":"Davao Region","state_code":"11"},{"id":83811,"name":"New Sibonga","iso2":"PH","country_name":"Philippines","state_name":"Davao Region","state_code":"11"},{"id":83812,"name":"New Visayas","iso2":"PH","country_name":"Philippines","state_name":"Davao Region","state_code":"11"},{"id":83830,"name":"Nuing","iso2":"PH","country_name":"Philippines","state_name":"Davao Region","state_code":"11"},{"id":83876,"name":"Padada","iso2":"PH","country_name":"Philippines","state_name":"Davao Region","state_code":"11"},{"id":83886,"name":"Pag-asa","iso2":"PH","country_name":"Philippines","state_name":"Davao Region","state_code":"11"},{"id":83894,"name":"Pagsabangan","iso2":"PH","country_name":"Philippines","state_name":"Davao Region","state_code":"11"},{"id":83926,"name":"Palma Gil","iso2":"PH","country_name":"Philippines","state_name":"Davao Region","state_code":"11"},{"id":83943,"name":"Panabo","iso2":"PH","country_name":"Philippines","state_name":"Davao Region","state_code":"11"},{"id":83964,"name":"Pandasan","iso2":"PH","country_name":"Philippines","state_name":"Davao Region","state_code":"11"},{"id":83977,"name":"Pangian","iso2":"PH","country_name":"Philippines","state_name":"Davao Region","state_code":"11"},{"id":83985,"name":"Panikian","iso2":"PH","country_name":"Philippines","state_name":"Davao Region","state_code":"11"},{"id":84005,"name":"Pantukan","iso2":"PH","country_name":"Philippines","state_name":"Davao Region","state_code":"11"},{"id":84028,"name":"Pasian","iso2":"PH","country_name":"Philippines","state_name":"Davao Region","state_code":"11"},{"id":84156,"name":"Pondaguitan","iso2":"PH","country_name":"Philippines","state_name":"Davao Region","state_code":"11"},{"id":84205,"name":"Province of Davao del Norte","iso2":"PH","country_name":"Philippines","state_name":"Davao Region","state_code":"11"},{"id":84206,"name":"Province of Davao del Sur","iso2":"PH","country_name":"Philippines","state_name":"Davao Region","state_code":"11"},{"id":84204,"name":"Province of Davao Oriental","iso2":"PH","country_name":"Philippines","state_name":"Davao Region","state_code":"11"},{"id":84277,"name":"Pung-Pang","iso2":"PH","country_name":"Philippines","state_name":"Davao Region","state_code":"11"},{"id":84424,"name":"Samal","iso2":"PH","country_name":"Philippines","state_name":"Davao Region","state_code":"11"},{"id":84434,"name":"Sampao","iso2":"PH","country_name":"Philippines","state_name":"Davao Region","state_code":"11"},{"id":84441,"name":"San Alfonso","iso2":"PH","country_name":"Philippines","state_name":"Davao Region","state_code":"11"},{"id":84449,"name":"San Antonio","iso2":"PH","country_name":"Philippines","state_name":"Davao Region","state_code":"11"},{"id":84496,"name":"San Ignacio","iso2":"PH","country_name":"Philippines","state_name":"Davao Region","state_code":"11"},{"id":84539,"name":"San Luis","iso2":"PH","country_name":"Philippines","state_name":"Davao Region","state_code":"11"},{"id":84551,"name":"San Mariano","iso2":"PH","country_name":"Philippines","state_name":"Davao Region","state_code":"11"},{"id":84561,"name":"San Miguel","iso2":"PH","country_name":"Philippines","state_name":"Davao Region","state_code":"11"},{"id":84584,"name":"San Pedro","iso2":"PH","country_name":"Philippines","state_name":"Davao Region","state_code":"11"},{"id":84598,"name":"San Rafael","iso2":"PH","country_name":"Philippines","state_name":"Davao Region","state_code":"11"},{"id":84603,"name":"San Remigio","iso2":"PH","country_name":"Philippines","state_name":"Davao Region","state_code":"11"},{"id":84656,"name":"Santa Cruz","iso2":"PH","country_name":"Philippines","state_name":"Davao Region","state_code":"11"},{"id":84688,"name":"Santa Maria","iso2":"PH","country_name":"Philippines","state_name":"Davao Region","state_code":"11"},{"id":84710,"name":"Santiago","iso2":"PH","country_name":"Philippines","state_name":"Davao Region","state_code":"11"},{"id":84728,"name":"Santo Niño","iso2":"PH","country_name":"Philippines","state_name":"Davao Region","state_code":"11"},{"id":84749,"name":"Sarangani","iso2":"PH","country_name":"Philippines","state_name":"Davao Region","state_code":"11"},{"id":84776,"name":"Sibulan","iso2":"PH","country_name":"Philippines","state_name":"Davao Region","state_code":"11"},{"id":84784,"name":"Sigaboy","iso2":"PH","country_name":"Philippines","state_name":"Davao Region","state_code":"11"},{"id":84803,"name":"Simod","iso2":"PH","country_name":"Philippines","state_name":"Davao Region","state_code":"11"},{"id":84811,"name":"Sinawilan","iso2":"PH","country_name":"Philippines","state_name":"Davao Region","state_code":"11"},{"id":84812,"name":"Sinayawan","iso2":"PH","country_name":"Philippines","state_name":"Davao Region","state_code":"11"},{"id":84829,"name":"Sirib","iso2":"PH","country_name":"Philippines","state_name":"Davao Region","state_code":"11"},{"id":84858,"name":"Sugal","iso2":"PH","country_name":"Philippines","state_name":"Davao Region","state_code":"11"},{"id":84870,"name":"Sulop","iso2":"PH","country_name":"Philippines","state_name":"Davao Region","state_code":"11"},{"id":84883,"name":"Surup","iso2":"PH","country_name":"Philippines","state_name":"Davao Region","state_code":"11"},{"id":84887,"name":"Suz-on","iso2":"PH","country_name":"Philippines","state_name":"Davao Region","state_code":"11"},{"id":84926,"name":"Tagakpan","iso2":"PH","country_name":"Philippines","state_name":"Davao Region","state_code":"11"},{"id":84941,"name":"Tagdanua","iso2":"PH","country_name":"Philippines","state_name":"Davao Region","state_code":"11"},{"id":84943,"name":"Tagnanan","iso2":"PH","country_name":"Philippines","state_name":"Davao Region","state_code":"11"},{"id":84956,"name":"Takub","iso2":"PH","country_name":"Philippines","state_name":"Davao Region","state_code":"11"},{"id":84964,"name":"Talagutong","iso2":"PH","country_name":"Philippines","state_name":"Davao Region","state_code":"11"},{"id":84983,"name":"Talisay","iso2":"PH","country_name":"Philippines","state_name":"Davao Region","state_code":"11"},{"id":84991,"name":"Talomo","iso2":"PH","country_name":"Philippines","state_name":"Davao Region","state_code":"11"},{"id":85003,"name":"Tamayong","iso2":"PH","country_name":"Philippines","state_name":"Davao Region","state_code":"11"},{"id":85011,"name":"Tambo","iso2":"PH","country_name":"Philippines","state_name":"Davao Region","state_code":"11"},{"id":85015,"name":"Tamisan","iso2":"PH","country_name":"Philippines","state_name":"Davao Region","state_code":"11"},{"id":85027,"name":"Tamugan","iso2":"PH","country_name":"Philippines","state_name":"Davao Region","state_code":"11"},{"id":85040,"name":"Tanlad","iso2":"PH","country_name":"Philippines","state_name":"Davao Region","state_code":"11"},{"id":85050,"name":"Tapia","iso2":"PH","country_name":"Philippines","state_name":"Davao Region","state_code":"11"},{"id":85060,"name":"Tarragona","iso2":"PH","country_name":"Philippines","state_name":"Davao Region","state_code":"11"},{"id":85067,"name":"Tawan tawan","iso2":"PH","country_name":"Philippines","state_name":"Davao Region","state_code":"11"},{"id":85078,"name":"Taytayan","iso2":"PH","country_name":"Philippines","state_name":"Davao Region","state_code":"11"},{"id":85093,"name":"Tibagon","iso2":"PH","country_name":"Philippines","state_name":"Davao Region","state_code":"11"},{"id":85094,"name":"Tibanbang","iso2":"PH","country_name":"Philippines","state_name":"Davao Region","state_code":"11"},{"id":85097,"name":"Tiblawan","iso2":"PH","country_name":"Philippines","state_name":"Davao Region","state_code":"11"},{"id":85163,"name":"Tombongon","iso2":"PH","country_name":"Philippines","state_name":"Davao Region","state_code":"11"},{"id":85182,"name":"Tubalan","iso2":"PH","country_name":"Philippines","state_name":"Davao Region","state_code":"11"},{"id":85184,"name":"Tuban","iso2":"PH","country_name":"Philippines","state_name":"Davao Region","state_code":"11"},{"id":85193,"name":"Tubod","iso2":"PH","country_name":"Philippines","state_name":"Davao Region","state_code":"11"},{"id":85206,"name":"Tuganay","iso2":"PH","country_name":"Philippines","state_name":"Davao Region","state_code":"11"},{"id":85217,"name":"Tuli","iso2":"PH","country_name":"Philippines","state_name":"Davao Region","state_code":"11"},{"id":85245,"name":"Ula","iso2":"PH","country_name":"Philippines","state_name":"Davao Region","state_code":"11"},{"id":85315,"name":"Wañgan","iso2":"PH","country_name":"Philippines","state_name":"Davao Region","state_code":"11"},{"id":85316,"name":"Wines","iso2":"PH","country_name":"Philippines","state_name":"Davao Region","state_code":"11"}]