[{"id":148061,"name":"Abuyog","iso2":"PH","country_name":"Philippines","state_name":"Eastern Visayas","state_code":"08"},{"id":147980,"name":"Alangalang","iso2":"PH","country_name":"Philippines","state_name":"Eastern Visayas","state_code":"08"},{"id":147981,"name":"Albuera","iso2":"PH","country_name":"Philippines","state_name":"Eastern Visayas","state_code":"08"},{"id":148065,"name":"Allen","iso2":"PH","country_name":"Philippines","state_name":"Eastern Visayas","state_code":"08"},{"id":147978,"name":"Almagro","iso2":"PH","country_name":"Philippines","state_name":"Eastern Visayas","state_code":"08"},{"id":148064,"name":"Almeria","iso2":"PH","country_name":"Philippines","state_name":"Eastern Visayas","state_code":"08"},{"id":147979,"name":"Alugan","iso2":"PH","country_name":"Philippines","state_name":"Eastern Visayas","state_code":"08"},{"id":147977,"name":"Anahawan","iso2":"PH","country_name":"Philippines","state_name":"Eastern Visayas","state_code":"08"},{"id":147982,"name":"Anito","iso2":"PH","country_name":"Philippines","state_name":"Eastern Visayas","state_code":"08"},{"id":148105,"name":"Arteche","iso2":"PH","country_name":"Philippines","state_name":"Eastern Visayas","state_code":"08"},{"id":148069,"name":"Babatngon","iso2":"PH","country_name":"Philippines","state_name":"Eastern Visayas","state_code":"08"},{"id":148066,"name":"Balagtas","iso2":"PH","country_name":"Philippines","state_name":"Eastern Visayas","state_code":"08"},{"id":148108,"name":"Balagui","iso2":"PH","country_name":"Philippines","state_name":"Eastern Visayas","state_code":"08"},{"id":148107,"name":"Balangiga","iso2":"PH","country_name":"Philippines","state_name":"Eastern Visayas","state_code":"08"},{"id":148111,"name":"Balangkayan","iso2":"PH","country_name":"Philippines","state_name":"Eastern Visayas","state_code":"08"},{"id":148063,"name":"Balinsacayao","iso2":"PH","country_name":"Philippines","state_name":"Eastern Visayas","state_code":"08"},{"id":148089,"name":"Balite","iso2":"PH","country_name":"Philippines","state_name":"Eastern Visayas","state_code":"08"},{"id":148068,"name":"Balocawehay","iso2":"PH","country_name":"Philippines","state_name":"Eastern Visayas","state_code":"08"},{"id":148106,"name":"Balogo","iso2":"PH","country_name":"Philippines","state_name":"Eastern Visayas","state_code":"08"},{"id":148062,"name":"Balud","iso2":"PH","country_name":"Philippines","state_name":"Eastern Visayas","state_code":"08"},{"id":148182,"name":"Bantayan","iso2":"PH","country_name":"Philippines","state_name":"Eastern Visayas","state_code":"08"},{"id":148058,"name":"Bantiqui","iso2":"PH","country_name":"Philippines","state_name":"Eastern Visayas","state_code":"08"},{"id":148184,"name":"Baras","iso2":"PH","country_name":"Philippines","state_name":"Eastern Visayas","state_code":"08"},{"id":148113,"name":"Barugo","iso2":"PH","country_name":"Philippines","state_name":"Eastern Visayas","state_code":"08"},{"id":148109,"name":"Basey","iso2":"PH","country_name":"Philippines","state_name":"Eastern Visayas","state_code":"08"},{"id":148187,"name":"Basud","iso2":"PH","country_name":"Philippines","state_name":"Eastern Visayas","state_code":"08"},{"id":148186,"name":"Bato","iso2":"PH","country_name":"Philippines","state_name":"Eastern Visayas","state_code":"08"},{"id":148060,"name":"Baybay","iso2":"PH","country_name":"Philippines","state_name":"Eastern Visayas","state_code":"08"},{"id":148067,"name":"Bilwang","iso2":"PH","country_name":"Philippines","state_name":"Eastern Visayas","state_code":"08"},{"id":148110,"name":"Biri","iso2":"PH","country_name":"Philippines","state_name":"Eastern Visayas","state_code":"08"},{"id":148183,"name":"Bislig","iso2":"PH","country_name":"Philippines","state_name":"Eastern Visayas","state_code":"08"},{"id":148185,"name":"Bitanjuan","iso2":"PH","country_name":"Philippines","state_name":"Eastern Visayas","state_code":"08"},{"id":148059,"name":"Bobon","iso2":"PH","country_name":"Philippines","state_name":"Eastern Visayas","state_code":"08"},{"id":148039,"name":"Bontoc","iso2":"PH","country_name":"Philippines","state_name":"Eastern Visayas","state_code":"08"},{"id":147975,"name":"Borongan","iso2":"PH","country_name":"Philippines","state_name":"Eastern Visayas","state_code":"08"},{"id":148075,"name":"Bugho","iso2":"PH","country_name":"Philippines","state_name":"Eastern Visayas","state_code":"08"},{"id":148120,"name":"Bugko","iso2":"PH","country_name":"Philippines","state_name":"Eastern Visayas","state_code":"08"},{"id":148041,"name":"Bunga","iso2":"PH","country_name":"Philippines","state_name":"Eastern Visayas","state_code":"08"},{"id":148118,"name":"Burauen","iso2":"PH","country_name":"Philippines","state_name":"Eastern Visayas","state_code":"08"},{"id":148045,"name":"Butazon","iso2":"PH","country_name":"Philippines","state_name":"Eastern Visayas","state_code":"08"},{"id":148132,"name":"Cabacu単gan","iso2":"PH","country_name":"Philippines","state_name":"Eastern Visayas","state_code":"08"},{"id":148121,"name":"Cabay","iso2":"PH","country_name":"Philippines","state_name":"Eastern Visayas","state_code":"08"},{"id":147974,"name":"Cabodiongan","iso2":"PH","country_name":"Philippines","state_name":"Eastern Visayas","state_code":"08"},{"id":148115,"name":"Cabucgayan","iso2":"PH","country_name":"Philippines","state_name":"Eastern Visayas","state_code":"08"},{"id":148044,"name":"Cagamotan","iso2":"PH","country_name":"Philippines","state_name":"Eastern Visayas","state_code":"08"},{"id":148188,"name":"Caibiran","iso2":"PH","country_name":"Philippines","state_name":"Eastern Visayas","state_code":"08"},{"id":148046,"name":"Calape","iso2":"PH","country_name":"Philippines","state_name":"Eastern Visayas","state_code":"08"},{"id":148131,"name":"Calbayog","iso2":"PH","country_name":"Philippines","state_name":"Eastern Visayas","state_code":"08"},{"id":148080,"name":"Calbiga","iso2":"PH","country_name":"Philippines","state_name":"Eastern Visayas","state_code":"08"},{"id":148133,"name":"Calubian","iso2":"PH","country_name":"Philippines","state_name":"Eastern Visayas","state_code":"08"},{"id":148127,"name":"Can-avid","iso2":"PH","country_name":"Philippines","state_name":"Eastern Visayas","state_code":"08"},{"id":147971,"name":"Canhandugan","iso2":"PH","country_name":"Philippines","state_name":"Eastern Visayas","state_code":"08"},{"id":148050,"name":"Capoocan","iso2":"PH","country_name":"Philippines","state_name":"Eastern Visayas","state_code":"08"},{"id":148129,"name":"Capul","iso2":"PH","country_name":"Philippines","state_name":"Eastern Visayas","state_code":"08"},{"id":148042,"name":"Caraycaray","iso2":"PH","country_name":"Philippines","state_name":"Eastern Visayas","state_code":"08"},{"id":148117,"name":"Caridad","iso2":"PH","country_name":"Philippines","state_name":"Eastern Visayas","state_code":"08"},{"id":148056,"name":"Carigara","iso2":"PH","country_name":"Philippines","state_name":"Eastern Visayas","state_code":"08"},{"id":148053,"name":"Catarman","iso2":"PH","country_name":"Philippines","state_name":"Eastern Visayas","state_code":"08"},{"id":148189,"name":"Catbalogan","iso2":"PH","country_name":"Philippines","state_name":"Eastern Visayas","state_code":"08"},{"id":148049,"name":"Catmon","iso2":"PH","country_name":"Philippines","state_name":"Eastern Visayas","state_code":"08"},{"id":147984,"name":"Catubig","iso2":"PH","country_name":"Philippines","state_name":"Eastern Visayas","state_code":"08"},{"id":148078,"name":"Cavite","iso2":"PH","country_name":"Philippines","state_name":"Eastern Visayas","state_code":"08"},{"id":148043,"name":"Cervantes","iso2":"PH","country_name":"Philippines","state_name":"Eastern Visayas","state_code":"08"},{"id":148057,"name":"Concepcion","iso2":"PH","country_name":"Philippines","state_name":"Eastern Visayas","state_code":"08"},{"id":148192,"name":"Consuegra","iso2":"PH","country_name":"Philippines","state_name":"Eastern Visayas","state_code":"08"},{"id":147976,"name":"Culaba","iso2":"PH","country_name":"Philippines","state_name":"Eastern Visayas","state_code":"08"},{"id":148052,"name":"Culasian","iso2":"PH","country_name":"Philippines","state_name":"Eastern Visayas","state_code":"08"},{"id":148126,"name":"Dagami","iso2":"PH","country_name":"Philippines","state_name":"Eastern Visayas","state_code":"08"},{"id":148190,"name":"Dao","iso2":"PH","country_name":"Philippines","state_name":"Eastern Visayas","state_code":"08"},{"id":148128,"name":"Dapdap","iso2":"PH","country_name":"Philippines","state_name":"Eastern Visayas","state_code":"08"},{"id":148085,"name":"Daram","iso2":"PH","country_name":"Philippines","state_name":"Eastern Visayas","state_code":"08"},{"id":148102,"name":"Dolores","iso2":"PH","country_name":"Philippines","state_name":"Eastern Visayas","state_code":"08"},{"id":148211,"name":"Doos","iso2":"PH","country_name":"Philippines","state_name":"Eastern Visayas","state_code":"08"},{"id":148038,"name":"Dulag","iso2":"PH","country_name":"Philippines","state_name":"Eastern Visayas","state_code":"08"},{"id":148191,"name":"Erenas","iso2":"PH","country_name":"Philippines","state_name":"Eastern Visayas","state_code":"08"},{"id":148116,"name":"Gabas","iso2":"PH","country_name":"Philippines","state_name":"Eastern Visayas","state_code":"08"},{"id":148124,"name":"Gamay","iso2":"PH","country_name":"Philippines","state_name":"Eastern Visayas","state_code":"08"},{"id":148047,"name":"Gandara","iso2":"PH","country_name":"Philippines","state_name":"Eastern Visayas","state_code":"08"},{"id":148123,"name":"General MacArthur","iso2":"PH","country_name":"Philippines","state_name":"Eastern Visayas","state_code":"08"},{"id":148055,"name":"Ginabuyan","iso2":"PH","country_name":"Philippines","state_name":"Eastern Visayas","state_code":"08"},{"id":147973,"name":"Giporlos","iso2":"PH","country_name":"Philippines","state_name":"Eastern Visayas","state_code":"08"},{"id":148086,"name":"Gubang","iso2":"PH","country_name":"Philippines","state_name":"Eastern Visayas","state_code":"08"},{"id":148125,"name":"Guindapunan","iso2":"PH","country_name":"Philippines","state_name":"Eastern Visayas","state_code":"08"},{"id":147972,"name":"Guirang","iso2":"PH","country_name":"Philippines","state_name":"Eastern Visayas","state_code":"08"},{"id":148114,"name":"Guiuan","iso2":"PH","country_name":"Philippines","state_name":"Eastern Visayas","state_code":"08"},{"id":148072,"name":"Hernani","iso2":"PH","country_name":"Philippines","state_name":"Eastern Visayas","state_code":"08"},{"id":148193,"name":"Hilongos","iso2":"PH","country_name":"Philippines","state_name":"Eastern Visayas","state_code":"08"},{"id":148099,"name":"Hinabangan","iso2":"PH","country_name":"Philippines","state_name":"Eastern Visayas","state_code":"08"},{"id":148054,"name":"Hindang","iso2":"PH","country_name":"Philippines","state_name":"Eastern Visayas","state_code":"08"},{"id":148122,"name":"Hingatungan","iso2":"PH","country_name":"Philippines","state_name":"Eastern Visayas","state_code":"08"},{"id":148119,"name":"Hinunangan","iso2":"PH","country_name":"Philippines","state_name":"Eastern Visayas","state_code":"08"},{"id":148130,"name":"Hinundayan","iso2":"PH","country_name":"Philippines","state_name":"Eastern Visayas","state_code":"08"},{"id":148026,"name":"Hipadpad","iso2":"PH","country_name":"Philippines","state_name":"Eastern Visayas","state_code":"08"},{"id":148048,"name":"Hipasngo","iso2":"PH","country_name":"Philippines","state_name":"Eastern Visayas","state_code":"08"},{"id":148040,"name":"Ibarra","iso2":"PH","country_name":"Philippines","state_name":"Eastern Visayas","state_code":"08"},{"id":148051,"name":"Inangatan","iso2":"PH","country_name":"Philippines","state_name":"Eastern Visayas","state_code":"08"},{"id":148095,"name":"Inopacan","iso2":"PH","country_name":"Philippines","state_name":"Eastern Visayas","state_code":"08"},{"id":148137,"name":"Ipil","iso2":"PH","country_name":"Philippines","state_name":"Eastern Visayas","state_code":"08"},{"id":148139,"name":"Isabel","iso2":"PH","country_name":"Philippines","state_name":"Eastern Visayas","state_code":"08"},{"id":148142,"name":"Jaro","iso2":"PH","country_name":"Philippines","state_name":"Eastern Visayas","state_code":"08"},{"id":148141,"name":"Javier","iso2":"PH","country_name":"Philippines","state_name":"Eastern Visayas","state_code":"08"},{"id":148198,"name":"Jiabong","iso2":"PH","country_name":"Philippines","state_name":"Eastern Visayas","state_code":"08"},{"id":148104,"name":"Jipapad","iso2":"PH","country_name":"Philippines","state_name":"Eastern Visayas","state_code":"08"},{"id":148028,"name":"Jubasan","iso2":"PH","country_name":"Philippines","state_name":"Eastern Visayas","state_code":"08"},{"id":148149,"name":"Julita","iso2":"PH","country_name":"Philippines","state_name":"Eastern Visayas","state_code":"08"},{"id":148027,"name":"Kabuynan","iso2":"PH","country_name":"Philippines","state_name":"Eastern Visayas","state_code":"08"},{"id":148035,"name":"Kampokpok","iso2":"PH","country_name":"Philippines","state_name":"Eastern Visayas","state_code":"08"},{"id":148140,"name":"Kananga","iso2":"PH","country_name":"Philippines","state_name":"Eastern Visayas","state_code":"08"},{"id":148103,"name":"Kawayan","iso2":"PH","country_name":"Philippines","state_name":"Eastern Visayas","state_code":"08"},{"id":148143,"name":"Kilim","iso2":"PH","country_name":"Philippines","state_name":"Eastern Visayas","state_code":"08"},{"id":147964,"name":"La Paz","iso2":"PH","country_name":"Philippines","state_name":"Eastern Visayas","state_code":"08"},{"id":148196,"name":"Lalauigan","iso2":"PH","country_name":"Philippines","state_name":"Eastern Visayas","state_code":"08"},{"id":148032,"name":"Lamak","iso2":"PH","country_name":"Philippines","state_name":"Eastern Visayas","state_code":"08"},{"id":148197,"name":"Lao","iso2":"PH","country_name":"Philippines","state_name":"Eastern Visayas","state_code":"08"},{"id":147965,"name":"Laoang","iso2":"PH","country_name":"Philippines","state_name":"Eastern Visayas","state_code":"08"},{"id":148134,"name":"Lapinig","iso2":"PH","country_name":"Philippines","state_name":"Eastern Visayas","state_code":"08"},{"id":148034,"name":"Las Navas","iso2":"PH","country_name":"Philippines","state_name":"Eastern Visayas","state_code":"08"},{"id":147969,"name":"Lavezares","iso2":"PH","country_name":"Philippines","state_name":"Eastern Visayas","state_code":"08"},{"id":147963,"name":"Leyte","iso2":"PH","country_name":"Philippines","state_name":"Eastern Visayas","state_code":"08"},{"id":147966,"name":"Libagon","iso2":"PH","country_name":"Philippines","state_name":"Eastern Visayas","state_code":"08"},{"id":148037,"name":"Libas","iso2":"PH","country_name":"Philippines","state_name":"Eastern Visayas","state_code":"08"},{"id":148074,"name":"Libertad","iso2":"PH","country_name":"Philippines","state_name":"Eastern Visayas","state_code":"08"},{"id":147968,"name":"Liberty","iso2":"PH","country_name":"Philippines","state_name":"Eastern Visayas","state_code":"08"},{"id":147970,"name":"Liloan","iso2":"PH","country_name":"Philippines","state_name":"Eastern Visayas","state_code":"08"},{"id":148112,"name":"Lim-oo","iso2":"PH","country_name":"Philippines","state_name":"Eastern Visayas","state_code":"08"},{"id":148073,"name":"Limasawa","iso2":"PH","country_name":"Philippines","state_name":"Eastern Visayas","state_code":"08"},{"id":148036,"name":"Limon","iso2":"PH","country_name":"Philippines","state_name":"Eastern Visayas","state_code":"08"},{"id":148033,"name":"Llorente","iso2":"PH","country_name":"Philippines","state_name":"Eastern Visayas","state_code":"08"},{"id":148195,"name":"Looc","iso2":"PH","country_name":"Philippines","state_name":"Eastern Visayas","state_code":"08"},{"id":147967,"name":"Lope de Vega","iso2":"PH","country_name":"Philippines","state_name":"Eastern Visayas","state_code":"08"},{"id":148088,"name":"Lubi","iso2":"PH","country_name":"Philippines","state_name":"Eastern Visayas","state_code":"08"},{"id":148084,"name":"Maasin","iso2":"PH","country_name":"Philippines","state_name":"Eastern Visayas","state_code":"08"},{"id":148025,"name":"Mabini","iso2":"PH","country_name":"Philippines","state_name":"Eastern Visayas","state_code":"08"},{"id":148100,"name":"MacArthur","iso2":"PH","country_name":"Philippines","state_name":"Eastern Visayas","state_code":"08"},{"id":148150,"name":"Macrohon","iso2":"PH","country_name":"Philippines","state_name":"Eastern Visayas","state_code":"08"},{"id":148076,"name":"Mahagnao","iso2":"PH","country_name":"Philippines","state_name":"Eastern Visayas","state_code":"08"},{"id":148201,"name":"Mahaplag","iso2":"PH","country_name":"Philippines","state_name":"Eastern Visayas","state_code":"08"},{"id":148199,"name":"Makiwalo","iso2":"PH","country_name":"Philippines","state_name":"Eastern Visayas","state_code":"08"},{"id":148138,"name":"Malaga","iso2":"PH","country_name":"Philippines","state_name":"Eastern Visayas","state_code":"08"},{"id":148144,"name":"Malajog","iso2":"PH","country_name":"Philippines","state_name":"Eastern Visayas","state_code":"08"},{"id":148146,"name":"Mantang","iso2":"PH","country_name":"Philippines","state_name":"Eastern Visayas","state_code":"08"},{"id":148145,"name":"Mapanas","iso2":"PH","country_name":"Philippines","state_name":"Eastern Visayas","state_code":"08"},{"id":147997,"name":"Marabut","iso2":"PH","country_name":"Philippines","state_name":"Eastern Visayas","state_code":"08"},{"id":148148,"name":"Margen","iso2":"PH","country_name":"Philippines","state_name":"Eastern Visayas","state_code":"08"},{"id":148023,"name":"Maripipi","iso2":"PH","country_name":"Philippines","state_name":"Eastern Visayas","state_code":"08"},{"id":148030,"name":"Masarayao","iso2":"PH","country_name":"Philippines","state_name":"Eastern Visayas","state_code":"08"},{"id":148029,"name":"Maslog","iso2":"PH","country_name":"Philippines","state_name":"Eastern Visayas","state_code":"08"},{"id":148093,"name":"Matag-ob","iso2":"PH","country_name":"Philippines","state_name":"Eastern Visayas","state_code":"08"},{"id":148200,"name":"Matalom","iso2":"PH","country_name":"Philippines","state_name":"Eastern Visayas","state_code":"08"},{"id":148194,"name":"Matlang","iso2":"PH","country_name":"Philippines","state_name":"Eastern Visayas","state_code":"08"},{"id":148070,"name":"Matuguinao","iso2":"PH","country_name":"Philippines","state_name":"Eastern Visayas","state_code":"08"},{"id":148031,"name":"Maydolong","iso2":"PH","country_name":"Philippines","state_name":"Eastern Visayas","state_code":"08"},{"id":148136,"name":"Mayorga","iso2":"PH","country_name":"Philippines","state_name":"Eastern Visayas","state_code":"08"},{"id":148147,"name":"Maypangdan","iso2":"PH","country_name":"Philippines","state_name":"Eastern Visayas","state_code":"08"},{"id":148097,"name":"Mercedes","iso2":"PH","country_name":"Philippines","state_name":"Eastern Visayas","state_code":"08"},{"id":148135,"name":"Merida","iso2":"PH","country_name":"Philippines","state_name":"Eastern Visayas","state_code":"08"},{"id":148202,"name":"Mondragon","iso2":"PH","country_name":"Philippines","state_name":"Eastern Visayas","state_code":"08"},{"id":148090,"name":"Motiong","iso2":"PH","country_name":"Philippines","state_name":"Eastern Visayas","state_code":"08"},{"id":148024,"name":"Naghalin","iso2":"PH","country_name":"Philippines","state_name":"Eastern Visayas","state_code":"08"},{"id":148169,"name":"Napuro","iso2":"PH","country_name":"Philippines","state_name":"Eastern Visayas","state_code":"08"},{"id":148012,"name":"Naval","iso2":"PH","country_name":"Philippines","state_name":"Eastern Visayas","state_code":"08"},{"id":148205,"name":"Nena","iso2":"PH","country_name":"Philippines","state_name":"Eastern Visayas","state_code":"08"},{"id":148154,"name":"Nenita","iso2":"PH","country_name":"Philippines","state_name":"Eastern Visayas","state_code":"08"},{"id":148168,"name":"Oras","iso2":"PH","country_name":"Philippines","state_name":"Eastern Visayas","state_code":"08"},{"id":147962,"name":"Ormoc","iso2":"PH","country_name":"Philippines","state_name":"Eastern Visayas","state_code":"08"},{"id":148164,"name":"Padre Burgos","iso2":"PH","country_name":"Philippines","state_name":"Eastern Visayas","state_code":"08"},{"id":148001,"name":"Pagsanghan","iso2":"PH","country_name":"Philippines","state_name":"Eastern Visayas","state_code":"08"},{"id":147998,"name":"Palanit","iso2":"PH","country_name":"Philippines","state_name":"Eastern Visayas","state_code":"08"},{"id":148157,"name":"Palapag","iso2":"PH","country_name":"Philippines","state_name":"Eastern Visayas","state_code":"08"},{"id":148155,"name":"Palaroo","iso2":"PH","country_name":"Philippines","state_name":"Eastern Visayas","state_code":"08"},{"id":148015,"name":"Palhi","iso2":"PH","country_name":"Philippines","state_name":"Eastern Visayas","state_code":"08"},{"id":148158,"name":"Palo","iso2":"PH","country_name":"Philippines","state_name":"Eastern Visayas","state_code":"08"},{"id":148000,"name":"Palompon","iso2":"PH","country_name":"Philippines","state_name":"Eastern Visayas","state_code":"08"},{"id":148013,"name":"Pambujan","iso2":"PH","country_name":"Philippines","state_name":"Eastern Visayas","state_code":"08"},{"id":148007,"name":"Panalanoy","iso2":"PH","country_name":"Philippines","state_name":"Eastern Visayas","state_code":"08"},{"id":148009,"name":"Pangdan","iso2":"PH","country_name":"Philippines","state_name":"Eastern Visayas","state_code":"08"},{"id":148204,"name":"Pangpang","iso2":"PH","country_name":"Philippines","state_name":"Eastern Visayas","state_code":"08"},{"id":148091,"name":"Pasay","iso2":"PH","country_name":"Philippines","state_name":"Eastern Visayas","state_code":"08"},{"id":148019,"name":"Pastrana","iso2":"PH","country_name":"Philippines","state_name":"Eastern Visayas","state_code":"08"},{"id":148166,"name":"Patong","iso2":"PH","country_name":"Philippines","state_name":"Eastern Visayas","state_code":"08"},{"id":148002,"name":"Pawing","iso2":"PH","country_name":"Philippines","state_name":"Eastern Visayas","state_code":"08"},{"id":148151,"name":"Pi単a","iso2":"PH","country_name":"Philippines","state_name":"Eastern Visayas","state_code":"08"},{"id":148101,"name":"Pinabacdao","iso2":"PH","country_name":"Philippines","state_name":"Eastern Visayas","state_code":"08"},{"id":148165,"name":"Pinamopoan","iso2":"PH","country_name":"Philippines","state_name":"Eastern Visayas","state_code":"08"},{"id":148087,"name":"Pinangomhan","iso2":"PH","country_name":"Philippines","state_name":"Eastern Visayas","state_code":"08"},{"id":148163,"name":"Pintuyan","iso2":"PH","country_name":"Philippines","state_name":"Eastern Visayas","state_code":"08"},{"id":148159,"name":"Plaridel","iso2":"PH","country_name":"Philippines","state_name":"Eastern Visayas","state_code":"08"},{"id":148152,"name":"Polahongon","iso2":"PH","country_name":"Philippines","state_name":"Eastern Visayas","state_code":"08"},{"id":148167,"name":"Pola単ge","iso2":"PH","country_name":"Philippines","state_name":"Eastern Visayas","state_code":"08"},{"id":148011,"name":"Puerto Bello","iso2":"PH","country_name":"Philippines","state_name":"Eastern Visayas","state_code":"08"},{"id":148153,"name":"Quinapondan","iso2":"PH","country_name":"Philippines","state_name":"Eastern Visayas","state_code":"08"},{"id":148016,"name":"Rizal","iso2":"PH","country_name":"Philippines","state_name":"Eastern Visayas","state_code":"08"},{"id":148018,"name":"Rosario","iso2":"PH","country_name":"Philippines","state_name":"Eastern Visayas","state_code":"08"},{"id":147988,"name":"Sabang","iso2":"PH","country_name":"Philippines","state_name":"Eastern Visayas","state_code":"08"},{"id":148021,"name":"Saint Bernard","iso2":"PH","country_name":"Philippines","state_name":"Eastern Visayas","state_code":"08"},{"id":148160,"name":"Salcedo","iso2":"PH","country_name":"Philippines","state_name":"Eastern Visayas","state_code":"08"},{"id":148170,"name":"Salvacion","iso2":"PH","country_name":"Philippines","state_name":"Eastern Visayas","state_code":"08"},{"id":148010,"name":"San Antonio","iso2":"PH","country_name":"Philippines","state_name":"Eastern Visayas","state_code":"08"},{"id":148006,"name":"San Eduardo","iso2":"PH","country_name":"Philippines","state_name":"Eastern Visayas","state_code":"08"},{"id":148203,"name":"San Francisco","iso2":"PH","country_name":"Philippines","state_name":"Eastern Visayas","state_code":"08"},{"id":148014,"name":"San Isidro","iso2":"PH","country_name":"Philippines","state_name":"Eastern Visayas","state_code":"08"},{"id":148003,"name":"San Joaquin","iso2":"PH","country_name":"Philippines","state_name":"Eastern Visayas","state_code":"08"},{"id":148008,"name":"San Jorge","iso2":"PH","country_name":"Philippines","state_name":"Eastern Visayas","state_code":"08"},{"id":148098,"name":"San Jose","iso2":"PH","country_name":"Philippines","state_name":"Eastern Visayas","state_code":"08"},{"id":148162,"name":"San Jose de Buan","iso2":"PH","country_name":"Philippines","state_name":"Eastern Visayas","state_code":"08"},{"id":148071,"name":"San Juan","iso2":"PH","country_name":"Philippines","state_name":"Eastern Visayas","state_code":"08"},{"id":148017,"name":"San Julian","iso2":"PH","country_name":"Philippines","state_name":"Eastern Visayas","state_code":"08"},{"id":148004,"name":"San Miguel","iso2":"PH","country_name":"Philippines","state_name":"Eastern Visayas","state_code":"08"},{"id":148005,"name":"San Pedro","iso2":"PH","country_name":"Philippines","state_name":"Eastern Visayas","state_code":"08"},{"id":148092,"name":"San Policarpio","iso2":"PH","country_name":"Philippines","state_name":"Eastern Visayas","state_code":"08"},{"id":148156,"name":"San Policarpo","iso2":"PH","country_name":"Philippines","state_name":"Eastern Visayas","state_code":"08"},{"id":148020,"name":"San Ricardo","iso2":"PH","country_name":"Philippines","state_name":"Eastern Visayas","state_code":"08"},{"id":148094,"name":"San Roque","iso2":"PH","country_name":"Philippines","state_name":"Eastern Visayas","state_code":"08"},{"id":148079,"name":"San Sebastian","iso2":"PH","country_name":"Philippines","state_name":"Eastern Visayas","state_code":"08"},{"id":147961,"name":"San Vicente","iso2":"PH","country_name":"Philippines","state_name":"Eastern Visayas","state_code":"08"},{"id":148077,"name":"Santa Cruz","iso2":"PH","country_name":"Philippines","state_name":"Eastern Visayas","state_code":"08"},{"id":148022,"name":"Santa Fe","iso2":"PH","country_name":"Philippines","state_name":"Eastern Visayas","state_code":"08"},{"id":147999,"name":"Santa Margarita","iso2":"PH","country_name":"Philippines","state_name":"Eastern Visayas","state_code":"08"},{"id":148161,"name":"Santa Rita","iso2":"PH","country_name":"Philippines","state_name":"Eastern Visayas","state_code":"08"},{"id":148096,"name":"Santo Ni単o","iso2":"PH","country_name":"Philippines","state_name":"Eastern Visayas","state_code":"08"},{"id":147993,"name":"Siguinon","iso2":"PH","country_name":"Philippines","state_name":"Eastern Visayas","state_code":"08"},{"id":147960,"name":"Silago","iso2":"PH","country_name":"Philippines","state_name":"Eastern Visayas","state_code":"08"},{"id":148181,"name":"Silanga","iso2":"PH","country_name":"Philippines","state_name":"Eastern Visayas","state_code":"08"},{"id":147957,"name":"Silvino Lobos","iso2":"PH","country_name":"Philippines","state_name":"Eastern Visayas","state_code":"08"},{"id":147959,"name":"Sogod","iso2":"PH","country_name":"Philippines","state_name":"Eastern Visayas","state_code":"08"},{"id":147992,"name":"Sulangan","iso2":"PH","country_name":"Philippines","state_name":"Eastern Visayas","state_code":"08"},{"id":147958,"name":"Sulat","iso2":"PH","country_name":"Philippines","state_name":"Eastern Visayas","state_code":"08"},{"id":148171,"name":"Tabango","iso2":"PH","country_name":"Philippines","state_name":"Eastern Visayas","state_code":"08"},{"id":148206,"name":"Tabing","iso2":"PH","country_name":"Philippines","state_name":"Eastern Visayas","state_code":"08"},{"id":147991,"name":"Tabontabon","iso2":"PH","country_name":"Philippines","state_name":"Eastern Visayas","state_code":"08"},{"id":147995,"name":"Tacloban","iso2":"PH","country_name":"Philippines","state_name":"Eastern Visayas","state_code":"08"},{"id":148178,"name":"Taft","iso2":"PH","country_name":"Philippines","state_name":"Eastern Visayas","state_code":"08"},{"id":148176,"name":"Tagapul-an","iso2":"PH","country_name":"Philippines","state_name":"Eastern Visayas","state_code":"08"},{"id":148207,"name":"Tagbubungang Diot","iso2":"PH","country_name":"Philippines","state_name":"Eastern Visayas","state_code":"08"},{"id":147983,"name":"Talalora","iso2":"PH","country_name":"Philippines","state_name":"Eastern Visayas","state_code":"08"},{"id":148179,"name":"Talisayan","iso2":"PH","country_name":"Philippines","state_name":"Eastern Visayas","state_code":"08"},{"id":148209,"name":"Tanauan","iso2":"PH","country_name":"Philippines","state_name":"Eastern Visayas","state_code":"08"},{"id":148082,"name":"Tarangnan","iso2":"PH","country_name":"Philippines","state_name":"Eastern Visayas","state_code":"08"},{"id":148081,"name":"Tibur","iso2":"PH","country_name":"Philippines","state_name":"Eastern Visayas","state_code":"08"},{"id":148174,"name":"Tinambacan","iso2":"PH","country_name":"Philippines","state_name":"Eastern Visayas","state_code":"08"},{"id":147996,"name":"Tolosa","iso2":"PH","country_name":"Philippines","state_name":"Eastern Visayas","state_code":"08"},{"id":148208,"name":"Tomas Oppus","iso2":"PH","country_name":"Philippines","state_name":"Eastern Visayas","state_code":"08"},{"id":148180,"name":"Tucdao","iso2":"PH","country_name":"Philippines","state_name":"Eastern Visayas","state_code":"08"},{"id":148172,"name":"Tugbong","iso2":"PH","country_name":"Philippines","state_name":"Eastern Visayas","state_code":"08"},{"id":147985,"name":"Tunga","iso2":"PH","country_name":"Philippines","state_name":"Eastern Visayas","state_code":"08"},{"id":147990,"name":"Tutubigan","iso2":"PH","country_name":"Philippines","state_name":"Eastern Visayas","state_code":"08"},{"id":148210,"name":"Umaganhan","iso2":"PH","country_name":"Philippines","state_name":"Eastern Visayas","state_code":"08"},{"id":147994,"name":"Valencia","iso2":"PH","country_name":"Philippines","state_name":"Eastern Visayas","state_code":"08"},{"id":148177,"name":"Victoria","iso2":"PH","country_name":"Philippines","state_name":"Eastern Visayas","state_code":"08"},{"id":148173,"name":"Viga","iso2":"PH","country_name":"Philippines","state_name":"Eastern Visayas","state_code":"08"},{"id":147987,"name":"Villaba","iso2":"PH","country_name":"Philippines","state_name":"Eastern Visayas","state_code":"08"},{"id":147986,"name":"Villareal","iso2":"PH","country_name":"Philippines","state_name":"Eastern Visayas","state_code":"08"},{"id":147989,"name":"Viriato","iso2":"PH","country_name":"Philippines","state_name":"Eastern Visayas","state_code":"08"},{"id":148175,"name":"Wright","iso2":"PH","country_name":"Philippines","state_name":"Eastern Visayas","state_code":"08"},{"id":148083,"name":"Zumarraga","iso2":"PH","country_name":"Philippines","state_name":"Eastern Visayas","state_code":"08"}]