[{"id":148061,"name":"Abuyog","state_id":1322,"state_code":"08","state_name":"Eastern Visayas","country_id":174,"country_code":"PH","country_name":"Philippines"},{"id":147980,"name":"Alangalang","state_id":1322,"state_code":"08","state_name":"Eastern Visayas","country_id":174,"country_code":"PH","country_name":"Philippines"},{"id":147981,"name":"Albuera","state_id":1322,"state_code":"08","state_name":"Eastern Visayas","country_id":174,"country_code":"PH","country_name":"Philippines"},{"id":148065,"name":"Allen","state_id":1322,"state_code":"08","state_name":"Eastern Visayas","country_id":174,"country_code":"PH","country_name":"Philippines"},{"id":147978,"name":"Almagro","state_id":1322,"state_code":"08","state_name":"Eastern Visayas","country_id":174,"country_code":"PH","country_name":"Philippines"},{"id":148064,"name":"Almeria","state_id":1322,"state_code":"08","state_name":"Eastern Visayas","country_id":174,"country_code":"PH","country_name":"Philippines"},{"id":147979,"name":"Alugan","state_id":1322,"state_code":"08","state_name":"Eastern Visayas","country_id":174,"country_code":"PH","country_name":"Philippines"},{"id":147977,"name":"Anahawan","state_id":1322,"state_code":"08","state_name":"Eastern Visayas","country_id":174,"country_code":"PH","country_name":"Philippines"},{"id":147982,"name":"Anito","state_id":1322,"state_code":"08","state_name":"Eastern Visayas","country_id":174,"country_code":"PH","country_name":"Philippines"},{"id":148105,"name":"Arteche","state_id":1322,"state_code":"08","state_name":"Eastern Visayas","country_id":174,"country_code":"PH","country_name":"Philippines"},{"id":148069,"name":"Babatngon","state_id":1322,"state_code":"08","state_name":"Eastern Visayas","country_id":174,"country_code":"PH","country_name":"Philippines"},{"id":148066,"name":"Balagtas","state_id":1322,"state_code":"08","state_name":"Eastern Visayas","country_id":174,"country_code":"PH","country_name":"Philippines"},{"id":148108,"name":"Balagui","state_id":1322,"state_code":"08","state_name":"Eastern Visayas","country_id":174,"country_code":"PH","country_name":"Philippines"},{"id":148107,"name":"Balangiga","state_id":1322,"state_code":"08","state_name":"Eastern Visayas","country_id":174,"country_code":"PH","country_name":"Philippines"},{"id":148111,"name":"Balangkayan","state_id":1322,"state_code":"08","state_name":"Eastern Visayas","country_id":174,"country_code":"PH","country_name":"Philippines"},{"id":148063,"name":"Balinsacayao","state_id":1322,"state_code":"08","state_name":"Eastern Visayas","country_id":174,"country_code":"PH","country_name":"Philippines"},{"id":148089,"name":"Balite","state_id":1322,"state_code":"08","state_name":"Eastern Visayas","country_id":174,"country_code":"PH","country_name":"Philippines"},{"id":148068,"name":"Balocawehay","state_id":1322,"state_code":"08","state_name":"Eastern Visayas","country_id":174,"country_code":"PH","country_name":"Philippines"},{"id":148106,"name":"Balogo","state_id":1322,"state_code":"08","state_name":"Eastern Visayas","country_id":174,"country_code":"PH","country_name":"Philippines"},{"id":148062,"name":"Balud","state_id":1322,"state_code":"08","state_name":"Eastern Visayas","country_id":174,"country_code":"PH","country_name":"Philippines"},{"id":148182,"name":"Bantayan","state_id":1322,"state_code":"08","state_name":"Eastern Visayas","country_id":174,"country_code":"PH","country_name":"Philippines"},{"id":148058,"name":"Bantiqui","state_id":1322,"state_code":"08","state_name":"Eastern Visayas","country_id":174,"country_code":"PH","country_name":"Philippines"},{"id":148184,"name":"Baras","state_id":1322,"state_code":"08","state_name":"Eastern Visayas","country_id":174,"country_code":"PH","country_name":"Philippines"},{"id":148113,"name":"Barugo","state_id":1322,"state_code":"08","state_name":"Eastern Visayas","country_id":174,"country_code":"PH","country_name":"Philippines"},{"id":148109,"name":"Basey","state_id":1322,"state_code":"08","state_name":"Eastern Visayas","country_id":174,"country_code":"PH","country_name":"Philippines"},{"id":148187,"name":"Basud","state_id":1322,"state_code":"08","state_name":"Eastern Visayas","country_id":174,"country_code":"PH","country_name":"Philippines"},{"id":148186,"name":"Bato","state_id":1322,"state_code":"08","state_name":"Eastern Visayas","country_id":174,"country_code":"PH","country_name":"Philippines"},{"id":148060,"name":"Baybay","state_id":1322,"state_code":"08","state_name":"Eastern Visayas","country_id":174,"country_code":"PH","country_name":"Philippines"},{"id":148067,"name":"Bilwang","state_id":1322,"state_code":"08","state_name":"Eastern Visayas","country_id":174,"country_code":"PH","country_name":"Philippines"},{"id":148110,"name":"Biri","state_id":1322,"state_code":"08","state_name":"Eastern Visayas","country_id":174,"country_code":"PH","country_name":"Philippines"},{"id":148183,"name":"Bislig","state_id":1322,"state_code":"08","state_name":"Eastern Visayas","country_id":174,"country_code":"PH","country_name":"Philippines"},{"id":148185,"name":"Bitanjuan","state_id":1322,"state_code":"08","state_name":"Eastern Visayas","country_id":174,"country_code":"PH","country_name":"Philippines"},{"id":148059,"name":"Bobon","state_id":1322,"state_code":"08","state_name":"Eastern Visayas","country_id":174,"country_code":"PH","country_name":"Philippines"},{"id":148039,"name":"Bontoc","state_id":1322,"state_code":"08","state_name":"Eastern Visayas","country_id":174,"country_code":"PH","country_name":"Philippines"},{"id":147975,"name":"Borongan","state_id":1322,"state_code":"08","state_name":"Eastern Visayas","country_id":174,"country_code":"PH","country_name":"Philippines"},{"id":148075,"name":"Bugho","state_id":1322,"state_code":"08","state_name":"Eastern Visayas","country_id":174,"country_code":"PH","country_name":"Philippines"},{"id":148120,"name":"Bugko","state_id":1322,"state_code":"08","state_name":"Eastern Visayas","country_id":174,"country_code":"PH","country_name":"Philippines"},{"id":148041,"name":"Bunga","state_id":1322,"state_code":"08","state_name":"Eastern Visayas","country_id":174,"country_code":"PH","country_name":"Philippines"},{"id":148118,"name":"Burauen","state_id":1322,"state_code":"08","state_name":"Eastern Visayas","country_id":174,"country_code":"PH","country_name":"Philippines"},{"id":148045,"name":"Butazon","state_id":1322,"state_code":"08","state_name":"Eastern Visayas","country_id":174,"country_code":"PH","country_name":"Philippines"},{"id":148132,"name":"Cabacu単gan","state_id":1322,"state_code":"08","state_name":"Eastern Visayas","country_id":174,"country_code":"PH","country_name":"Philippines"},{"id":148121,"name":"Cabay","state_id":1322,"state_code":"08","state_name":"Eastern Visayas","country_id":174,"country_code":"PH","country_name":"Philippines"},{"id":147974,"name":"Cabodiongan","state_id":1322,"state_code":"08","state_name":"Eastern Visayas","country_id":174,"country_code":"PH","country_name":"Philippines"},{"id":148115,"name":"Cabucgayan","state_id":1322,"state_code":"08","state_name":"Eastern Visayas","country_id":174,"country_code":"PH","country_name":"Philippines"},{"id":148044,"name":"Cagamotan","state_id":1322,"state_code":"08","state_name":"Eastern Visayas","country_id":174,"country_code":"PH","country_name":"Philippines"},{"id":148188,"name":"Caibiran","state_id":1322,"state_code":"08","state_name":"Eastern Visayas","country_id":174,"country_code":"PH","country_name":"Philippines"},{"id":148046,"name":"Calape","state_id":1322,"state_code":"08","state_name":"Eastern Visayas","country_id":174,"country_code":"PH","country_name":"Philippines"},{"id":148131,"name":"Calbayog","state_id":1322,"state_code":"08","state_name":"Eastern Visayas","country_id":174,"country_code":"PH","country_name":"Philippines"},{"id":148080,"name":"Calbiga","state_id":1322,"state_code":"08","state_name":"Eastern Visayas","country_id":174,"country_code":"PH","country_name":"Philippines"},{"id":148133,"name":"Calubian","state_id":1322,"state_code":"08","state_name":"Eastern Visayas","country_id":174,"country_code":"PH","country_name":"Philippines"},{"id":148127,"name":"Can-avid","state_id":1322,"state_code":"08","state_name":"Eastern Visayas","country_id":174,"country_code":"PH","country_name":"Philippines"},{"id":147971,"name":"Canhandugan","state_id":1322,"state_code":"08","state_name":"Eastern Visayas","country_id":174,"country_code":"PH","country_name":"Philippines"},{"id":148050,"name":"Capoocan","state_id":1322,"state_code":"08","state_name":"Eastern Visayas","country_id":174,"country_code":"PH","country_name":"Philippines"},{"id":148129,"name":"Capul","state_id":1322,"state_code":"08","state_name":"Eastern Visayas","country_id":174,"country_code":"PH","country_name":"Philippines"},{"id":148042,"name":"Caraycaray","state_id":1322,"state_code":"08","state_name":"Eastern Visayas","country_id":174,"country_code":"PH","country_name":"Philippines"},{"id":148117,"name":"Caridad","state_id":1322,"state_code":"08","state_name":"Eastern Visayas","country_id":174,"country_code":"PH","country_name":"Philippines"},{"id":148056,"name":"Carigara","state_id":1322,"state_code":"08","state_name":"Eastern Visayas","country_id":174,"country_code":"PH","country_name":"Philippines"},{"id":148053,"name":"Catarman","state_id":1322,"state_code":"08","state_name":"Eastern Visayas","country_id":174,"country_code":"PH","country_name":"Philippines"},{"id":148189,"name":"Catbalogan","state_id":1322,"state_code":"08","state_name":"Eastern Visayas","country_id":174,"country_code":"PH","country_name":"Philippines"},{"id":148049,"name":"Catmon","state_id":1322,"state_code":"08","state_name":"Eastern Visayas","country_id":174,"country_code":"PH","country_name":"Philippines"},{"id":147984,"name":"Catubig","state_id":1322,"state_code":"08","state_name":"Eastern Visayas","country_id":174,"country_code":"PH","country_name":"Philippines"},{"id":148078,"name":"Cavite","state_id":1322,"state_code":"08","state_name":"Eastern Visayas","country_id":174,"country_code":"PH","country_name":"Philippines"},{"id":148043,"name":"Cervantes","state_id":1322,"state_code":"08","state_name":"Eastern Visayas","country_id":174,"country_code":"PH","country_name":"Philippines"},{"id":148057,"name":"Concepcion","state_id":1322,"state_code":"08","state_name":"Eastern Visayas","country_id":174,"country_code":"PH","country_name":"Philippines"},{"id":148192,"name":"Consuegra","state_id":1322,"state_code":"08","state_name":"Eastern Visayas","country_id":174,"country_code":"PH","country_name":"Philippines"},{"id":147976,"name":"Culaba","state_id":1322,"state_code":"08","state_name":"Eastern Visayas","country_id":174,"country_code":"PH","country_name":"Philippines"},{"id":148052,"name":"Culasian","state_id":1322,"state_code":"08","state_name":"Eastern Visayas","country_id":174,"country_code":"PH","country_name":"Philippines"},{"id":148126,"name":"Dagami","state_id":1322,"state_code":"08","state_name":"Eastern Visayas","country_id":174,"country_code":"PH","country_name":"Philippines"},{"id":148190,"name":"Dao","state_id":1322,"state_code":"08","state_name":"Eastern Visayas","country_id":174,"country_code":"PH","country_name":"Philippines"},{"id":148128,"name":"Dapdap","state_id":1322,"state_code":"08","state_name":"Eastern Visayas","country_id":174,"country_code":"PH","country_name":"Philippines"},{"id":148085,"name":"Daram","state_id":1322,"state_code":"08","state_name":"Eastern Visayas","country_id":174,"country_code":"PH","country_name":"Philippines"},{"id":148102,"name":"Dolores","state_id":1322,"state_code":"08","state_name":"Eastern Visayas","country_id":174,"country_code":"PH","country_name":"Philippines"},{"id":148211,"name":"Doos","state_id":1322,"state_code":"08","state_name":"Eastern Visayas","country_id":174,"country_code":"PH","country_name":"Philippines"},{"id":148038,"name":"Dulag","state_id":1322,"state_code":"08","state_name":"Eastern Visayas","country_id":174,"country_code":"PH","country_name":"Philippines"},{"id":148191,"name":"Erenas","state_id":1322,"state_code":"08","state_name":"Eastern Visayas","country_id":174,"country_code":"PH","country_name":"Philippines"},{"id":148116,"name":"Gabas","state_id":1322,"state_code":"08","state_name":"Eastern Visayas","country_id":174,"country_code":"PH","country_name":"Philippines"},{"id":148124,"name":"Gamay","state_id":1322,"state_code":"08","state_name":"Eastern Visayas","country_id":174,"country_code":"PH","country_name":"Philippines"},{"id":148047,"name":"Gandara","state_id":1322,"state_code":"08","state_name":"Eastern Visayas","country_id":174,"country_code":"PH","country_name":"Philippines"},{"id":148123,"name":"General MacArthur","state_id":1322,"state_code":"08","state_name":"Eastern Visayas","country_id":174,"country_code":"PH","country_name":"Philippines"},{"id":148055,"name":"Ginabuyan","state_id":1322,"state_code":"08","state_name":"Eastern Visayas","country_id":174,"country_code":"PH","country_name":"Philippines"},{"id":147973,"name":"Giporlos","state_id":1322,"state_code":"08","state_name":"Eastern Visayas","country_id":174,"country_code":"PH","country_name":"Philippines"},{"id":148086,"name":"Gubang","state_id":1322,"state_code":"08","state_name":"Eastern Visayas","country_id":174,"country_code":"PH","country_name":"Philippines"},{"id":148125,"name":"Guindapunan","state_id":1322,"state_code":"08","state_name":"Eastern Visayas","country_id":174,"country_code":"PH","country_name":"Philippines"},{"id":147972,"name":"Guirang","state_id":1322,"state_code":"08","state_name":"Eastern Visayas","country_id":174,"country_code":"PH","country_name":"Philippines"},{"id":148114,"name":"Guiuan","state_id":1322,"state_code":"08","state_name":"Eastern Visayas","country_id":174,"country_code":"PH","country_name":"Philippines"},{"id":148072,"name":"Hernani","state_id":1322,"state_code":"08","state_name":"Eastern Visayas","country_id":174,"country_code":"PH","country_name":"Philippines"},{"id":148193,"name":"Hilongos","state_id":1322,"state_code":"08","state_name":"Eastern Visayas","country_id":174,"country_code":"PH","country_name":"Philippines"},{"id":148099,"name":"Hinabangan","state_id":1322,"state_code":"08","state_name":"Eastern Visayas","country_id":174,"country_code":"PH","country_name":"Philippines"},{"id":148054,"name":"Hindang","state_id":1322,"state_code":"08","state_name":"Eastern Visayas","country_id":174,"country_code":"PH","country_name":"Philippines"},{"id":148122,"name":"Hingatungan","state_id":1322,"state_code":"08","state_name":"Eastern Visayas","country_id":174,"country_code":"PH","country_name":"Philippines"},{"id":148119,"name":"Hinunangan","state_id":1322,"state_code":"08","state_name":"Eastern Visayas","country_id":174,"country_code":"PH","country_name":"Philippines"},{"id":148130,"name":"Hinundayan","state_id":1322,"state_code":"08","state_name":"Eastern Visayas","country_id":174,"country_code":"PH","country_name":"Philippines"},{"id":148026,"name":"Hipadpad","state_id":1322,"state_code":"08","state_name":"Eastern Visayas","country_id":174,"country_code":"PH","country_name":"Philippines"},{"id":148048,"name":"Hipasngo","state_id":1322,"state_code":"08","state_name":"Eastern Visayas","country_id":174,"country_code":"PH","country_name":"Philippines"},{"id":148040,"name":"Ibarra","state_id":1322,"state_code":"08","state_name":"Eastern Visayas","country_id":174,"country_code":"PH","country_name":"Philippines"},{"id":148051,"name":"Inangatan","state_id":1322,"state_code":"08","state_name":"Eastern Visayas","country_id":174,"country_code":"PH","country_name":"Philippines"},{"id":148095,"name":"Inopacan","state_id":1322,"state_code":"08","state_name":"Eastern Visayas","country_id":174,"country_code":"PH","country_name":"Philippines"},{"id":148137,"name":"Ipil","state_id":1322,"state_code":"08","state_name":"Eastern Visayas","country_id":174,"country_code":"PH","country_name":"Philippines"},{"id":148139,"name":"Isabel","state_id":1322,"state_code":"08","state_name":"Eastern Visayas","country_id":174,"country_code":"PH","country_name":"Philippines"},{"id":148142,"name":"Jaro","state_id":1322,"state_code":"08","state_name":"Eastern Visayas","country_id":174,"country_code":"PH","country_name":"Philippines"},{"id":148141,"name":"Javier","state_id":1322,"state_code":"08","state_name":"Eastern Visayas","country_id":174,"country_code":"PH","country_name":"Philippines"},{"id":148198,"name":"Jiabong","state_id":1322,"state_code":"08","state_name":"Eastern Visayas","country_id":174,"country_code":"PH","country_name":"Philippines"},{"id":148104,"name":"Jipapad","state_id":1322,"state_code":"08","state_name":"Eastern Visayas","country_id":174,"country_code":"PH","country_name":"Philippines"},{"id":148028,"name":"Jubasan","state_id":1322,"state_code":"08","state_name":"Eastern Visayas","country_id":174,"country_code":"PH","country_name":"Philippines"},{"id":148149,"name":"Julita","state_id":1322,"state_code":"08","state_name":"Eastern Visayas","country_id":174,"country_code":"PH","country_name":"Philippines"},{"id":148027,"name":"Kabuynan","state_id":1322,"state_code":"08","state_name":"Eastern Visayas","country_id":174,"country_code":"PH","country_name":"Philippines"},{"id":148035,"name":"Kampokpok","state_id":1322,"state_code":"08","state_name":"Eastern Visayas","country_id":174,"country_code":"PH","country_name":"Philippines"},{"id":148140,"name":"Kananga","state_id":1322,"state_code":"08","state_name":"Eastern Visayas","country_id":174,"country_code":"PH","country_name":"Philippines"},{"id":148103,"name":"Kawayan","state_id":1322,"state_code":"08","state_name":"Eastern Visayas","country_id":174,"country_code":"PH","country_name":"Philippines"},{"id":148143,"name":"Kilim","state_id":1322,"state_code":"08","state_name":"Eastern Visayas","country_id":174,"country_code":"PH","country_name":"Philippines"},{"id":147964,"name":"La Paz","state_id":1322,"state_code":"08","state_name":"Eastern Visayas","country_id":174,"country_code":"PH","country_name":"Philippines"},{"id":148196,"name":"Lalauigan","state_id":1322,"state_code":"08","state_name":"Eastern Visayas","country_id":174,"country_code":"PH","country_name":"Philippines"},{"id":148032,"name":"Lamak","state_id":1322,"state_code":"08","state_name":"Eastern Visayas","country_id":174,"country_code":"PH","country_name":"Philippines"},{"id":148197,"name":"Lao","state_id":1322,"state_code":"08","state_name":"Eastern Visayas","country_id":174,"country_code":"PH","country_name":"Philippines"},{"id":147965,"name":"Laoang","state_id":1322,"state_code":"08","state_name":"Eastern Visayas","country_id":174,"country_code":"PH","country_name":"Philippines"},{"id":148134,"name":"Lapinig","state_id":1322,"state_code":"08","state_name":"Eastern Visayas","country_id":174,"country_code":"PH","country_name":"Philippines"},{"id":148034,"name":"Las Navas","state_id":1322,"state_code":"08","state_name":"Eastern Visayas","country_id":174,"country_code":"PH","country_name":"Philippines"},{"id":147969,"name":"Lavezares","state_id":1322,"state_code":"08","state_name":"Eastern Visayas","country_id":174,"country_code":"PH","country_name":"Philippines"},{"id":147963,"name":"Leyte","state_id":1322,"state_code":"08","state_name":"Eastern Visayas","country_id":174,"country_code":"PH","country_name":"Philippines"},{"id":147966,"name":"Libagon","state_id":1322,"state_code":"08","state_name":"Eastern Visayas","country_id":174,"country_code":"PH","country_name":"Philippines"},{"id":148037,"name":"Libas","state_id":1322,"state_code":"08","state_name":"Eastern Visayas","country_id":174,"country_code":"PH","country_name":"Philippines"},{"id":148074,"name":"Libertad","state_id":1322,"state_code":"08","state_name":"Eastern Visayas","country_id":174,"country_code":"PH","country_name":"Philippines"},{"id":147968,"name":"Liberty","state_id":1322,"state_code":"08","state_name":"Eastern Visayas","country_id":174,"country_code":"PH","country_name":"Philippines"},{"id":147970,"name":"Liloan","state_id":1322,"state_code":"08","state_name":"Eastern Visayas","country_id":174,"country_code":"PH","country_name":"Philippines"},{"id":148112,"name":"Lim-oo","state_id":1322,"state_code":"08","state_name":"Eastern Visayas","country_id":174,"country_code":"PH","country_name":"Philippines"},{"id":148073,"name":"Limasawa","state_id":1322,"state_code":"08","state_name":"Eastern Visayas","country_id":174,"country_code":"PH","country_name":"Philippines"},{"id":148036,"name":"Limon","state_id":1322,"state_code":"08","state_name":"Eastern Visayas","country_id":174,"country_code":"PH","country_name":"Philippines"},{"id":148033,"name":"Llorente","state_id":1322,"state_code":"08","state_name":"Eastern Visayas","country_id":174,"country_code":"PH","country_name":"Philippines"},{"id":148195,"name":"Looc","state_id":1322,"state_code":"08","state_name":"Eastern Visayas","country_id":174,"country_code":"PH","country_name":"Philippines"},{"id":147967,"name":"Lope de Vega","state_id":1322,"state_code":"08","state_name":"Eastern Visayas","country_id":174,"country_code":"PH","country_name":"Philippines"},{"id":148088,"name":"Lubi","state_id":1322,"state_code":"08","state_name":"Eastern Visayas","country_id":174,"country_code":"PH","country_name":"Philippines"},{"id":148084,"name":"Maasin","state_id":1322,"state_code":"08","state_name":"Eastern Visayas","country_id":174,"country_code":"PH","country_name":"Philippines"},{"id":148025,"name":"Mabini","state_id":1322,"state_code":"08","state_name":"Eastern Visayas","country_id":174,"country_code":"PH","country_name":"Philippines"},{"id":148100,"name":"MacArthur","state_id":1322,"state_code":"08","state_name":"Eastern Visayas","country_id":174,"country_code":"PH","country_name":"Philippines"},{"id":148150,"name":"Macrohon","state_id":1322,"state_code":"08","state_name":"Eastern Visayas","country_id":174,"country_code":"PH","country_name":"Philippines"},{"id":148076,"name":"Mahagnao","state_id":1322,"state_code":"08","state_name":"Eastern Visayas","country_id":174,"country_code":"PH","country_name":"Philippines"},{"id":148201,"name":"Mahaplag","state_id":1322,"state_code":"08","state_name":"Eastern Visayas","country_id":174,"country_code":"PH","country_name":"Philippines"},{"id":148199,"name":"Makiwalo","state_id":1322,"state_code":"08","state_name":"Eastern Visayas","country_id":174,"country_code":"PH","country_name":"Philippines"},{"id":148138,"name":"Malaga","state_id":1322,"state_code":"08","state_name":"Eastern Visayas","country_id":174,"country_code":"PH","country_name":"Philippines"},{"id":148144,"name":"Malajog","state_id":1322,"state_code":"08","state_name":"Eastern Visayas","country_id":174,"country_code":"PH","country_name":"Philippines"},{"id":148146,"name":"Mantang","state_id":1322,"state_code":"08","state_name":"Eastern Visayas","country_id":174,"country_code":"PH","country_name":"Philippines"},{"id":148145,"name":"Mapanas","state_id":1322,"state_code":"08","state_name":"Eastern Visayas","country_id":174,"country_code":"PH","country_name":"Philippines"},{"id":147997,"name":"Marabut","state_id":1322,"state_code":"08","state_name":"Eastern Visayas","country_id":174,"country_code":"PH","country_name":"Philippines"},{"id":148148,"name":"Margen","state_id":1322,"state_code":"08","state_name":"Eastern Visayas","country_id":174,"country_code":"PH","country_name":"Philippines"},{"id":148023,"name":"Maripipi","state_id":1322,"state_code":"08","state_name":"Eastern Visayas","country_id":174,"country_code":"PH","country_name":"Philippines"},{"id":148030,"name":"Masarayao","state_id":1322,"state_code":"08","state_name":"Eastern Visayas","country_id":174,"country_code":"PH","country_name":"Philippines"},{"id":148029,"name":"Maslog","state_id":1322,"state_code":"08","state_name":"Eastern Visayas","country_id":174,"country_code":"PH","country_name":"Philippines"},{"id":148093,"name":"Matag-ob","state_id":1322,"state_code":"08","state_name":"Eastern Visayas","country_id":174,"country_code":"PH","country_name":"Philippines"},{"id":148200,"name":"Matalom","state_id":1322,"state_code":"08","state_name":"Eastern Visayas","country_id":174,"country_code":"PH","country_name":"Philippines"},{"id":148194,"name":"Matlang","state_id":1322,"state_code":"08","state_name":"Eastern Visayas","country_id":174,"country_code":"PH","country_name":"Philippines"},{"id":148070,"name":"Matuguinao","state_id":1322,"state_code":"08","state_name":"Eastern Visayas","country_id":174,"country_code":"PH","country_name":"Philippines"},{"id":148031,"name":"Maydolong","state_id":1322,"state_code":"08","state_name":"Eastern Visayas","country_id":174,"country_code":"PH","country_name":"Philippines"},{"id":148136,"name":"Mayorga","state_id":1322,"state_code":"08","state_name":"Eastern Visayas","country_id":174,"country_code":"PH","country_name":"Philippines"},{"id":148147,"name":"Maypangdan","state_id":1322,"state_code":"08","state_name":"Eastern Visayas","country_id":174,"country_code":"PH","country_name":"Philippines"},{"id":148097,"name":"Mercedes","state_id":1322,"state_code":"08","state_name":"Eastern Visayas","country_id":174,"country_code":"PH","country_name":"Philippines"},{"id":148135,"name":"Merida","state_id":1322,"state_code":"08","state_name":"Eastern Visayas","country_id":174,"country_code":"PH","country_name":"Philippines"},{"id":148202,"name":"Mondragon","state_id":1322,"state_code":"08","state_name":"Eastern Visayas","country_id":174,"country_code":"PH","country_name":"Philippines"},{"id":148090,"name":"Motiong","state_id":1322,"state_code":"08","state_name":"Eastern Visayas","country_id":174,"country_code":"PH","country_name":"Philippines"},{"id":148024,"name":"Naghalin","state_id":1322,"state_code":"08","state_name":"Eastern Visayas","country_id":174,"country_code":"PH","country_name":"Philippines"},{"id":148169,"name":"Napuro","state_id":1322,"state_code":"08","state_name":"Eastern Visayas","country_id":174,"country_code":"PH","country_name":"Philippines"},{"id":148012,"name":"Naval","state_id":1322,"state_code":"08","state_name":"Eastern Visayas","country_id":174,"country_code":"PH","country_name":"Philippines"},{"id":148205,"name":"Nena","state_id":1322,"state_code":"08","state_name":"Eastern Visayas","country_id":174,"country_code":"PH","country_name":"Philippines"},{"id":148154,"name":"Nenita","state_id":1322,"state_code":"08","state_name":"Eastern Visayas","country_id":174,"country_code":"PH","country_name":"Philippines"},{"id":148168,"name":"Oras","state_id":1322,"state_code":"08","state_name":"Eastern Visayas","country_id":174,"country_code":"PH","country_name":"Philippines"},{"id":147962,"name":"Ormoc","state_id":1322,"state_code":"08","state_name":"Eastern Visayas","country_id":174,"country_code":"PH","country_name":"Philippines"},{"id":148164,"name":"Padre Burgos","state_id":1322,"state_code":"08","state_name":"Eastern Visayas","country_id":174,"country_code":"PH","country_name":"Philippines"},{"id":148001,"name":"Pagsanghan","state_id":1322,"state_code":"08","state_name":"Eastern Visayas","country_id":174,"country_code":"PH","country_name":"Philippines"},{"id":147998,"name":"Palanit","state_id":1322,"state_code":"08","state_name":"Eastern Visayas","country_id":174,"country_code":"PH","country_name":"Philippines"},{"id":148157,"name":"Palapag","state_id":1322,"state_code":"08","state_name":"Eastern Visayas","country_id":174,"country_code":"PH","country_name":"Philippines"},{"id":148155,"name":"Palaroo","state_id":1322,"state_code":"08","state_name":"Eastern Visayas","country_id":174,"country_code":"PH","country_name":"Philippines"},{"id":148015,"name":"Palhi","state_id":1322,"state_code":"08","state_name":"Eastern Visayas","country_id":174,"country_code":"PH","country_name":"Philippines"},{"id":148158,"name":"Palo","state_id":1322,"state_code":"08","state_name":"Eastern Visayas","country_id":174,"country_code":"PH","country_name":"Philippines"},{"id":148000,"name":"Palompon","state_id":1322,"state_code":"08","state_name":"Eastern Visayas","country_id":174,"country_code":"PH","country_name":"Philippines"},{"id":148013,"name":"Pambujan","state_id":1322,"state_code":"08","state_name":"Eastern Visayas","country_id":174,"country_code":"PH","country_name":"Philippines"},{"id":148007,"name":"Panalanoy","state_id":1322,"state_code":"08","state_name":"Eastern Visayas","country_id":174,"country_code":"PH","country_name":"Philippines"},{"id":148009,"name":"Pangdan","state_id":1322,"state_code":"08","state_name":"Eastern Visayas","country_id":174,"country_code":"PH","country_name":"Philippines"},{"id":148204,"name":"Pangpang","state_id":1322,"state_code":"08","state_name":"Eastern Visayas","country_id":174,"country_code":"PH","country_name":"Philippines"},{"id":148091,"name":"Pasay","state_id":1322,"state_code":"08","state_name":"Eastern Visayas","country_id":174,"country_code":"PH","country_name":"Philippines"},{"id":148019,"name":"Pastrana","state_id":1322,"state_code":"08","state_name":"Eastern Visayas","country_id":174,"country_code":"PH","country_name":"Philippines"},{"id":148166,"name":"Patong","state_id":1322,"state_code":"08","state_name":"Eastern Visayas","country_id":174,"country_code":"PH","country_name":"Philippines"},{"id":148002,"name":"Pawing","state_id":1322,"state_code":"08","state_name":"Eastern Visayas","country_id":174,"country_code":"PH","country_name":"Philippines"},{"id":148151,"name":"Pi単a","state_id":1322,"state_code":"08","state_name":"Eastern Visayas","country_id":174,"country_code":"PH","country_name":"Philippines"},{"id":148101,"name":"Pinabacdao","state_id":1322,"state_code":"08","state_name":"Eastern Visayas","country_id":174,"country_code":"PH","country_name":"Philippines"},{"id":148165,"name":"Pinamopoan","state_id":1322,"state_code":"08","state_name":"Eastern Visayas","country_id":174,"country_code":"PH","country_name":"Philippines"},{"id":148087,"name":"Pinangomhan","state_id":1322,"state_code":"08","state_name":"Eastern Visayas","country_id":174,"country_code":"PH","country_name":"Philippines"},{"id":148163,"name":"Pintuyan","state_id":1322,"state_code":"08","state_name":"Eastern Visayas","country_id":174,"country_code":"PH","country_name":"Philippines"},{"id":148159,"name":"Plaridel","state_id":1322,"state_code":"08","state_name":"Eastern Visayas","country_id":174,"country_code":"PH","country_name":"Philippines"},{"id":148152,"name":"Polahongon","state_id":1322,"state_code":"08","state_name":"Eastern Visayas","country_id":174,"country_code":"PH","country_name":"Philippines"},{"id":148167,"name":"Pola単ge","state_id":1322,"state_code":"08","state_name":"Eastern Visayas","country_id":174,"country_code":"PH","country_name":"Philippines"},{"id":148011,"name":"Puerto Bello","state_id":1322,"state_code":"08","state_name":"Eastern Visayas","country_id":174,"country_code":"PH","country_name":"Philippines"},{"id":148153,"name":"Quinapondan","state_id":1322,"state_code":"08","state_name":"Eastern Visayas","country_id":174,"country_code":"PH","country_name":"Philippines"},{"id":148016,"name":"Rizal","state_id":1322,"state_code":"08","state_name":"Eastern Visayas","country_id":174,"country_code":"PH","country_name":"Philippines"},{"id":148018,"name":"Rosario","state_id":1322,"state_code":"08","state_name":"Eastern Visayas","country_id":174,"country_code":"PH","country_name":"Philippines"},{"id":147988,"name":"Sabang","state_id":1322,"state_code":"08","state_name":"Eastern Visayas","country_id":174,"country_code":"PH","country_name":"Philippines"},{"id":148021,"name":"Saint Bernard","state_id":1322,"state_code":"08","state_name":"Eastern Visayas","country_id":174,"country_code":"PH","country_name":"Philippines"},{"id":148160,"name":"Salcedo","state_id":1322,"state_code":"08","state_name":"Eastern Visayas","country_id":174,"country_code":"PH","country_name":"Philippines"},{"id":148170,"name":"Salvacion","state_id":1322,"state_code":"08","state_name":"Eastern Visayas","country_id":174,"country_code":"PH","country_name":"Philippines"},{"id":148010,"name":"San Antonio","state_id":1322,"state_code":"08","state_name":"Eastern Visayas","country_id":174,"country_code":"PH","country_name":"Philippines"},{"id":148006,"name":"San Eduardo","state_id":1322,"state_code":"08","state_name":"Eastern Visayas","country_id":174,"country_code":"PH","country_name":"Philippines"},{"id":148203,"name":"San Francisco","state_id":1322,"state_code":"08","state_name":"Eastern Visayas","country_id":174,"country_code":"PH","country_name":"Philippines"},{"id":148014,"name":"San Isidro","state_id":1322,"state_code":"08","state_name":"Eastern Visayas","country_id":174,"country_code":"PH","country_name":"Philippines"},{"id":148003,"name":"San Joaquin","state_id":1322,"state_code":"08","state_name":"Eastern Visayas","country_id":174,"country_code":"PH","country_name":"Philippines"},{"id":148008,"name":"San Jorge","state_id":1322,"state_code":"08","state_name":"Eastern Visayas","country_id":174,"country_code":"PH","country_name":"Philippines"},{"id":148098,"name":"San Jose","state_id":1322,"state_code":"08","state_name":"Eastern Visayas","country_id":174,"country_code":"PH","country_name":"Philippines"},{"id":148162,"name":"San Jose de Buan","state_id":1322,"state_code":"08","state_name":"Eastern Visayas","country_id":174,"country_code":"PH","country_name":"Philippines"},{"id":148071,"name":"San Juan","state_id":1322,"state_code":"08","state_name":"Eastern Visayas","country_id":174,"country_code":"PH","country_name":"Philippines"},{"id":148017,"name":"San Julian","state_id":1322,"state_code":"08","state_name":"Eastern Visayas","country_id":174,"country_code":"PH","country_name":"Philippines"},{"id":148004,"name":"San Miguel","state_id":1322,"state_code":"08","state_name":"Eastern Visayas","country_id":174,"country_code":"PH","country_name":"Philippines"},{"id":148005,"name":"San Pedro","state_id":1322,"state_code":"08","state_name":"Eastern Visayas","country_id":174,"country_code":"PH","country_name":"Philippines"},{"id":148092,"name":"San Policarpio","state_id":1322,"state_code":"08","state_name":"Eastern Visayas","country_id":174,"country_code":"PH","country_name":"Philippines"},{"id":148156,"name":"San Policarpo","state_id":1322,"state_code":"08","state_name":"Eastern Visayas","country_id":174,"country_code":"PH","country_name":"Philippines"},{"id":148020,"name":"San Ricardo","state_id":1322,"state_code":"08","state_name":"Eastern Visayas","country_id":174,"country_code":"PH","country_name":"Philippines"},{"id":148094,"name":"San Roque","state_id":1322,"state_code":"08","state_name":"Eastern Visayas","country_id":174,"country_code":"PH","country_name":"Philippines"},{"id":148079,"name":"San Sebastian","state_id":1322,"state_code":"08","state_name":"Eastern Visayas","country_id":174,"country_code":"PH","country_name":"Philippines"},{"id":147961,"name":"San Vicente","state_id":1322,"state_code":"08","state_name":"Eastern Visayas","country_id":174,"country_code":"PH","country_name":"Philippines"},{"id":148077,"name":"Santa Cruz","state_id":1322,"state_code":"08","state_name":"Eastern Visayas","country_id":174,"country_code":"PH","country_name":"Philippines"},{"id":148022,"name":"Santa Fe","state_id":1322,"state_code":"08","state_name":"Eastern Visayas","country_id":174,"country_code":"PH","country_name":"Philippines"},{"id":147999,"name":"Santa Margarita","state_id":1322,"state_code":"08","state_name":"Eastern Visayas","country_id":174,"country_code":"PH","country_name":"Philippines"},{"id":148161,"name":"Santa Rita","state_id":1322,"state_code":"08","state_name":"Eastern Visayas","country_id":174,"country_code":"PH","country_name":"Philippines"},{"id":148096,"name":"Santo Ni単o","state_id":1322,"state_code":"08","state_name":"Eastern Visayas","country_id":174,"country_code":"PH","country_name":"Philippines"},{"id":147993,"name":"Siguinon","state_id":1322,"state_code":"08","state_name":"Eastern Visayas","country_id":174,"country_code":"PH","country_name":"Philippines"},{"id":147960,"name":"Silago","state_id":1322,"state_code":"08","state_name":"Eastern Visayas","country_id":174,"country_code":"PH","country_name":"Philippines"},{"id":148181,"name":"Silanga","state_id":1322,"state_code":"08","state_name":"Eastern Visayas","country_id":174,"country_code":"PH","country_name":"Philippines"},{"id":147957,"name":"Silvino Lobos","state_id":1322,"state_code":"08","state_name":"Eastern Visayas","country_id":174,"country_code":"PH","country_name":"Philippines"},{"id":147959,"name":"Sogod","state_id":1322,"state_code":"08","state_name":"Eastern Visayas","country_id":174,"country_code":"PH","country_name":"Philippines"},{"id":147992,"name":"Sulangan","state_id":1322,"state_code":"08","state_name":"Eastern Visayas","country_id":174,"country_code":"PH","country_name":"Philippines"},{"id":147958,"name":"Sulat","state_id":1322,"state_code":"08","state_name":"Eastern Visayas","country_id":174,"country_code":"PH","country_name":"Philippines"},{"id":148171,"name":"Tabango","state_id":1322,"state_code":"08","state_name":"Eastern Visayas","country_id":174,"country_code":"PH","country_name":"Philippines"},{"id":148206,"name":"Tabing","state_id":1322,"state_code":"08","state_name":"Eastern Visayas","country_id":174,"country_code":"PH","country_name":"Philippines"},{"id":147991,"name":"Tabontabon","state_id":1322,"state_code":"08","state_name":"Eastern Visayas","country_id":174,"country_code":"PH","country_name":"Philippines"},{"id":147995,"name":"Tacloban","state_id":1322,"state_code":"08","state_name":"Eastern Visayas","country_id":174,"country_code":"PH","country_name":"Philippines"},{"id":148178,"name":"Taft","state_id":1322,"state_code":"08","state_name":"Eastern Visayas","country_id":174,"country_code":"PH","country_name":"Philippines"},{"id":148176,"name":"Tagapul-an","state_id":1322,"state_code":"08","state_name":"Eastern Visayas","country_id":174,"country_code":"PH","country_name":"Philippines"},{"id":148207,"name":"Tagbubungang Diot","state_id":1322,"state_code":"08","state_name":"Eastern Visayas","country_id":174,"country_code":"PH","country_name":"Philippines"},{"id":147983,"name":"Talalora","state_id":1322,"state_code":"08","state_name":"Eastern Visayas","country_id":174,"country_code":"PH","country_name":"Philippines"},{"id":148179,"name":"Talisayan","state_id":1322,"state_code":"08","state_name":"Eastern Visayas","country_id":174,"country_code":"PH","country_name":"Philippines"},{"id":148209,"name":"Tanauan","state_id":1322,"state_code":"08","state_name":"Eastern Visayas","country_id":174,"country_code":"PH","country_name":"Philippines"},{"id":148082,"name":"Tarangnan","state_id":1322,"state_code":"08","state_name":"Eastern Visayas","country_id":174,"country_code":"PH","country_name":"Philippines"},{"id":148081,"name":"Tibur","state_id":1322,"state_code":"08","state_name":"Eastern Visayas","country_id":174,"country_code":"PH","country_name":"Philippines"},{"id":148174,"name":"Tinambacan","state_id":1322,"state_code":"08","state_name":"Eastern Visayas","country_id":174,"country_code":"PH","country_name":"Philippines"},{"id":147996,"name":"Tolosa","state_id":1322,"state_code":"08","state_name":"Eastern Visayas","country_id":174,"country_code":"PH","country_name":"Philippines"},{"id":148208,"name":"Tomas Oppus","state_id":1322,"state_code":"08","state_name":"Eastern Visayas","country_id":174,"country_code":"PH","country_name":"Philippines"},{"id":148180,"name":"Tucdao","state_id":1322,"state_code":"08","state_name":"Eastern Visayas","country_id":174,"country_code":"PH","country_name":"Philippines"},{"id":148172,"name":"Tugbong","state_id":1322,"state_code":"08","state_name":"Eastern Visayas","country_id":174,"country_code":"PH","country_name":"Philippines"},{"id":147985,"name":"Tunga","state_id":1322,"state_code":"08","state_name":"Eastern Visayas","country_id":174,"country_code":"PH","country_name":"Philippines"},{"id":147990,"name":"Tutubigan","state_id":1322,"state_code":"08","state_name":"Eastern Visayas","country_id":174,"country_code":"PH","country_name":"Philippines"},{"id":148210,"name":"Umaganhan","state_id":1322,"state_code":"08","state_name":"Eastern Visayas","country_id":174,"country_code":"PH","country_name":"Philippines"},{"id":147994,"name":"Valencia","state_id":1322,"state_code":"08","state_name":"Eastern Visayas","country_id":174,"country_code":"PH","country_name":"Philippines"},{"id":148177,"name":"Victoria","state_id":1322,"state_code":"08","state_name":"Eastern Visayas","country_id":174,"country_code":"PH","country_name":"Philippines"},{"id":148173,"name":"Viga","state_id":1322,"state_code":"08","state_name":"Eastern Visayas","country_id":174,"country_code":"PH","country_name":"Philippines"},{"id":147987,"name":"Villaba","state_id":1322,"state_code":"08","state_name":"Eastern Visayas","country_id":174,"country_code":"PH","country_name":"Philippines"},{"id":147986,"name":"Villareal","state_id":1322,"state_code":"08","state_name":"Eastern Visayas","country_id":174,"country_code":"PH","country_name":"Philippines"},{"id":147989,"name":"Viriato","state_id":1322,"state_code":"08","state_name":"Eastern Visayas","country_id":174,"country_code":"PH","country_name":"Philippines"},{"id":148175,"name":"Wright","state_id":1322,"state_code":"08","state_name":"Eastern Visayas","country_id":174,"country_code":"PH","country_name":"Philippines"},{"id":148083,"name":"Zumarraga","state_id":1322,"state_code":"08","state_name":"Eastern Visayas","country_id":174,"country_code":"PH","country_name":"Philippines"}]