[{"id":135240,"name":"Abbateggio","iso2":"IT","country_name":"Italy","state_name":"Abruzzo","state_code":"65"},{"id":135250,"name":"Acciano","iso2":"IT","country_name":"Italy","state_name":"Abruzzo","state_code":"65"},{"id":135325,"name":"Aielli","iso2":"IT","country_name":"Italy","state_name":"Abruzzo","state_code":"65"},{"id":135342,"name":"Alanno","iso2":"IT","country_name":"Italy","state_name":"Abruzzo","state_code":"65"},{"id":135347,"name":"Alba Adriatica","iso2":"IT","country_name":"Italy","state_name":"Abruzzo","state_code":"65"},{"id":135400,"name":"Alfedena","iso2":"IT","country_name":"Italy","state_name":"Abruzzo","state_code":"65"},{"id":135440,"name":"Altino","iso2":"IT","country_name":"Italy","state_name":"Abruzzo","state_code":"65"},{"id":135477,"name":"Ancarano","iso2":"IT","country_name":"Italy","state_name":"Abruzzo","state_code":"65"},{"id":135523,"name":"Anversa degli Abruzzi","iso2":"IT","country_name":"Italy","state_name":"Abruzzo","state_code":"65"},{"id":135565,"name":"Archi","iso2":"IT","country_name":"Italy","state_name":"Abruzzo","state_code":"65"},{"id":135597,"name":"Ari","iso2":"IT","country_name":"Italy","state_name":"Abruzzo","state_code":"65"},{"id":135602,"name":"Arielli","iso2":"IT","country_name":"Italy","state_name":"Abruzzo","state_code":"65"},{"id":135638,"name":"Arsita","iso2":"IT","country_name":"Italy","state_name":"Abruzzo","state_code":"65"},{"id":135672,"name":"Ateleta","iso2":"IT","country_name":"Italy","state_name":"Abruzzo","state_code":"65"},{"id":135675,"name":"Atessa","iso2":"IT","country_name":"Italy","state_name":"Abruzzo","state_code":"65"},{"id":135679,"name":"Atri","iso2":"IT","country_name":"Italy","state_name":"Abruzzo","state_code":"65"},{"id":135704,"name":"Avezzano","iso2":"IT","country_name":"Italy","state_name":"Abruzzo","state_code":"65"},{"id":135795,"name":"Balsorano","iso2":"IT","country_name":"Italy","state_name":"Abruzzo","state_code":"65"},{"id":135796,"name":"Balsorano Nuovo","iso2":"IT","country_name":"Italy","state_name":"Abruzzo","state_code":"65"},{"id":135826,"name":"Barberi","iso2":"IT","country_name":"Italy","state_name":"Abruzzo","state_code":"65"},{"id":135847,"name":"Barete","iso2":"IT","country_name":"Italy","state_name":"Abruzzo","state_code":"65"},{"id":135858,"name":"Barisciano","iso2":"IT","country_name":"Italy","state_name":"Abruzzo","state_code":"65"},{"id":135870,"name":"Barrea","iso2":"IT","country_name":"Italy","state_name":"Abruzzo","state_code":"65"},{"id":135881,"name":"Basciano","iso2":"IT","country_name":"Italy","state_name":"Abruzzo","state_code":"65"},{"id":135938,"name":"Bellante","iso2":"IT","country_name":"Italy","state_name":"Abruzzo","state_code":"65"},{"id":135939,"name":"Bellante Stazione","iso2":"IT","country_name":"Italy","state_name":"Abruzzo","state_code":"65"},{"id":136062,"name":"Bisegna","iso2":"IT","country_name":"Italy","state_name":"Abruzzo","state_code":"65"},{"id":136063,"name":"Bisenti","iso2":"IT","country_name":"Italy","state_name":"Abruzzo","state_code":"65"},{"id":136108,"name":"Bolognano","iso2":"IT","country_name":"Italy","state_name":"Abruzzo","state_code":"65"},{"id":136119,"name":"Bomba","iso2":"IT","country_name":"Italy","state_name":"Abruzzo","state_code":"65"},{"id":136189,"name":"Borgo Santa Maria Immacolata","iso2":"IT","country_name":"Italy","state_name":"Abruzzo","state_code":"65"},{"id":136227,"name":"Borrello","iso2":"IT","country_name":"Italy","state_name":"Abruzzo","state_code":"65"},{"id":136343,"name":"Brittoli","iso2":"IT","country_name":"Italy","state_name":"Abruzzo","state_code":"65"},{"id":136385,"name":"Bucchianico","iso2":"IT","country_name":"Italy","state_name":"Abruzzo","state_code":"65"},{"id":136397,"name":"Bugnara","iso2":"IT","country_name":"Italy","state_name":"Abruzzo","state_code":"65"},{"id":136430,"name":"Bussi sul Tirino","iso2":"IT","country_name":"Italy","state_name":"Abruzzo","state_code":"65"},{"id":136470,"name":"Cagnano Amiterno","iso2":"IT","country_name":"Italy","state_name":"Abruzzo","state_code":"65"},{"id":136494,"name":"Calascio","iso2":"IT","country_name":"Italy","state_name":"Abruzzo","state_code":"65"},{"id":136625,"name":"Campli","iso2":"IT","country_name":"Italy","state_name":"Abruzzo","state_code":"65"},{"id":136635,"name":"Campo di Giove","iso2":"IT","country_name":"Italy","state_name":"Abruzzo","state_code":"65"},{"id":136683,"name":"Campotosto","iso2":"IT","country_name":"Italy","state_name":"Abruzzo","state_code":"65"},{"id":136716,"name":"Canistro Inferiore","iso2":"IT","country_name":"Italy","state_name":"Abruzzo","state_code":"65"},{"id":136731,"name":"Canosa Sannita","iso2":"IT","country_name":"Italy","state_name":"Abruzzo","state_code":"65"},{"id":136736,"name":"Cansano","iso2":"IT","country_name":"Italy","state_name":"Abruzzo","state_code":"65"},{"id":136752,"name":"Canzano","iso2":"IT","country_name":"Italy","state_name":"Abruzzo","state_code":"65"},{"id":136765,"name":"Capestrano","iso2":"IT","country_name":"Italy","state_name":"Abruzzo","state_code":"65"},{"id":136771,"name":"Capistrello","iso2":"IT","country_name":"Italy","state_name":"Abruzzo","state_code":"65"},{"id":136774,"name":"Capitignano","iso2":"IT","country_name":"Italy","state_name":"Abruzzo","state_code":"65"},{"id":136786,"name":"Caporciano","iso2":"IT","country_name":"Italy","state_name":"Abruzzo","state_code":"65"},{"id":136790,"name":"Cappadocia","iso2":"IT","country_name":"Italy","state_name":"Abruzzo","state_code":"65"},{"id":136794,"name":"Cappelle sul Tavo","iso2":"IT","country_name":"Italy","state_name":"Abruzzo","state_code":"65"},{"id":136831,"name":"Caramanico Terme","iso2":"IT","country_name":"Italy","state_name":"Abruzzo","state_code":"65"},{"id":136835,"name":"Carapelle Calvisio","iso2":"IT","country_name":"Italy","state_name":"Abruzzo","state_code":"65"},{"id":136920,"name":"Carpineto della Nora","iso2":"IT","country_name":"Italy","state_name":"Abruzzo","state_code":"65"},{"id":136919,"name":"Carpineto Sinello","iso2":"IT","country_name":"Italy","state_name":"Abruzzo","state_code":"65"},{"id":136936,"name":"Carsoli","iso2":"IT","country_name":"Italy","state_name":"Abruzzo","state_code":"65"},{"id":136945,"name":"Carunchio","iso2":"IT","country_name":"Italy","state_name":"Abruzzo","state_code":"65"},{"id":136954,"name":"Casacanditella","iso2":"IT","country_name":"Italy","state_name":"Abruzzo","state_code":"65"},{"id":136961,"name":"Casalanguida","iso2":"IT","country_name":"Italy","state_name":"Abruzzo","state_code":"65"},{"id":136965,"name":"Casalbordino-Miracoli","iso2":"IT","country_name":"Italy","state_name":"Abruzzo","state_code":"65"},{"id":136995,"name":"Casalincontrada","iso2":"IT","country_name":"Italy","state_name":"Abruzzo","state_code":"65"},{"id":137083,"name":"Casoli","iso2":"IT","country_name":"Italy","state_name":"Abruzzo","state_code":"65"},{"id":137133,"name":"Castel Castagna","iso2":"IT","country_name":"Italy","state_name":"Abruzzo","state_code":"65"},{"id":137165,"name":"Castel del Monte","iso2":"IT","country_name":"Italy","state_name":"Abruzzo","state_code":"65"},{"id":137169,"name":"Castel di Ieri","iso2":"IT","country_name":"Italy","state_name":"Abruzzo","state_code":"65"},{"id":137173,"name":"Castel di Sangro","iso2":"IT","country_name":"Italy","state_name":"Abruzzo","state_code":"65"},{"id":137136,"name":"Castel Frentano","iso2":"IT","country_name":"Italy","state_name":"Abruzzo","state_code":"65"},{"id":137205,"name":"Castelguidone","iso2":"IT","country_name":"Italy","state_name":"Abruzzo","state_code":"65"},{"id":137210,"name":"Castellafiume","iso2":"IT","country_name":"Italy","state_name":"Abruzzo","state_code":"65"},{"id":137211,"name":"Castellalto","iso2":"IT","country_name":"Italy","state_name":"Abruzzo","state_code":"65"},{"id":137242,"name":"Castelli","iso2":"IT","country_name":"Italy","state_name":"Abruzzo","state_code":"65"},{"id":137295,"name":"Castelnuovo Vomano","iso2":"IT","country_name":"Italy","state_name":"Abruzzo","state_code":"65"},{"id":137321,"name":"Castelvecchio Calvisio","iso2":"IT","country_name":"Italy","state_name":"Abruzzo","state_code":"65"},{"id":137322,"name":"Castelvecchio Subequo","iso2":"IT","country_name":"Italy","state_name":"Abruzzo","state_code":"65"},{"id":137347,"name":"Castiglione a Casauria","iso2":"IT","country_name":"Italy","state_name":"Abruzzo","state_code":"65"},{"id":137342,"name":"Castiglione Messer Marino","iso2":"IT","country_name":"Italy","state_name":"Abruzzo","state_code":"65"},{"id":137343,"name":"Castiglione Messer Raimondo","iso2":"IT","country_name":"Italy","state_name":"Abruzzo","state_code":"65"},{"id":137360,"name":"Castilenti","iso2":"IT","country_name":"Italy","state_name":"Abruzzo","state_code":"65"},{"id":137395,"name":"Catignano","iso2":"IT","country_name":"Italy","state_name":"Abruzzo","state_code":"65"},{"id":137462,"name":"Celano","iso2":"IT","country_name":"Italy","state_name":"Abruzzo","state_code":"65"},{"id":137465,"name":"Celenza sul Trigno","iso2":"IT","country_name":"Italy","state_name":"Abruzzo","state_code":"65"},{"id":137479,"name":"Cellino Attanasio","iso2":"IT","country_name":"Italy","state_name":"Abruzzo","state_code":"65"},{"id":137505,"name":"Cepagatti","iso2":"IT","country_name":"Italy","state_name":"Abruzzo","state_code":"65"},{"id":137525,"name":"Cerchio","iso2":"IT","country_name":"Italy","state_name":"Abruzzo","state_code":"65"},{"id":137555,"name":"Cermignano","iso2":"IT","country_name":"Italy","state_name":"Abruzzo","state_code":"65"},{"id":137560,"name":"Cerratina","iso2":"IT","country_name":"Italy","state_name":"Abruzzo","state_code":"65"},{"id":137672,"name":"Chieti","iso2":"IT","country_name":"Italy","state_name":"Abruzzo","state_code":"65"},{"id":137772,"name":"Città Sant'Angelo","iso2":"IT","country_name":"Italy","state_name":"Abruzzo","state_code":"65"},{"id":137787,"name":"Civita d'Antino","iso2":"IT","country_name":"Italy","state_name":"Abruzzo","state_code":"65"},{"id":137789,"name":"Civitaluparella","iso2":"IT","country_name":"Italy","state_name":"Abruzzo","state_code":"65"},{"id":137793,"name":"Civitaquana","iso2":"IT","country_name":"Italy","state_name":"Abruzzo","state_code":"65"},{"id":137795,"name":"Civitella Alfedena","iso2":"IT","country_name":"Italy","state_name":"Abruzzo","state_code":"65"},{"id":137796,"name":"Civitella Casanova","iso2":"IT","country_name":"Italy","state_name":"Abruzzo","state_code":"65"},{"id":137802,"name":"Civitella del Tronto","iso2":"IT","country_name":"Italy","state_name":"Abruzzo","state_code":"65"},{"id":137798,"name":"Civitella Messer Raimondo","iso2":"IT","country_name":"Italy","state_name":"Abruzzo","state_code":"65"},{"id":137799,"name":"Civitella Roveto","iso2":"IT","country_name":"Italy","state_name":"Abruzzo","state_code":"65"},{"id":137826,"name":"Cocullo","iso2":"IT","country_name":"Italy","state_name":"Abruzzo","state_code":"65"},{"id":137857,"name":"Collarmele","iso2":"IT","country_name":"Italy","state_name":"Abruzzo","state_code":"65"},{"id":137876,"name":"Collecorvino","iso2":"IT","country_name":"Italy","state_name":"Abruzzo","state_code":"65"},{"id":137877,"name":"Colledara","iso2":"IT","country_name":"Italy","state_name":"Abruzzo","state_code":"65"},{"id":137878,"name":"Colledimacine","iso2":"IT","country_name":"Italy","state_name":"Abruzzo","state_code":"65"},{"id":137879,"name":"Colledimezzo","iso2":"IT","country_name":"Italy","state_name":"Abruzzo","state_code":"65"},{"id":137884,"name":"Collelongo","iso2":"IT","country_name":"Italy","state_name":"Abruzzo","state_code":"65"},{"id":137889,"name":"Collepietro","iso2":"IT","country_name":"Italy","state_name":"Abruzzo","state_code":"65"},{"id":137890,"name":"Colleranesco","iso2":"IT","country_name":"Italy","state_name":"Abruzzo","state_code":"65"},{"id":137911,"name":"Cologna Spiaggia","iso2":"IT","country_name":"Italy","state_name":"Abruzzo","state_code":"65"},{"id":137923,"name":"Colonnella","iso2":"IT","country_name":"Italy","state_name":"Abruzzo","state_code":"65"},{"id":137941,"name":"Cominio","iso2":"IT","country_name":"Italy","state_name":"Abruzzo","state_code":"65"},{"id":137980,"name":"Controguerra","iso2":"IT","country_name":"Italy","state_name":"Abruzzo","state_code":"65"},{"id":137989,"name":"Coppito","iso2":"IT","country_name":"Italy","state_name":"Abruzzo","state_code":"65"},{"id":138008,"name":"Corfinio","iso2":"IT","country_name":"Italy","state_name":"Abruzzo","state_code":"65"},{"id":138044,"name":"Corropoli","iso2":"IT","country_name":"Italy","state_name":"Abruzzo","state_code":"65"},{"id":138069,"name":"Cortino","iso2":"IT","country_name":"Italy","state_name":"Abruzzo","state_code":"65"},{"id":138072,"name":"Corvara","iso2":"IT","country_name":"Italy","state_name":"Abruzzo","state_code":"65"},{"id":138129,"name":"Crecchio","iso2":"IT","country_name":"Italy","state_name":"Abruzzo","state_code":"65"},{"id":138163,"name":"Crognaleto","iso2":"IT","country_name":"Italy","state_name":"Abruzzo","state_code":"65"},{"id":138186,"name":"Cugnoli","iso2":"IT","country_name":"Italy","state_name":"Abruzzo","state_code":"65"},{"id":138195,"name":"Cupello","iso2":"IT","country_name":"Italy","state_name":"Abruzzo","state_code":"65"},{"id":138277,"name":"Dogliola","iso2":"IT","country_name":"Italy","state_name":"Abruzzo","state_code":"65"},{"id":138351,"name":"Elice","iso2":"IT","country_name":"Italy","state_name":"Abruzzo","state_code":"65"},{"id":138422,"name":"Fallo","iso2":"IT","country_name":"Italy","state_name":"Abruzzo","state_code":"65"},{"id":138434,"name":"Fano Adriano","iso2":"IT","country_name":"Italy","state_name":"Abruzzo","state_code":"65"},{"id":138437,"name":"Fara Filiorum Petri","iso2":"IT","country_name":"Italy","state_name":"Abruzzo","state_code":"65"},{"id":138441,"name":"Fara San Martino","iso2":"IT","country_name":"Italy","state_name":"Abruzzo","state_code":"65"},{"id":138447,"name":"Farindola","iso2":"IT","country_name":"Italy","state_name":"Abruzzo","state_code":"65"},{"id":138527,"name":"Filetto","iso2":"IT","country_name":"Italy","state_name":"Abruzzo","state_code":"65"},{"id":138607,"name":"Fonte Umano-San Martino Alta","iso2":"IT","country_name":"Italy","state_name":"Abruzzo","state_code":"65"},{"id":138609,"name":"Fontecchio","iso2":"IT","country_name":"Italy","state_name":"Abruzzo","state_code":"65"},{"id":138667,"name":"Fossa","iso2":"IT","country_name":"Italy","state_name":"Abruzzo","state_code":"65"},{"id":138669,"name":"Fossacesia","iso2":"IT","country_name":"Italy","state_name":"Abruzzo","state_code":"65"},{"id":138690,"name":"Fraine","iso2":"IT","country_name":"Italy","state_name":"Abruzzo","state_code":"65"},{"id":138696,"name":"Francavilla al Mare","iso2":"IT","country_name":"Italy","state_name":"Abruzzo","state_code":"65"},{"id":138730,"name":"Fresagrandinaria","iso2":"IT","country_name":"Italy","state_name":"Abruzzo","state_code":"65"},{"id":138736,"name":"Frisa","iso2":"IT","country_name":"Italy","state_name":"Abruzzo","state_code":"65"},{"id":138755,"name":"Furci","iso2":"IT","country_name":"Italy","state_name":"Abruzzo","state_code":"65"},{"id":138781,"name":"Gagliano Aterno","iso2":"IT","country_name":"Italy","state_name":"Abruzzo","state_code":"65"},{"id":138832,"name":"Gamberale","iso2":"IT","country_name":"Italy","state_name":"Abruzzo","state_code":"65"},{"id":138926,"name":"Gessopalena","iso2":"IT","country_name":"Italy","state_name":"Abruzzo","state_code":"65"},{"id":138970,"name":"Gioia dei Marsi","iso2":"IT","country_name":"Italy","state_name":"Abruzzo","state_code":"65"},{"id":138985,"name":"Gissi","iso2":"IT","country_name":"Italy","state_name":"Abruzzo","state_code":"65"},{"id":138991,"name":"Giuliano Teatino","iso2":"IT","country_name":"Italy","state_name":"Abruzzo","state_code":"65"},{"id":138993,"name":"Giulianova","iso2":"IT","country_name":"Italy","state_name":"Abruzzo","state_code":"65"},{"id":139031,"name":"Goriano Sicoli","iso2":"IT","country_name":"Italy","state_name":"Abruzzo","state_code":"65"},{"id":139163,"name":"Guardiagrele","iso2":"IT","country_name":"Italy","state_name":"Abruzzo","state_code":"65"},{"id":139181,"name":"Guilmi","iso2":"IT","country_name":"Italy","state_name":"Abruzzo","state_code":"65"},{"id":139201,"name":"Imposte","iso2":"IT","country_name":"Italy","state_name":"Abruzzo","state_code":"65"},{"id":139212,"name":"Introdacqua","iso2":"IT","country_name":"Italy","state_name":"Abruzzo","state_code":"65"},{"id":139245,"name":"Isola del Gran Sasso d'Italia","iso2":"IT","country_name":"Italy","state_name":"Abruzzo","state_code":"65"},{"id":139285,"name":"L'Aquila","iso2":"IT","country_name":"Italy","state_name":"Abruzzo","state_code":"65"},{"id":139341,"name":"Lama dei Peligni","iso2":"IT","country_name":"Italy","state_name":"Abruzzo","state_code":"65"},{"id":139354,"name":"Lanciano","iso2":"IT","country_name":"Italy","state_name":"Abruzzo","state_code":"65"},{"id":139431,"name":"Lecce Nei Marsi","iso2":"IT","country_name":"Italy","state_name":"Abruzzo","state_code":"65"},{"id":139451,"name":"Lentella","iso2":"IT","country_name":"Italy","state_name":"Abruzzo","state_code":"65"},{"id":139479,"name":"Lettomanoppello","iso2":"IT","country_name":"Italy","state_name":"Abruzzo","state_code":"65"},{"id":139480,"name":"Lettopalena","iso2":"IT","country_name":"Italy","state_name":"Abruzzo","state_code":"65"},{"id":139538,"name":"Liscia","iso2":"IT","country_name":"Italy","state_name":"Abruzzo","state_code":"65"},{"id":139610,"name":"Loreto Aprutino","iso2":"IT","country_name":"Italy","state_name":"Abruzzo","state_code":"65"},{"id":139638,"name":"Luco dei Marsi","iso2":"IT","country_name":"Italy","state_name":"Abruzzo","state_code":"65"},{"id":139639,"name":"Lucoli","iso2":"IT","country_name":"Italy","state_name":"Abruzzo","state_code":"65"},{"id":139725,"name":"Magliano De'Marsi","iso2":"IT","country_name":"Italy","state_name":"Abruzzo","state_code":"65"},{"id":139802,"name":"Manoppello","iso2":"IT","country_name":"Italy","state_name":"Abruzzo","state_code":"65"},{"id":139803,"name":"Manoppello Scalo","iso2":"IT","country_name":"Italy","state_name":"Abruzzo","state_code":"65"},{"id":139895,"name":"Marina di San Vito","iso2":"IT","country_name":"Italy","state_name":"Abruzzo","state_code":"65"},{"id":139897,"name":"Marina di Vasto","iso2":"IT","country_name":"Italy","state_name":"Abruzzo","state_code":"65"},{"id":139936,"name":"Martinsicuro","iso2":"IT","country_name":"Italy","state_name":"Abruzzo","state_code":"65"},{"id":139975,"name":"Massa d'Albe-Corona","iso2":"IT","country_name":"Italy","state_name":"Abruzzo","state_code":"65"},{"id":140132,"name":"Miglianico","iso2":"IT","country_name":"Italy","state_name":"Abruzzo","state_code":"65"},{"id":140214,"name":"Molina Aterno","iso2":"IT","country_name":"Italy","state_name":"Abruzzo","state_code":"65"},{"id":140350,"name":"Montazzoli","iso2":"IT","country_name":"Italy","state_name":"Abruzzo","state_code":"65"},{"id":140389,"name":"Montebello di Bertona","iso2":"IT","country_name":"Italy","state_name":"Abruzzo","state_code":"65"},{"id":140390,"name":"Montebello sul Sangro","iso2":"IT","country_name":"Italy","state_name":"Abruzzo","state_code":"65"},{"id":140436,"name":"Monteferrante","iso2":"IT","country_name":"Italy","state_name":"Abruzzo","state_code":"65"},{"id":140438,"name":"Montefino","iso2":"IT","country_name":"Italy","state_name":"Abruzzo","state_code":"65"},{"id":140465,"name":"Montelapiano","iso2":"IT","country_name":"Italy","state_name":"Abruzzo","state_code":"65"},{"id":140504,"name":"Montenerodomo","iso2":"IT","country_name":"Italy","state_name":"Abruzzo","state_code":"65"},{"id":140505,"name":"Monteodorisio","iso2":"IT","country_name":"Italy","state_name":"Abruzzo","state_code":"65"},{"id":140514,"name":"Montereale","iso2":"IT","country_name":"Italy","state_name":"Abruzzo","state_code":"65"},{"id":140541,"name":"Montesilvano Marina","iso2":"IT","country_name":"Italy","state_name":"Abruzzo","state_code":"65"},{"id":140557,"name":"Monticchio","iso2":"IT","country_name":"Italy","state_name":"Abruzzo","state_code":"65"},{"id":140586,"name":"Montorio al Vomano","iso2":"IT","country_name":"Italy","state_name":"Abruzzo","state_code":"65"},{"id":140620,"name":"Morino","iso2":"IT","country_name":"Italy","state_name":"Abruzzo","state_code":"65"},{"id":140634,"name":"Morro d'Oro","iso2":"IT","country_name":"Italy","state_name":"Abruzzo","state_code":"65"},{"id":140646,"name":"Mosciano Sant'Angelo","iso2":"IT","country_name":"Italy","state_name":"Abruzzo","state_code":"65"},{"id":140647,"name":"Moscufo","iso2":"IT","country_name":"Italy","state_name":"Abruzzo","state_code":"65"},{"id":140671,"name":"Mozzagrogna","iso2":"IT","country_name":"Italy","state_name":"Abruzzo","state_code":"65"},{"id":140731,"name":"Navelli","iso2":"IT","country_name":"Italy","state_name":"Abruzzo","state_code":"65"},{"id":140743,"name":"Nepezzano","iso2":"IT","country_name":"Italy","state_name":"Abruzzo","state_code":"65"},{"id":140745,"name":"Nereto","iso2":"IT","country_name":"Italy","state_name":"Abruzzo","state_code":"65"},{"id":140746,"name":"Nerito","iso2":"IT","country_name":"Italy","state_name":"Abruzzo","state_code":"65"},{"id":140780,"name":"Nocciano","iso2":"IT","country_name":"Italy","state_name":"Abruzzo","state_code":"65"},{"id":140811,"name":"Notaresco","iso2":"IT","country_name":"Italy","state_name":"Abruzzo","state_code":"65"},{"id":140842,"name":"Nucleo Industriale di Bazzano","iso2":"IT","country_name":"Italy","state_name":"Abruzzo","state_code":"65"},{"id":140874,"name":"Ofena","iso2":"IT","country_name":"Italy","state_name":"Abruzzo","state_code":"65"},{"id":140932,"name":"Opi","iso2":"IT","country_name":"Italy","state_name":"Abruzzo","state_code":"65"},{"id":140952,"name":"Oricola","iso2":"IT","country_name":"Italy","state_name":"Abruzzo","state_code":"65"},{"id":140975,"name":"Orsogna","iso2":"IT","country_name":"Italy","state_name":"Abruzzo","state_code":"65"},{"id":140987,"name":"Ortona","iso2":"IT","country_name":"Italy","state_name":"Abruzzo","state_code":"65"},{"id":140988,"name":"Ortona dei Marsi","iso2":"IT","country_name":"Italy","state_name":"Abruzzo","state_code":"65"},{"id":140990,"name":"Ortucchio","iso2":"IT","country_name":"Italy","state_name":"Abruzzo","state_code":"65"},{"id":141058,"name":"Ovindoli","iso2":"IT","country_name":"Italy","state_name":"Abruzzo","state_code":"65"},{"id":141070,"name":"Pacentro","iso2":"IT","country_name":"Italy","state_name":"Abruzzo","state_code":"65"},{"id":141095,"name":"Paganica-Tempera","iso2":"IT","country_name":"Italy","state_name":"Abruzzo","state_code":"65"},{"id":58205,"name":"Pagliare","iso2":"IT","country_name":"Italy","state_name":"Abruzzo","state_code":"65"},{"id":58209,"name":"Paglieta","iso2":"IT","country_name":"Italy","state_name":"Abruzzo","state_code":"65"},{"id":58238,"name":"Palena","iso2":"IT","country_name":"Italy","state_name":"Abruzzo","state_code":"65"},{"id":58260,"name":"Palmoli","iso2":"IT","country_name":"Italy","state_name":"Abruzzo","state_code":"65"},{"id":58264,"name":"Palombaro","iso2":"IT","country_name":"Italy","state_name":"Abruzzo","state_code":"65"},{"id":58403,"name":"Penna Sant'Andrea","iso2":"IT","country_name":"Italy","state_name":"Abruzzo","state_code":"65"},{"id":58406,"name":"Pennadomo","iso2":"IT","country_name":"Italy","state_name":"Abruzzo","state_code":"65"},{"id":58407,"name":"Pennapiedimonte","iso2":"IT","country_name":"Italy","state_name":"Abruzzo","state_code":"65"},{"id":58408,"name":"Penne","iso2":"IT","country_name":"Italy","state_name":"Abruzzo","state_code":"65"},{"id":58411,"name":"Perano","iso2":"IT","country_name":"Italy","state_name":"Abruzzo","state_code":"65"},{"id":58420,"name":"Pereto","iso2":"IT","country_name":"Italy","state_name":"Abruzzo","state_code":"65"},{"id":58450,"name":"Pescara","iso2":"IT","country_name":"Italy","state_name":"Abruzzo","state_code":"65"},{"id":58452,"name":"Pescasseroli","iso2":"IT","country_name":"Italy","state_name":"Abruzzo","state_code":"65"},{"id":58459,"name":"Pescina","iso2":"IT","country_name":"Italy","state_name":"Abruzzo","state_code":"65"},{"id":58461,"name":"Pescocostanzo","iso2":"IT","country_name":"Italy","state_name":"Abruzzo","state_code":"65"},{"id":58466,"name":"Pescosansonesco Nuovo","iso2":"IT","country_name":"Italy","state_name":"Abruzzo","state_code":"65"},{"id":58493,"name":"Pettorano sul Gizio","iso2":"IT","country_name":"Italy","state_name":"Abruzzo","state_code":"65"},{"id":58523,"name":"Pianella","iso2":"IT","country_name":"Italy","state_name":"Abruzzo","state_code":"65"},{"id":58548,"name":"Pianola","iso2":"IT","country_name":"Italy","state_name":"Abruzzo","state_code":"65"},{"id":58554,"name":"Pianura Vomano","iso2":"IT","country_name":"Italy","state_name":"Abruzzo","state_code":"65"},{"id":58579,"name":"Picciano","iso2":"IT","country_name":"Italy","state_name":"Abruzzo","state_code":"65"},{"id":58607,"name":"Pietracamela","iso2":"IT","country_name":"Italy","state_name":"Abruzzo","state_code":"65"},{"id":58612,"name":"Pietraferrazzana","iso2":"IT","country_name":"Italy","state_name":"Abruzzo","state_code":"65"},{"id":58619,"name":"Pietranico","iso2":"IT","country_name":"Italy","state_name":"Abruzzo","state_code":"65"},{"id":58677,"name":"Pineto","iso2":"IT","country_name":"Italy","state_name":"Abruzzo","state_code":"65"},{"id":58727,"name":"Pizzoferrato","iso2":"IT","country_name":"Italy","state_name":"Abruzzo","state_code":"65"},{"id":58728,"name":"Pizzoli","iso2":"IT","country_name":"Italy","state_name":"Abruzzo","state_code":"65"},{"id":58759,"name":"Poggio Picenze","iso2":"IT","country_name":"Italy","state_name":"Abruzzo","state_code":"65"},{"id":58768,"name":"Poggiofiorito","iso2":"IT","country_name":"Italy","state_name":"Abruzzo","state_code":"65"},{"id":58802,"name":"Pollutri","iso2":"IT","country_name":"Italy","state_name":"Abruzzo","state_code":"65"},{"id":58900,"name":"Popoli","iso2":"IT","country_name":"Italy","state_name":"Abruzzo","state_code":"65"},{"id":59015,"name":"Prata d'Ansidonia","iso2":"IT","country_name":"Italy","state_name":"Abruzzo","state_code":"65"},{"id":59033,"name":"Pratola Peligna","iso2":"IT","country_name":"Italy","state_name":"Abruzzo","state_code":"65"},{"id":59069,"name":"Pretoro","iso2":"IT","country_name":"Italy","state_name":"Abruzzo","state_code":"65"},{"id":59070,"name":"Preturo","iso2":"IT","country_name":"Italy","state_name":"Abruzzo","state_code":"65"},{"id":59072,"name":"Prezza","iso2":"IT","country_name":"Italy","state_name":"Abruzzo","state_code":"65"},{"id":59087,"name":"Progetto Case Bazzano","iso2":"IT","country_name":"Italy","state_name":"Abruzzo","state_code":"65"},{"id":59088,"name":"Progetto Case Coppito 3","iso2":"IT","country_name":"Italy","state_name":"Abruzzo","state_code":"65"},{"id":59089,"name":"Progetto Case Sassa Nsi","iso2":"IT","country_name":"Italy","state_name":"Abruzzo","state_code":"65"},{"id":59106,"name":"Provincia dell' Aquila","iso2":"IT","country_name":"Italy","state_name":"Abruzzo","state_code":"65"},{"id":59124,"name":"Provincia di Chieti","iso2":"IT","country_name":"Italy","state_name":"Abruzzo","state_code":"65"},{"id":59160,"name":"Provincia di Pescara","iso2":"IT","country_name":"Italy","state_name":"Abruzzo","state_code":"65"},{"id":59179,"name":"Provincia di Teramo","iso2":"IT","country_name":"Italy","state_name":"Abruzzo","state_code":"65"},{"id":59212,"name":"Quadri","iso2":"IT","country_name":"Italy","state_name":"Abruzzo","state_code":"65"},{"id":59270,"name":"Raiano","iso2":"IT","country_name":"Italy","state_name":"Abruzzo","state_code":"65"},{"id":59285,"name":"Rapino","iso2":"IT","country_name":"Italy","state_name":"Abruzzo","state_code":"65"},{"id":59399,"name":"Ripa Teatina","iso2":"IT","country_name":"Italy","state_name":"Abruzzo","state_code":"65"},{"id":59439,"name":"Rivisondoli","iso2":"IT","country_name":"Italy","state_name":"Abruzzo","state_code":"65"},{"id":59483,"name":"Rocca di Botte","iso2":"IT","country_name":"Italy","state_name":"Abruzzo","state_code":"65"},{"id":59484,"name":"Rocca di Cambio","iso2":"IT","country_name":"Italy","state_name":"Abruzzo","state_code":"65"},{"id":59487,"name":"Rocca di Mezzo","iso2":"IT","country_name":"Italy","state_name":"Abruzzo","state_code":"65"},{"id":59473,"name":"Rocca Pia","iso2":"IT","country_name":"Italy","state_name":"Abruzzo","state_code":"65"},{"id":59478,"name":"Rocca San Giovanni","iso2":"IT","country_name":"Italy","state_name":"Abruzzo","state_code":"65"},{"id":59494,"name":"Roccacasale","iso2":"IT","country_name":"Italy","state_name":"Abruzzo","state_code":"65"},{"id":59510,"name":"Roccamorice","iso2":"IT","country_name":"Italy","state_name":"Abruzzo","state_code":"65"},{"id":59516,"name":"Roccaraso","iso2":"IT","country_name":"Italy","state_name":"Abruzzo","state_code":"65"},{"id":59518,"name":"Roccascalegna","iso2":"IT","country_name":"Italy","state_name":"Abruzzo","state_code":"65"},{"id":59524,"name":"Roccaspinalveti-Santa Giusta","iso2":"IT","country_name":"Italy","state_name":"Abruzzo","state_code":"65"},{"id":59531,"name":"Roccavivi","iso2":"IT","country_name":"Italy","state_name":"Abruzzo","state_code":"65"},{"id":59567,"name":"Roio del Sangro","iso2":"IT","country_name":"Italy","state_name":"Abruzzo","state_code":"65"},{"id":59629,"name":"Rosciano","iso2":"IT","country_name":"Italy","state_name":"Abruzzo","state_code":"65"},{"id":59634,"name":"Rosello","iso2":"IT","country_name":"Italy","state_name":"Abruzzo","state_code":"65"},{"id":59637,"name":"Roseto degli Abruzzi","iso2":"IT","country_name":"Italy","state_name":"Abruzzo","state_code":"65"},{"id":59772,"name":"Salino","iso2":"IT","country_name":"Italy","state_name":"Abruzzo","state_code":"65"},{"id":59777,"name":"Salle","iso2":"IT","country_name":"Italy","state_name":"Abruzzo","state_code":"65"},{"id":59792,"name":"Salvo Marina","iso2":"IT","country_name":"Italy","state_name":"Abruzzo","state_code":"65"},{"id":59806,"name":"Sambuceto","iso2":"IT","country_name":"Italy","state_name":"Abruzzo","state_code":"65"},{"id":59831,"name":"San Benedetto dei Marsi","iso2":"IT","country_name":"Italy","state_name":"Abruzzo","state_code":"65"},{"id":59833,"name":"San Benedetto in Perillis","iso2":"IT","country_name":"Italy","state_name":"Abruzzo","state_code":"65"},{"id":59849,"name":"San Buono","iso2":"IT","country_name":"Italy","state_name":"Abruzzo","state_code":"65"},{"id":59892,"name":"San Demetrio Ne' Vestini","iso2":"IT","country_name":"Italy","state_name":"Abruzzo","state_code":"65"},{"id":59986,"name":"San Giovanni Lipioni","iso2":"IT","country_name":"Italy","state_name":"Abruzzo","state_code":"65"},{"id":60072,"name":"San Martino Bassa","iso2":"IT","country_name":"Italy","state_name":"Abruzzo","state_code":"65"},{"id":60097,"name":"San Martino sulla Marrucina","iso2":"IT","country_name":"Italy","state_name":"Abruzzo","state_code":"65"},{"id":60148,"name":"San Nicolò a Tordino","iso2":"IT","country_name":"Italy","state_name":"Abruzzo","state_code":"65"},{"id":60153,"name":"San Panfilo d'Ocre","iso2":"IT","country_name":"Italy","state_name":"Abruzzo","state_code":"65"},{"id":60203,"name":"San Pio delle Camere","iso2":"IT","country_name":"Italy","state_name":"Abruzzo","state_code":"65"},{"id":60222,"name":"San Rocco","iso2":"IT","country_name":"Italy","state_name":"Abruzzo","state_code":"65"},{"id":60234,"name":"San Salvo","iso2":"IT","country_name":"Italy","state_name":"Abruzzo","state_code":"65"},{"id":60259,"name":"San Valentino in Abruzzo Citeriore","iso2":"IT","country_name":"Italy","state_name":"Abruzzo","state_code":"65"},{"id":60269,"name":"San Vincenzo Valle Roveto","iso2":"IT","country_name":"Italy","state_name":"Abruzzo","state_code":"65"},{"id":60275,"name":"San Vito Chietino","iso2":"IT","country_name":"Italy","state_name":"Abruzzo","state_code":"65"},{"id":60391,"name":"Sant'Egidio alla Vibrata","iso2":"IT","country_name":"Italy","state_name":"Abruzzo","state_code":"65"},{"id":60400,"name":"Sant'Eufemia a Maiella","iso2":"IT","country_name":"Italy","state_name":"Abruzzo","state_code":"65"},{"id":60403,"name":"Sant'Eusanio del Sangro","iso2":"IT","country_name":"Italy","state_name":"Abruzzo","state_code":"65"},{"id":60402,"name":"Sant'Eusanio Forconese","iso2":"IT","country_name":"Italy","state_name":"Abruzzo","state_code":"65"},{"id":60407,"name":"Sant'Omero","iso2":"IT","country_name":"Italy","state_name":"Abruzzo","state_code":"65"},{"id":60463,"name":"Santa Maria Imbaro","iso2":"IT","country_name":"Italy","state_name":"Abruzzo","state_code":"65"},{"id":60494,"name":"Santa Teresa","iso2":"IT","country_name":"Italy","state_name":"Abruzzo","state_code":"65"},{"id":60504,"name":"Sante Marie","iso2":"IT","country_name":"Italy","state_name":"Abruzzo","state_code":"65"},{"id":60524,"name":"Santo Stefano di Sessanio","iso2":"IT","country_name":"Italy","state_name":"Abruzzo","state_code":"65"},{"id":60565,"name":"Sassa","iso2":"IT","country_name":"Italy","state_name":"Abruzzo","state_code":"65"},{"id":60601,"name":"Scafa","iso2":"IT","country_name":"Italy","state_name":"Abruzzo","state_code":"65"},{"id":60622,"name":"Scanno","iso2":"IT","country_name":"Italy","state_name":"Abruzzo","state_code":"65"},{"id":60639,"name":"Scerne","iso2":"IT","country_name":"Italy","state_name":"Abruzzo","state_code":"65"},{"id":60640,"name":"Scerni","iso2":"IT","country_name":"Italy","state_name":"Abruzzo","state_code":"65"},{"id":60643,"name":"Schiavi di Abruzzo","iso2":"IT","country_name":"Italy","state_name":"Abruzzo","state_code":"65"},{"id":60662,"name":"Scontrone","iso2":"IT","country_name":"Italy","state_name":"Abruzzo","state_code":"65"},{"id":60665,"name":"Scoppito","iso2":"IT","country_name":"Italy","state_name":"Abruzzo","state_code":"65"},{"id":60670,"name":"Scurcola Marsicana","iso2":"IT","country_name":"Italy","state_name":"Abruzzo","state_code":"65"},{"id":60676,"name":"Secinaro","iso2":"IT","country_name":"Italy","state_name":"Abruzzo","state_code":"65"},{"id":60704,"name":"Selva","iso2":"IT","country_name":"Italy","state_name":"Abruzzo","state_code":"65"},{"id":60765,"name":"Serramonacesca","iso2":"IT","country_name":"Italy","state_name":"Abruzzo","state_code":"65"},{"id":60857,"name":"Silvi","iso2":"IT","country_name":"Italy","state_name":"Abruzzo","state_code":"65"},{"id":61027,"name":"Spoltore","iso2":"IT","country_name":"Italy","state_name":"Abruzzo","state_code":"65"},{"id":61116,"name":"Sulmona","iso2":"IT","country_name":"Italy","state_name":"Abruzzo","state_code":"65"},{"id":61142,"name":"Tagliacozzo","iso2":"IT","country_name":"Italy","state_name":"Abruzzo","state_code":"65"},{"id":61163,"name":"Taranta Peligna","iso2":"IT","country_name":"Italy","state_name":"Abruzzo","state_code":"65"},{"id":61217,"name":"Teramo","iso2":"IT","country_name":"Italy","state_name":"Abruzzo","state_code":"65"},{"id":61280,"name":"Tione degli Abruzzi","iso2":"IT","country_name":"Italy","state_name":"Abruzzo","state_code":"65"},{"id":61293,"name":"Tocco da Casauria","iso2":"IT","country_name":"Italy","state_name":"Abruzzo","state_code":"65"},{"id":61301,"name":"Tollo","iso2":"IT","country_name":"Italy","state_name":"Abruzzo","state_code":"65"},{"id":61317,"name":"Torano Nuovo","iso2":"IT","country_name":"Italy","state_name":"Abruzzo","state_code":"65"},{"id":61330,"name":"Torino di Sangro","iso2":"IT","country_name":"Italy","state_name":"Abruzzo","state_code":"65"},{"id":61334,"name":"Tornareccio","iso2":"IT","country_name":"Italy","state_name":"Abruzzo","state_code":"65"},{"id":61336,"name":"Tornimparte","iso2":"IT","country_name":"Italy","state_name":"Abruzzo","state_code":"65"},{"id":61368,"name":"Torre de' Passeri","iso2":"IT","country_name":"Italy","state_name":"Abruzzo","state_code":"65"},{"id":61380,"name":"Torrebruna","iso2":"IT","country_name":"Italy","state_name":"Abruzzo","state_code":"65"},{"id":61392,"name":"Torrevecchia","iso2":"IT","country_name":"Italy","state_name":"Abruzzo","state_code":"65"},{"id":61399,"name":"Torricella","iso2":"IT","country_name":"Italy","state_name":"Abruzzo","state_code":"65"},{"id":61401,"name":"Torricella Peligna","iso2":"IT","country_name":"Italy","state_name":"Abruzzo","state_code":"65"},{"id":61416,"name":"Tortoreto","iso2":"IT","country_name":"Italy","state_name":"Abruzzo","state_code":"65"},{"id":61417,"name":"Tortoreto Lido","iso2":"IT","country_name":"Italy","state_name":"Abruzzo","state_code":"65"},{"id":61424,"name":"Tossicia","iso2":"IT","country_name":"Italy","state_name":"Abruzzo","state_code":"65"},{"id":61444,"name":"Trasacco","iso2":"IT","country_name":"Italy","state_name":"Abruzzo","state_code":"65"},{"id":61473,"name":"Treglio","iso2":"IT","country_name":"Italy","state_name":"Abruzzo","state_code":"65"},{"id":61563,"name":"Tufillo","iso2":"IT","country_name":"Italy","state_name":"Abruzzo","state_code":"65"},{"id":61578,"name":"Turrivalignani","iso2":"IT","country_name":"Italy","state_name":"Abruzzo","state_code":"65"},{"id":61626,"name":"Vacri","iso2":"IT","country_name":"Italy","state_name":"Abruzzo","state_code":"65"},{"id":61686,"name":"Valle Castellana","iso2":"IT","country_name":"Italy","state_name":"Abruzzo","state_code":"65"},{"id":61704,"name":"Vallecupa","iso2":"IT","country_name":"Italy","state_name":"Abruzzo","state_code":"65"},{"id":61781,"name":"Vasto","iso2":"IT","country_name":"Italy","state_name":"Abruzzo","state_code":"65"},{"id":61922,"name":"Vicoli","iso2":"IT","country_name":"Italy","state_name":"Abruzzo","state_code":"65"},{"id":61988,"name":"Villa Caldari","iso2":"IT","country_name":"Italy","state_name":"Abruzzo","state_code":"65"},{"id":61992,"name":"Villa Celiera","iso2":"IT","country_name":"Italy","state_name":"Abruzzo","state_code":"65"},{"id":62003,"name":"Villa Lempa","iso2":"IT","country_name":"Italy","state_name":"Abruzzo","state_code":"65"},{"id":62012,"name":"Villa Raspa","iso2":"IT","country_name":"Italy","state_name":"Abruzzo","state_code":"65"},{"id":62015,"name":"Villa Rosa","iso2":"IT","country_name":"Italy","state_name":"Abruzzo","state_code":"65"},{"id":62022,"name":"Villa Sant'Angelo","iso2":"IT","country_name":"Italy","state_name":"Abruzzo","state_code":"65"},{"id":62025,"name":"Villa Santa Lucia degli Abruzzi","iso2":"IT","country_name":"Italy","state_name":"Abruzzo","state_code":"65"},{"id":62026,"name":"Villa Santa Maria","iso2":"IT","country_name":"Italy","state_name":"Abruzzo","state_code":"65"},{"id":62071,"name":"Villagrande","iso2":"IT","country_name":"Italy","state_name":"Abruzzo","state_code":"65"},{"id":62075,"name":"Villalago","iso2":"IT","country_name":"Italy","state_name":"Abruzzo","state_code":"65"},{"id":62078,"name":"Villalfonsina","iso2":"IT","country_name":"Italy","state_name":"Abruzzo","state_code":"65"},{"id":62080,"name":"Villamagna","iso2":"IT","country_name":"Italy","state_name":"Abruzzo","state_code":"65"},{"id":62093,"name":"Villanova","iso2":"IT","country_name":"Italy","state_name":"Abruzzo","state_code":"65"},{"id":62145,"name":"Villavallelonga","iso2":"IT","country_name":"Italy","state_name":"Abruzzo","state_code":"65"},{"id":62151,"name":"Villetta Barrea","iso2":"IT","country_name":"Italy","state_name":"Abruzzo","state_code":"65"},{"id":62186,"name":"Vittorito","iso2":"IT","country_name":"Italy","state_name":"Abruzzo","state_code":"65"}]