[{"id":135252,"name":"Accumoli","iso2":"IT","country_name":"Italy","state_name":"Lazio","state_code":"62"},{"id":135261,"name":"Acilia-Castel Fusano-Ostia Antica","iso2":"IT","country_name":"Italy","state_name":"Lazio","state_code":"62"},{"id":135264,"name":"Acquafondata","iso2":"IT","country_name":"Italy","state_name":"Lazio","state_code":"62"},{"id":135270,"name":"Acquapendente","iso2":"IT","country_name":"Italy","state_name":"Lazio","state_code":"62"},{"id":135285,"name":"Acuto","iso2":"IT","country_name":"Italy","state_name":"Lazio","state_code":"62"},{"id":135293,"name":"Affile","iso2":"IT","country_name":"Italy","state_name":"Lazio","state_code":"62"},{"id":135313,"name":"Agosta","iso2":"IT","country_name":"Italy","state_name":"Lazio","state_code":"62"},{"id":135345,"name":"Alatri","iso2":"IT","country_name":"Italy","state_name":"Lazio","state_code":"62"},{"id":135351,"name":"Albano Laziale","iso2":"IT","country_name":"Italy","state_name":"Lazio","state_code":"62"},{"id":135386,"name":"Albuccione","iso2":"IT","country_name":"Italy","state_name":"Lazio","state_code":"62"},{"id":135419,"name":"Allumiere","iso2":"IT","country_name":"Italy","state_name":"Lazio","state_code":"62"},{"id":135449,"name":"Alvito","iso2":"IT","country_name":"Italy","state_name":"Lazio","state_code":"62"},{"id":135461,"name":"Amaseno","iso2":"IT","country_name":"Italy","state_name":"Lazio","state_code":"62"},{"id":135463,"name":"Amatrice","iso2":"IT","country_name":"Italy","state_name":"Lazio","state_code":"62"},{"id":135476,"name":"Anagni","iso2":"IT","country_name":"Italy","state_name":"Lazio","state_code":"62"},{"id":135502,"name":"Anguillara Sabazia","iso2":"IT","country_name":"Italy","state_name":"Lazio","state_code":"62"},{"id":135504,"name":"Anitrella-Chiaiamari","iso2":"IT","country_name":"Italy","state_name":"Lazio","state_code":"62"},{"id":135517,"name":"Anticoli Corrado","iso2":"IT","country_name":"Italy","state_name":"Lazio","state_code":"62"},{"id":135521,"name":"Antrodoco","iso2":"IT","country_name":"Italy","state_name":"Lazio","state_code":"62"},{"id":135527,"name":"Anzio","iso2":"IT","country_name":"Italy","state_name":"Lazio","state_code":"62"},{"id":135542,"name":"Aprilia","iso2":"IT","country_name":"Italy","state_name":"Lazio","state_code":"62"},{"id":135547,"name":"Aquino","iso2":"IT","country_name":"Italy","state_name":"Lazio","state_code":"62"},{"id":135548,"name":"Ara Nova","iso2":"IT","country_name":"Italy","state_name":"Lazio","state_code":"62"},{"id":135561,"name":"Arce","iso2":"IT","country_name":"Italy","state_name":"Lazio","state_code":"62"},{"id":135566,"name":"Arci-Empolitana","iso2":"IT","country_name":"Italy","state_name":"Lazio","state_code":"62"},{"id":135568,"name":"Arcinazzo Romano","iso2":"IT","country_name":"Italy","state_name":"Lazio","state_code":"62"},{"id":135578,"name":"Ardea","iso2":"IT","country_name":"Italy","state_name":"Lazio","state_code":"62"},{"id":135584,"name":"Area Produttiva","iso2":"IT","country_name":"Italy","state_name":"Lazio","state_code":"62"},{"id":135601,"name":"Ariccia","iso2":"IT","country_name":"Italy","state_name":"Lazio","state_code":"62"},{"id":135610,"name":"Arlena di Castro","iso2":"IT","country_name":"Italy","state_name":"Lazio","state_code":"62"},{"id":135615,"name":"Armetta","iso2":"IT","country_name":"Italy","state_name":"Lazio","state_code":"62"},{"id":135619,"name":"Arnara","iso2":"IT","country_name":"Italy","state_name":"Lazio","state_code":"62"},{"id":135628,"name":"Arpino","iso2":"IT","country_name":"Italy","state_name":"Lazio","state_code":"62"},{"id":135640,"name":"Arsoli","iso2":"IT","country_name":"Italy","state_name":"Lazio","state_code":"62"},{"id":135643,"name":"Artena","iso2":"IT","country_name":"Italy","state_name":"Lazio","state_code":"62"},{"id":135657,"name":"Ascrea","iso2":"IT","country_name":"Italy","state_name":"Lazio","state_code":"62"},{"id":135676,"name":"Atina","iso2":"IT","country_name":"Italy","state_name":"Lazio","state_code":"62"},{"id":135677,"name":"Atina Inferiore","iso2":"IT","country_name":"Italy","state_name":"Lazio","state_code":"62"},{"id":135689,"name":"Aurelia","iso2":"IT","country_name":"Italy","state_name":"Lazio","state_code":"62"},{"id":135694,"name":"Ausonia","iso2":"IT","country_name":"Italy","state_name":"Lazio","state_code":"62"},{"id":135758,"name":"Bagni di Tivoli","iso2":"IT","country_name":"Italy","state_name":"Lazio","state_code":"62"},{"id":135775,"name":"Bagnoregio","iso2":"IT","country_name":"Italy","state_name":"Lazio","state_code":"62"},{"id":135820,"name":"Barbarano Romano","iso2":"IT","country_name":"Italy","state_name":"Lazio","state_code":"62"},{"id":135894,"name":"Bassano in Teverina","iso2":"IT","country_name":"Italy","state_name":"Lazio","state_code":"62"},{"id":135892,"name":"Bassano Romano","iso2":"IT","country_name":"Italy","state_name":"Lazio","state_code":"62"},{"id":135895,"name":"Bassiano","iso2":"IT","country_name":"Italy","state_name":"Lazio","state_code":"62"},{"id":135935,"name":"Bella Farnia","iso2":"IT","country_name":"Italy","state_name":"Lazio","state_code":"62"},{"id":135942,"name":"Bellegra","iso2":"IT","country_name":"Italy","state_name":"Lazio","state_code":"62"},{"id":135952,"name":"Belmonte Castello","iso2":"IT","country_name":"Italy","state_name":"Lazio","state_code":"62"},{"id":135956,"name":"Belmonte in Sabina","iso2":"IT","country_name":"Italy","state_name":"Lazio","state_code":"62"},{"id":136074,"name":"Bivio di Capanelle","iso2":"IT","country_name":"Italy","state_name":"Lazio","state_code":"62"},{"id":136072,"name":"Bivio San Polo","iso2":"IT","country_name":"Italy","state_name":"Lazio","state_code":"62"},{"id":136080,"name":"Blera","iso2":"IT","country_name":"Italy","state_name":"Lazio","state_code":"62"},{"id":136113,"name":"Bolsena","iso2":"IT","country_name":"Italy","state_name":"Lazio","state_code":"62"},{"id":136118,"name":"Bomarzo","iso2":"IT","country_name":"Italy","state_name":"Lazio","state_code":"62"},{"id":136145,"name":"Borbona","iso2":"IT","country_name":"Italy","state_name":"Lazio","state_code":"62"},{"id":136172,"name":"Borgo Grappa","iso2":"IT","country_name":"Italy","state_name":"Lazio","state_code":"62"},{"id":136173,"name":"Borgo Hermada","iso2":"IT","country_name":"Italy","state_name":"Lazio","state_code":"62"},{"id":136174,"name":"Borgo Lotti","iso2":"IT","country_name":"Italy","state_name":"Lazio","state_code":"62"},{"id":136178,"name":"Borgo Podgora","iso2":"IT","country_name":"Italy","state_name":"Lazio","state_code":"62"},{"id":136180,"name":"Borgo Sabotino-Foce Verde","iso2":"IT","country_name":"Italy","state_name":"Lazio","state_code":"62"},{"id":136186,"name":"Borgo San Michele","iso2":"IT","country_name":"Italy","state_name":"Lazio","state_code":"62"},{"id":136195,"name":"Borgo Velino","iso2":"IT","country_name":"Italy","state_name":"Lazio","state_code":"62"},{"id":136216,"name":"Borgorose","iso2":"IT","country_name":"Italy","state_name":"Lazio","state_code":"62"},{"id":136271,"name":"Boville Ernica","iso2":"IT","country_name":"Italy","state_name":"Lazio","state_code":"62"},{"id":136281,"name":"Bracciano","iso2":"IT","country_name":"Italy","state_name":"Lazio","state_code":"62"},{"id":136345,"name":"Broccostella","iso2":"IT","country_name":"Italy","state_name":"Lazio","state_code":"62"},{"id":136480,"name":"Caira","iso2":"IT","country_name":"Italy","state_name":"Lazio","state_code":"62"},{"id":136500,"name":"Calcata Nuova","iso2":"IT","country_name":"Italy","state_name":"Lazio","state_code":"62"},{"id":136581,"name":"Camerata Nuova","iso2":"IT","country_name":"Italy","state_name":"Lazio","state_code":"62"},{"id":136587,"name":"Camilleri-Vallelata","iso2":"IT","country_name":"Italy","state_name":"Lazio","state_code":"62"},{"id":136601,"name":"Campagnano di Roma","iso2":"IT","country_name":"Italy","state_name":"Lazio","state_code":"62"},{"id":136634,"name":"Campo di Carne","iso2":"IT","country_name":"Italy","state_name":"Lazio","state_code":"62"},{"id":136628,"name":"Campo Jemini","iso2":"IT","country_name":"Italy","state_name":"Lazio","state_code":"62"},{"id":136630,"name":"Campo Limpido-Favale","iso2":"IT","country_name":"Italy","state_name":"Lazio","state_code":"62"},{"id":136646,"name":"Campodimele","iso2":"IT","country_name":"Italy","state_name":"Lazio","state_code":"62"},{"id":136659,"name":"Campoleone","iso2":"IT","country_name":"Italy","state_name":"Lazio","state_code":"62"},{"id":136660,"name":"Campoli Appennino","iso2":"IT","country_name":"Italy","state_name":"Lazio","state_code":"62"},{"id":136688,"name":"Canale Monterano","iso2":"IT","country_name":"Italy","state_name":"Lazio","state_code":"62"},{"id":136709,"name":"Canepina","iso2":"IT","country_name":"Italy","state_name":"Lazio","state_code":"62"},{"id":136714,"name":"Canino","iso2":"IT","country_name":"Italy","state_name":"Lazio","state_code":"62"},{"id":136739,"name":"Cantalice","iso2":"IT","country_name":"Italy","state_name":"Lazio","state_code":"62"},{"id":136743,"name":"Cantalupo in Sabina","iso2":"IT","country_name":"Italy","state_name":"Lazio","state_code":"62"},{"id":136747,"name":"Canterano","iso2":"IT","country_name":"Italy","state_name":"Lazio","state_code":"62"},{"id":136763,"name":"Capena","iso2":"IT","country_name":"Italy","state_name":"Lazio","state_code":"62"},{"id":136781,"name":"Capodimonte","iso2":"IT","country_name":"Italy","state_name":"Lazio","state_code":"62"},{"id":136801,"name":"Capranica","iso2":"IT","country_name":"Italy","state_name":"Lazio","state_code":"62"},{"id":136802,"name":"Capranica Prenestina","iso2":"IT","country_name":"Italy","state_name":"Lazio","state_code":"62"},{"id":136805,"name":"Caprarola","iso2":"IT","country_name":"Italy","state_name":"Lazio","state_code":"62"},{"id":136844,"name":"Carbognano","iso2":"IT","country_name":"Italy","state_name":"Lazio","state_code":"62"},{"id":136855,"name":"Carchitti","iso2":"IT","country_name":"Italy","state_name":"Lazio","state_code":"62"},{"id":136918,"name":"Carpineto Romano","iso2":"IT","country_name":"Italy","state_name":"Lazio","state_code":"62"},{"id":136926,"name":"Carrara-Pontenuovo","iso2":"IT","country_name":"Italy","state_name":"Lazio","state_code":"62"},{"id":136937,"name":"Cartiera-Stazione","iso2":"IT","country_name":"Italy","state_name":"Lazio","state_code":"62"},{"id":136958,"name":"Casal Palocco","iso2":"IT","country_name":"Italy","state_name":"Lazio","state_code":"62"},{"id":136962,"name":"Casalattico","iso2":"IT","country_name":"Italy","state_name":"Lazio","state_code":"62"},{"id":136963,"name":"Casalazzara","iso2":"IT","country_name":"Italy","state_name":"Lazio","state_code":"62"},{"id":136993,"name":"Casali","iso2":"IT","country_name":"Italy","state_name":"Lazio","state_code":"62"},{"id":137012,"name":"Casalvieri","iso2":"IT","country_name":"Italy","state_name":"Lazio","state_code":"62"},{"id":137025,"name":"Casape","iso2":"IT","country_name":"Italy","state_name":"Lazio","state_code":"62"},{"id":137028,"name":"Casaprota","iso2":"IT","country_name":"Italy","state_name":"Lazio","state_code":"62"},{"id":137054,"name":"Case Campoli-Panetta","iso2":"IT","country_name":"Italy","state_name":"Lazio","state_code":"62"},{"id":137091,"name":"Casperia","iso2":"IT","country_name":"Italy","state_name":"Lazio","state_code":"62"},{"id":137112,"name":"Cassino","iso2":"IT","country_name":"Italy","state_name":"Lazio","state_code":"62"},{"id":137134,"name":"Castel Chiodato","iso2":"IT","country_name":"Italy","state_name":"Lazio","state_code":"62"},{"id":137175,"name":"Castel di Tora","iso2":"IT","country_name":"Italy","state_name":"Lazio","state_code":"62"},{"id":137137,"name":"Castel Fusano","iso2":"IT","country_name":"Italy","state_name":"Lazio","state_code":"62"},{"id":137139,"name":"Castel Gandolfo","iso2":"IT","country_name":"Italy","state_name":"Lazio","state_code":"62"},{"id":137143,"name":"Castel Madama","iso2":"IT","country_name":"Italy","state_name":"Lazio","state_code":"62"},{"id":137154,"name":"Castel San Pietro Romano","iso2":"IT","country_name":"Italy","state_name":"Lazio","state_code":"62"},{"id":137157,"name":"Castel Sant'Angelo","iso2":"IT","country_name":"Italy","state_name":"Lazio","state_code":"62"},{"id":137158,"name":"Castel Sant'Elia","iso2":"IT","country_name":"Italy","state_name":"Lazio","state_code":"62"},{"id":137195,"name":"Castelforte","iso2":"IT","country_name":"Italy","state_name":"Lazio","state_code":"62"},{"id":137250,"name":"Castelliri","iso2":"IT","country_name":"Italy","state_name":"Lazio","state_code":"62"},{"id":137271,"name":"Castelmassimo","iso2":"IT","country_name":"Italy","state_name":"Lazio","state_code":"62"},{"id":137301,"name":"Castelnuovo di Farfa","iso2":"IT","country_name":"Italy","state_name":"Lazio","state_code":"62"},{"id":137303,"name":"Castelnuovo di Porto","iso2":"IT","country_name":"Italy","state_name":"Lazio","state_code":"62"},{"id":137292,"name":"Castelnuovo Parano","iso2":"IT","country_name":"Italy","state_name":"Lazio","state_code":"62"},{"id":137358,"name":"Castiglione in Teverina","iso2":"IT","country_name":"Italy","state_name":"Lazio","state_code":"62"},{"id":137377,"name":"Castro dei Volsci","iso2":"IT","country_name":"Italy","state_name":"Lazio","state_code":"62"},{"id":137379,"name":"Castrocielo","iso2":"IT","country_name":"Italy","state_name":"Lazio","state_code":"62"},{"id":137430,"name":"Cave","iso2":"IT","country_name":"Italy","state_name":"Lazio","state_code":"62"},{"id":137450,"name":"Ceccano","iso2":"IT","country_name":"Italy","state_name":"Lazio","state_code":"62"},{"id":137451,"name":"Cecchina","iso2":"IT","country_name":"Italy","state_name":"Lazio","state_code":"62"},{"id":137477,"name":"Celleno","iso2":"IT","country_name":"Italy","state_name":"Lazio","state_code":"62"},{"id":137478,"name":"Cellere","iso2":"IT","country_name":"Italy","state_name":"Lazio","state_code":"62"},{"id":137510,"name":"Ceprano","iso2":"IT","country_name":"Italy","state_name":"Lazio","state_code":"62"},{"id":137559,"name":"Cerquotti-Madonna del Piano","iso2":"IT","country_name":"Italy","state_name":"Lazio","state_code":"62"},{"id":137565,"name":"Cerreto Laziale","iso2":"IT","country_name":"Italy","state_name":"Lazio","state_code":"62"},{"id":137582,"name":"Cervara di Roma","iso2":"IT","country_name":"Italy","state_name":"Lazio","state_code":"62"},{"id":137584,"name":"Cervaro","iso2":"IT","country_name":"Italy","state_name":"Lazio","state_code":"62"},{"id":137590,"name":"Cerveteri","iso2":"IT","country_name":"Italy","state_name":"Lazio","state_code":"62"},{"id":137604,"name":"Cesano","iso2":"IT","country_name":"Italy","state_name":"Lazio","state_code":"62"},{"id":137701,"name":"Ciampino","iso2":"IT","country_name":"Italy","state_name":"Lazio","state_code":"62"},{"id":137711,"name":"Ciciliano","iso2":"IT","country_name":"Italy","state_name":"Lazio","state_code":"62"},{"id":137730,"name":"Cineto Romano","iso2":"IT","country_name":"Italy","state_name":"Lazio","state_code":"62"},{"id":137762,"name":"Cisterna di Latina","iso2":"IT","country_name":"Italy","state_name":"Lazio","state_code":"62"},{"id":137776,"name":"Città metropolitana di Roma Capitale","iso2":"IT","country_name":"Italy","state_name":"Lazio","state_code":"62"},{"id":137767,"name":"Cittaducale","iso2":"IT","country_name":"Italy","state_name":"Lazio","state_code":"62"},{"id":137769,"name":"Cittareale","iso2":"IT","country_name":"Italy","state_name":"Lazio","state_code":"62"},{"id":137786,"name":"Civita Castellana","iso2":"IT","country_name":"Italy","state_name":"Lazio","state_code":"62"},{"id":137794,"name":"Civitavecchia","iso2":"IT","country_name":"Italy","state_name":"Lazio","state_code":"62"},{"id":137801,"name":"Civitella d'Agliano","iso2":"IT","country_name":"Italy","state_name":"Lazio","state_code":"62"},{"id":137800,"name":"Civitella San Paolo","iso2":"IT","country_name":"Italy","state_name":"Lazio","state_code":"62"},{"id":137849,"name":"Coldragone","iso2":"IT","country_name":"Italy","state_name":"Lazio","state_code":"62"},{"id":137856,"name":"Collalto Sabino","iso2":"IT","country_name":"Italy","state_name":"Lazio","state_code":"62"},{"id":137860,"name":"Colle Campano-Scrima","iso2":"IT","country_name":"Italy","state_name":"Lazio","state_code":"62"},{"id":137870,"name":"Colle del Pino","iso2":"IT","country_name":"Italy","state_name":"Lazio","state_code":"62"},{"id":137871,"name":"Colle di Fuori","iso2":"IT","country_name":"Italy","state_name":"Lazio","state_code":"62"},{"id":137872,"name":"Colle di Tora","iso2":"IT","country_name":"Italy","state_name":"Lazio","state_code":"62"},{"id":137862,"name":"Colle Mainello","iso2":"IT","country_name":"Italy","state_name":"Lazio","state_code":"62"},{"id":137863,"name":"Colle San Magno","iso2":"IT","country_name":"Italy","state_name":"Lazio","state_code":"62"},{"id":137866,"name":"Colle Spina","iso2":"IT","country_name":"Italy","state_name":"Lazio","state_code":"62"},{"id":137868,"name":"Colle Verde","iso2":"IT","country_name":"Italy","state_name":"Lazio","state_code":"62"},{"id":137880,"name":"Colleferro","iso2":"IT","country_name":"Italy","state_name":"Lazio","state_code":"62"},{"id":137881,"name":"Collefontana-Fontana Liri Inferiore","iso2":"IT","country_name":"Italy","state_name":"Lazio","state_code":"62"},{"id":137882,"name":"Collegiove","iso2":"IT","country_name":"Italy","state_name":"Lazio","state_code":"62"},{"id":137886,"name":"Collepardo","iso2":"IT","country_name":"Italy","state_name":"Lazio","state_code":"62"},{"id":137896,"name":"Collevecchio","iso2":"IT","country_name":"Italy","state_name":"Lazio","state_code":"62"},{"id":137897,"name":"Colleverde II","iso2":"IT","country_name":"Italy","state_name":"Lazio","state_code":"62"},{"id":137900,"name":"Colli di Enea","iso2":"IT","country_name":"Italy","state_name":"Lazio","state_code":"62"},{"id":137901,"name":"Colli sul Velino","iso2":"IT","country_name":"Italy","state_name":"Lazio","state_code":"62"},{"id":137922,"name":"Colonna","iso2":"IT","country_name":"Italy","state_name":"Lazio","state_code":"62"},{"id":137929,"name":"Colubro","iso2":"IT","country_name":"Italy","state_name":"Lazio","state_code":"62"},{"id":137956,"name":"Concerviano","iso2":"IT","country_name":"Italy","state_name":"Lazio","state_code":"62"},{"id":137968,"name":"Configni","iso2":"IT","country_name":"Italy","state_name":"Lazio","state_code":"62"},{"id":137978,"name":"Contigliano","iso2":"IT","country_name":"Italy","state_name":"Lazio","state_code":"62"},{"id":137998,"name":"Corchiano","iso2":"IT","country_name":"Italy","state_name":"Lazio","state_code":"62"},{"id":138000,"name":"Corcolle","iso2":"IT","country_name":"Italy","state_name":"Lazio","state_code":"62"},{"id":138007,"name":"Coreno Ausonio","iso2":"IT","country_name":"Italy","state_name":"Lazio","state_code":"62"},{"id":138010,"name":"Cori","iso2":"IT","country_name":"Italy","state_name":"Lazio","state_code":"62"},{"id":138074,"name":"Corvaro","iso2":"IT","country_name":"Italy","state_name":"Lazio","state_code":"62"},{"id":138107,"name":"Costaroni","iso2":"IT","country_name":"Italy","state_name":"Lazio","state_code":"62"},{"id":138113,"name":"Cottanello","iso2":"IT","country_name":"Italy","state_name":"Lazio","state_code":"62"},{"id":138150,"name":"Cretone","iso2":"IT","country_name":"Italy","state_name":"Lazio","state_code":"62"},{"id":138384,"name":"Esperia","iso2":"IT","country_name":"Italy","state_name":"Lazio","state_code":"62"},{"id":138394,"name":"Fabrica di Roma","iso2":"IT","country_name":"Italy","state_name":"Lazio","state_code":"62"},{"id":138418,"name":"Faleria","iso2":"IT","country_name":"Italy","state_name":"Lazio","state_code":"62"},{"id":138425,"name":"Falvaterra","iso2":"IT","country_name":"Italy","state_name":"Lazio","state_code":"62"},{"id":138443,"name":"Fara in Sabina","iso2":"IT","country_name":"Italy","state_name":"Lazio","state_code":"62"},{"id":138449,"name":"Farnese","iso2":"IT","country_name":"Italy","state_name":"Lazio","state_code":"62"},{"id":138480,"name":"Ferentino","iso2":"IT","country_name":"Italy","state_name":"Lazio","state_code":"62"},{"id":138499,"name":"Fiamignano","iso2":"IT","country_name":"Italy","state_name":"Lazio","state_code":"62"},{"id":138501,"name":"Fiano Romano","iso2":"IT","country_name":"Italy","state_name":"Lazio","state_code":"62"},{"id":138521,"name":"Filacciano","iso2":"IT","country_name":"Italy","state_name":"Lazio","state_code":"62"},{"id":138526,"name":"Filettino","iso2":"IT","country_name":"Italy","state_name":"Lazio","state_code":"62"},{"id":138546,"name":"Fiuggi","iso2":"IT","country_name":"Italy","state_name":"Lazio","state_code":"62"},{"id":138555,"name":"Fiumicino-Isola Sacra","iso2":"IT","country_name":"Italy","state_name":"Lazio","state_code":"62"},{"id":138571,"name":"Focene","iso2":"IT","country_name":"Italy","state_name":"Lazio","state_code":"62"},{"id":138588,"name":"Fondi","iso2":"IT","country_name":"Italy","state_name":"Lazio","state_code":"62"},{"id":138610,"name":"Fontechiari","iso2":"IT","country_name":"Italy","state_name":"Lazio","state_code":"62"},{"id":138617,"name":"Forano","iso2":"IT","country_name":"Italy","state_name":"Lazio","state_code":"62"},{"id":138635,"name":"Formello","iso2":"IT","country_name":"Italy","state_name":"Lazio","state_code":"62"},{"id":138636,"name":"Formia","iso2":"IT","country_name":"Italy","state_name":"Lazio","state_code":"62"},{"id":138678,"name":"Fossignano","iso2":"IT","country_name":"Italy","state_name":"Lazio","state_code":"62"},{"id":138708,"name":"Frascati","iso2":"IT","country_name":"Italy","state_name":"Lazio","state_code":"62"},{"id":138717,"name":"Frasso Sabino","iso2":"IT","country_name":"Italy","state_name":"Lazio","state_code":"62"},{"id":138728,"name":"Fregene","iso2":"IT","country_name":"Italy","state_name":"Lazio","state_code":"62"},{"id":138741,"name":"Frosinone","iso2":"IT","country_name":"Italy","state_name":"Lazio","state_code":"62"},{"id":138750,"name":"Fumone","iso2":"IT","country_name":"Italy","state_name":"Lazio","state_code":"62"},{"id":138774,"name":"Gaeta","iso2":"IT","country_name":"Italy","state_name":"Lazio","state_code":"62"},{"id":138802,"name":"Gallese","iso2":"IT","country_name":"Italy","state_name":"Lazio","state_code":"62"},{"id":138808,"name":"Gallicano nel Lazio","iso2":"IT","country_name":"Italy","state_name":"Lazio","state_code":"62"},{"id":138811,"name":"Gallinaro","iso2":"IT","country_name":"Italy","state_name":"Lazio","state_code":"62"},{"id":138877,"name":"Gavignano","iso2":"IT","country_name":"Italy","state_name":"Lazio","state_code":"62"},{"id":138895,"name":"Genazzano","iso2":"IT","country_name":"Italy","state_name":"Lazio","state_code":"62"},{"id":138897,"name":"Genio Civile","iso2":"IT","country_name":"Italy","state_name":"Lazio","state_code":"62"},{"id":138904,"name":"Genzano di Roma","iso2":"IT","country_name":"Italy","state_name":"Lazio","state_code":"62"},{"id":138909,"name":"Gerano","iso2":"IT","country_name":"Italy","state_name":"Lazio","state_code":"62"},{"id":138981,"name":"Girardi-Bellavista-Terrazze","iso2":"IT","country_name":"Italy","state_name":"Lazio","state_code":"62"},{"id":138990,"name":"Giulianello","iso2":"IT","country_name":"Italy","state_name":"Lazio","state_code":"62"},{"id":138992,"name":"Giuliano di Roma","iso2":"IT","country_name":"Italy","state_name":"Lazio","state_code":"62"},{"id":139026,"name":"Gorga","iso2":"IT","country_name":"Italy","state_name":"Lazio","state_code":"62"},{"id":139052,"name":"Gradoli","iso2":"IT","country_name":"Italy","state_name":"Lazio","state_code":"62"},{"id":139054,"name":"Graffignano","iso2":"IT","country_name":"Italy","state_name":"Lazio","state_code":"62"},{"id":139120,"name":"Grottaferrata","iso2":"IT","country_name":"Italy","state_name":"Lazio","state_code":"62"},{"id":139127,"name":"Grotte di Castro","iso2":"IT","country_name":"Italy","state_name":"Lazio","state_code":"62"},{"id":139126,"name":"Grotte Santo Stefano","iso2":"IT","country_name":"Italy","state_name":"Lazio","state_code":"62"},{"id":139143,"name":"Grunuovo-Campomaggiore San Luca","iso2":"IT","country_name":"Italy","state_name":"Lazio","state_code":"62"},{"id":139152,"name":"Guarcino","iso2":"IT","country_name":"Italy","state_name":"Lazio","state_code":"62"},{"id":139178,"name":"Guidonia","iso2":"IT","country_name":"Italy","state_name":"Lazio","state_code":"62"},{"id":139179,"name":"Guidonia Montecelio","iso2":"IT","country_name":"Italy","state_name":"Lazio","state_code":"62"},{"id":139229,"name":"Ischia di Castro","iso2":"IT","country_name":"Italy","state_name":"Lazio","state_code":"62"},{"id":139246,"name":"Isola del Liri","iso2":"IT","country_name":"Italy","state_name":"Lazio","state_code":"62"},{"id":139268,"name":"Itri","iso2":"IT","country_name":"Italy","state_name":"Lazio","state_code":"62"},{"id":139275,"name":"Jenne","iso2":"IT","country_name":"Italy","state_name":"Lazio","state_code":"62"},{"id":139286,"name":"La Botte","iso2":"IT","country_name":"Italy","state_name":"Lazio","state_code":"62"},{"id":139291,"name":"La Forma","iso2":"IT","country_name":"Italy","state_name":"Lazio","state_code":"62"},{"id":139296,"name":"La Massimina-Casal Lumbroso","iso2":"IT","country_name":"Italy","state_name":"Lazio","state_code":"62"},{"id":139310,"name":"Labico","iso2":"IT","country_name":"Italy","state_name":"Lazio","state_code":"62"},{"id":139311,"name":"Labro","iso2":"IT","country_name":"Italy","state_name":"Lazio","state_code":"62"},{"id":139318,"name":"Ladispoli","iso2":"IT","country_name":"Italy","state_name":"Lazio","state_code":"62"},{"id":139322,"name":"Laghetto","iso2":"IT","country_name":"Italy","state_name":"Lazio","state_code":"62"},{"id":139361,"name":"Lanuvio","iso2":"IT","country_name":"Italy","state_name":"Lazio","state_code":"62"},{"id":139375,"name":"Lariano","iso2":"IT","country_name":"Italy","state_name":"Lazio","state_code":"62"},{"id":139386,"name":"Latera","iso2":"IT","country_name":"Italy","state_name":"Lazio","state_code":"62"},{"id":139390,"name":"Latina","iso2":"IT","country_name":"Italy","state_name":"Lazio","state_code":"62"},{"id":139391,"name":"Latina Scalo","iso2":"IT","country_name":"Italy","state_name":"Lazio","state_code":"62"},{"id":139417,"name":"Lavinio","iso2":"IT","country_name":"Italy","state_name":"Lazio","state_code":"62"},{"id":139426,"name":"Le Forna","iso2":"IT","country_name":"Italy","state_name":"Lazio","state_code":"62"},{"id":139429,"name":"Le Rughe","iso2":"IT","country_name":"Italy","state_name":"Lazio","state_code":"62"},{"id":139448,"name":"Lenola","iso2":"IT","country_name":"Italy","state_name":"Lazio","state_code":"62"},{"id":139456,"name":"Leonessa","iso2":"IT","country_name":"Italy","state_name":"Lazio","state_code":"62"},{"id":139496,"name":"Licenza","iso2":"IT","country_name":"Italy","state_name":"Lazio","state_code":"62"},{"id":139504,"name":"Lido dei Pini","iso2":"IT","country_name":"Italy","state_name":"Lazio","state_code":"62"},{"id":139507,"name":"Lido di Ostia","iso2":"IT","country_name":"Italy","state_name":"Lazio","state_code":"62"},{"id":139524,"name":"Limiti di Greccio","iso2":"IT","country_name":"Italy","state_name":"Lazio","state_code":"62"},{"id":139599,"name":"Longone Sabino","iso2":"IT","country_name":"Italy","state_name":"Lazio","state_code":"62"},{"id":139628,"name":"Lubriano","iso2":"IT","country_name":"Italy","state_name":"Lazio","state_code":"62"},{"id":139688,"name":"Maccarese","iso2":"IT","country_name":"Italy","state_name":"Lazio","state_code":"62"},{"id":139699,"name":"Macere","iso2":"IT","country_name":"Italy","state_name":"Lazio","state_code":"62"},{"id":139713,"name":"Maenza","iso2":"IT","country_name":"Italy","state_name":"Lazio","state_code":"62"},{"id":139726,"name":"Magliano Romano","iso2":"IT","country_name":"Italy","state_name":"Lazio","state_code":"62"},{"id":139727,"name":"Magliano Sabina","iso2":"IT","country_name":"Italy","state_name":"Lazio","state_code":"62"},{"id":139786,"name":"Mandela","iso2":"IT","country_name":"Italy","state_name":"Lazio","state_code":"62"},{"id":139808,"name":"Mantiglia di Ardea","iso2":"IT","country_name":"Italy","state_name":"Lazio","state_code":"62"},{"id":139813,"name":"Manziana","iso2":"IT","country_name":"Italy","state_name":"Lazio","state_code":"62"},{"id":139821,"name":"Marano Equo","iso2":"IT","country_name":"Italy","state_name":"Lazio","state_code":"62"},{"id":139830,"name":"Maranola-Trivio","iso2":"IT","country_name":"Italy","state_name":"Lazio","state_code":"62"},{"id":139838,"name":"Marcellina","iso2":"IT","country_name":"Italy","state_name":"Lazio","state_code":"62"},{"id":139841,"name":"Marcetelli","iso2":"IT","country_name":"Italy","state_name":"Lazio","state_code":"62"},{"id":139853,"name":"Marco Simone","iso2":"IT","country_name":"Italy","state_name":"Lazio","state_code":"62"},{"id":139877,"name":"Marina di Ardea-Tor San Lorenzo","iso2":"IT","country_name":"Italy","state_name":"Lazio","state_code":"62"},{"id":139883,"name":"Marina di Cerveteri","iso2":"IT","country_name":"Italy","state_name":"Lazio","state_code":"62"},{"id":139874,"name":"Marina San Nicola","iso2":"IT","country_name":"Italy","state_name":"Lazio","state_code":"62"},{"id":139900,"name":"Marino","iso2":"IT","country_name":"Italy","state_name":"Lazio","state_code":"62"},{"id":139925,"name":"Marta","iso2":"IT","country_name":"Italy","state_name":"Lazio","state_code":"62"},{"id":140006,"name":"Mazzano Romano","iso2":"IT","country_name":"Italy","state_name":"Lazio","state_code":"62"},{"id":140065,"name":"Mentana","iso2":"IT","country_name":"Italy","state_name":"Lazio","state_code":"62"},{"id":140130,"name":"Micigliano","iso2":"IT","country_name":"Italy","state_name":"Lazio","state_code":"62"},{"id":140162,"name":"Minturno","iso2":"IT","country_name":"Italy","state_name":"Lazio","state_code":"62"},{"id":140212,"name":"Molella","iso2":"IT","country_name":"Italy","state_name":"Lazio","state_code":"62"},{"id":140246,"name":"Mompeo","iso2":"IT","country_name":"Italy","state_name":"Lazio","state_code":"62"},{"id":140336,"name":"Montalto di Castro","iso2":"IT","country_name":"Italy","state_name":"Lazio","state_code":"62"},{"id":140348,"name":"Montasola","iso2":"IT","country_name":"Italy","state_name":"Lazio","state_code":"62"},{"id":140353,"name":"Monte Caminetto","iso2":"IT","country_name":"Italy","state_name":"Lazio","state_code":"62"},{"id":140362,"name":"Monte Migliore La Selvotta","iso2":"IT","country_name":"Italy","state_name":"Lazio","state_code":"62"},{"id":140364,"name":"Monte Porzio Catone","iso2":"IT","country_name":"Italy","state_name":"Lazio","state_code":"62"},{"id":140367,"name":"Monte Romano","iso2":"IT","country_name":"Italy","state_name":"Lazio","state_code":"62"},{"id":140368,"name":"Monte San Biagio","iso2":"IT","country_name":"Italy","state_name":"Lazio","state_code":"62"},{"id":140371,"name":"Monte San Giovanni Campano","iso2":"IT","country_name":"Italy","state_name":"Lazio","state_code":"62"},{"id":140372,"name":"Monte San Giovanni in Sabina","iso2":"IT","country_name":"Italy","state_name":"Lazio","state_code":"62"},{"id":140374,"name":"Monte San Marino","iso2":"IT","country_name":"Italy","state_name":"Lazio","state_code":"62"},{"id":140394,"name":"Montebuono","iso2":"IT","country_name":"Italy","state_name":"Lazio","state_code":"62"},{"id":140413,"name":"Montecelio","iso2":"IT","country_name":"Italy","state_name":"Lazio","state_code":"62"},{"id":140419,"name":"Montecompatri","iso2":"IT","country_name":"Italy","state_name":"Lazio","state_code":"62"},{"id":140437,"name":"Montefiascone","iso2":"IT","country_name":"Italy","state_name":"Lazio","state_code":"62"},{"id":140442,"name":"Monteflavio","iso2":"IT","country_name":"Italy","state_name":"Lazio","state_code":"62"},{"id":140464,"name":"Montelanico","iso2":"IT","country_name":"Italy","state_name":"Lazio","state_code":"62"},{"id":140466,"name":"Montelarco","iso2":"IT","country_name":"Italy","state_name":"Lazio","state_code":"62"},{"id":140468,"name":"Monteleone Sabino","iso2":"IT","country_name":"Italy","state_name":"Lazio","state_code":"62"},{"id":140475,"name":"Montelibretti","iso2":"IT","country_name":"Italy","state_name":"Lazio","state_code":"62"},{"id":140501,"name":"Montenero Sabino","iso2":"IT","country_name":"Italy","state_name":"Lazio","state_code":"62"},{"id":140521,"name":"Monterosi","iso2":"IT","country_name":"Italy","state_name":"Lazio","state_code":"62"},{"id":140526,"name":"Monterotondo","iso2":"IT","country_name":"Italy","state_name":"Lazio","state_code":"62"},{"id":140581,"name":"Montopoli in Sabina","iso2":"IT","country_name":"Italy","state_name":"Lazio","state_code":"62"},{"id":140585,"name":"Montorio Romano","iso2":"IT","country_name":"Italy","state_name":"Lazio","state_code":"62"},{"id":140617,"name":"Moricone","iso2":"IT","country_name":"Italy","state_name":"Lazio","state_code":"62"},{"id":140622,"name":"Morlupo","iso2":"IT","country_name":"Italy","state_name":"Lazio","state_code":"62"},{"id":140629,"name":"Morolo","iso2":"IT","country_name":"Italy","state_name":"Lazio","state_code":"62"},{"id":140632,"name":"Morro Reatino","iso2":"IT","country_name":"Italy","state_name":"Lazio","state_code":"62"},{"id":140733,"name":"Nazzano","iso2":"IT","country_name":"Italy","state_name":"Lazio","state_code":"62"},{"id":140740,"name":"Nemi","iso2":"IT","country_name":"Italy","state_name":"Lazio","state_code":"62"},{"id":140744,"name":"Nepi","iso2":"IT","country_name":"Italy","state_name":"Lazio","state_code":"62"},{"id":140747,"name":"Nerola","iso2":"IT","country_name":"Italy","state_name":"Lazio","state_code":"62"},{"id":140750,"name":"Nespolo","iso2":"IT","country_name":"Italy","state_name":"Lazio","state_code":"62"},{"id":140753,"name":"Nettuno","iso2":"IT","country_name":"Italy","state_name":"Lazio","state_code":"62"},{"id":140808,"name":"Norma","iso2":"IT","country_name":"Italy","state_name":"Lazio","state_code":"62"},{"id":140889,"name":"Olevano Romano","iso2":"IT","country_name":"Italy","state_name":"Lazio","state_code":"62"},{"id":140920,"name":"Onano","iso2":"IT","country_name":"Italy","state_name":"Lazio","state_code":"62"},{"id":140959,"name":"Oriolo Romano","iso2":"IT","country_name":"Italy","state_name":"Lazio","state_code":"62"},{"id":140981,"name":"Orte","iso2":"IT","country_name":"Italy","state_name":"Lazio","state_code":"62"},{"id":140982,"name":"Orte Scalo","iso2":"IT","country_name":"Italy","state_name":"Lazio","state_code":"62"},{"id":140995,"name":"Orvinio","iso2":"IT","country_name":"Italy","state_name":"Lazio","state_code":"62"},{"id":141036,"name":"Osteria Nuova","iso2":"IT","country_name":"Italy","state_name":"Lazio","state_code":"62"},{"id":58202,"name":"Paganico Sabino","iso2":"IT","country_name":"Italy","state_name":"Lazio","state_code":"62"},{"id":58241,"name":"Palestrina","iso2":"IT","country_name":"Italy","state_name":"Lazio","state_code":"62"},{"id":58243,"name":"Paliano","iso2":"IT","country_name":"Italy","state_name":"Lazio","state_code":"62"},{"id":58263,"name":"Palombara Sabina","iso2":"IT","country_name":"Italy","state_name":"Lazio","state_code":"62"},{"id":58299,"name":"Parco Leonardo","iso2":"IT","country_name":"Italy","state_name":"Lazio","state_code":"62"},{"id":58335,"name":"Passoscuro","iso2":"IT","country_name":"Italy","state_name":"Lazio","state_code":"62"},{"id":58337,"name":"Pastena","iso2":"IT","country_name":"Italy","state_name":"Lazio","state_code":"62"},{"id":58348,"name":"Patrica","iso2":"IT","country_name":"Italy","state_name":"Lazio","state_code":"62"},{"id":58362,"name":"Pavona","iso2":"IT","country_name":"Italy","state_name":"Lazio","state_code":"62"},{"id":58401,"name":"Penitro","iso2":"IT","country_name":"Italy","state_name":"Lazio","state_code":"62"},{"id":58414,"name":"Percile","iso2":"IT","country_name":"Italy","state_name":"Lazio","state_code":"62"},{"id":58458,"name":"Pescia Romana","iso2":"IT","country_name":"Italy","state_name":"Lazio","state_code":"62"},{"id":58465,"name":"Pescorocchiano","iso2":"IT","country_name":"Italy","state_name":"Lazio","state_code":"62"},{"id":58467,"name":"Pescosolido","iso2":"IT","country_name":"Italy","state_name":"Lazio","state_code":"62"},{"id":58479,"name":"Petrella Salto","iso2":"IT","country_name":"Italy","state_name":"Lazio","state_code":"62"},{"id":58551,"name":"Piansano","iso2":"IT","country_name":"Italy","state_name":"Lazio","state_code":"62"},{"id":58581,"name":"Picinisco","iso2":"IT","country_name":"Italy","state_name":"Lazio","state_code":"62"},{"id":58582,"name":"Pico","iso2":"IT","country_name":"Italy","state_name":"Lazio","state_code":"62"},{"id":58591,"name":"Piedimonte San Germano","iso2":"IT","country_name":"Italy","state_name":"Lazio","state_code":"62"},{"id":58592,"name":"Piedimonte San Germano Alta","iso2":"IT","country_name":"Italy","state_name":"Lazio","state_code":"62"},{"id":58659,"name":"Piglio","iso2":"IT","country_name":"Italy","state_name":"Lazio","state_code":"62"},{"id":58661,"name":"Pignataro Interamna","iso2":"IT","country_name":"Italy","state_name":"Lazio","state_code":"62"},{"id":58712,"name":"Pisoniano","iso2":"IT","country_name":"Italy","state_name":"Lazio","state_code":"62"},{"id":58746,"name":"Pofi","iso2":"IT","country_name":"Italy","state_name":"Lazio","state_code":"62"},{"id":58752,"name":"Poggio Bustone","iso2":"IT","country_name":"Italy","state_name":"Lazio","state_code":"62"},{"id":58753,"name":"Poggio Catino","iso2":"IT","country_name":"Italy","state_name":"Lazio","state_code":"62"},{"id":58754,"name":"Poggio Ellera","iso2":"IT","country_name":"Italy","state_name":"Lazio","state_code":"62"},{"id":58756,"name":"Poggio Mirteto","iso2":"IT","country_name":"Italy","state_name":"Lazio","state_code":"62"},{"id":58757,"name":"Poggio Moiano","iso2":"IT","country_name":"Italy","state_name":"Lazio","state_code":"62"},{"id":58758,"name":"Poggio Nativo","iso2":"IT","country_name":"Italy","state_name":"Lazio","state_code":"62"},{"id":58762,"name":"Poggio San Lorenzo","iso2":"IT","country_name":"Italy","state_name":"Lazio","state_code":"62"},{"id":58786,"name":"Poli","iso2":"IT","country_name":"Italy","state_name":"Lazio","state_code":"62"},{"id":58815,"name":"Pomezia","iso2":"IT","country_name":"Italy","state_name":"Lazio","state_code":"62"},{"id":58840,"name":"Ponte Galeria-La Pisana","iso2":"IT","country_name":"Italy","state_name":"Lazio","state_code":"62"},{"id":58866,"name":"Pontecorvo","iso2":"IT","country_name":"Italy","state_name":"Lazio","state_code":"62"},{"id":58888,"name":"Pontinia","iso2":"IT","country_name":"Italy","state_name":"Lazio","state_code":"62"},{"id":58892,"name":"Ponton dell'Elce","iso2":"IT","country_name":"Italy","state_name":"Lazio","state_code":"62"},{"id":58894,"name":"Ponza","iso2":"IT","country_name":"Italy","state_name":"Lazio","state_code":"62"},{"id":58897,"name":"Ponzano Romano","iso2":"IT","country_name":"Italy","state_name":"Lazio","state_code":"62"},{"id":58958,"name":"Posta","iso2":"IT","country_name":"Italy","state_name":"Lazio","state_code":"62"},{"id":58959,"name":"Posta Fibreno","iso2":"IT","country_name":"Italy","state_name":"Lazio","state_code":"62"},{"id":58975,"name":"Pozzaglia Sabino","iso2":"IT","country_name":"Italy","state_name":"Lazio","state_code":"62"},{"id":59032,"name":"Prato di Coppola","iso2":"IT","country_name":"Italy","state_name":"Lazio","state_code":"62"},{"id":59083,"name":"Priverno","iso2":"IT","country_name":"Italy","state_name":"Lazio","state_code":"62"},{"id":59085,"name":"Proceno","iso2":"IT","country_name":"Italy","state_name":"Lazio","state_code":"62"},{"id":59094,"name":"Prossedi","iso2":"IT","country_name":"Italy","state_name":"Lazio","state_code":"62"},{"id":59133,"name":"Provincia di Frosinone","iso2":"IT","country_name":"Italy","state_name":"Lazio","state_code":"62"},{"id":59140,"name":"Provincia di Latina","iso2":"IT","country_name":"Italy","state_name":"Lazio","state_code":"62"},{"id":59169,"name":"Provincia di Rieti","iso2":"IT","country_name":"Italy","state_name":"Lazio","state_code":"62"},{"id":59190,"name":"Provincia di Viterbo","iso2":"IT","country_name":"Italy","state_name":"Lazio","state_code":"62"},{"id":59324,"name":"Regolelli","iso2":"IT","country_name":"Italy","state_name":"Lazio","state_code":"62"},{"id":59357,"name":"Riano","iso2":"IT","country_name":"Italy","state_name":"Lazio","state_code":"62"},{"id":59374,"name":"Rieti","iso2":"IT","country_name":"Italy","state_name":"Lazio","state_code":"62"},{"id":59377,"name":"Rignano Flaminio","iso2":"IT","country_name":"Italy","state_name":"Lazio","state_code":"62"},{"id":59391,"name":"Riofreddo","iso2":"IT","country_name":"Italy","state_name":"Lazio","state_code":"62"},{"id":59411,"name":"Ripi","iso2":"IT","country_name":"Italy","state_name":"Lazio","state_code":"62"},{"id":59440,"name":"Rivodutri","iso2":"IT","country_name":"Italy","state_name":"Lazio","state_code":"62"},{"id":59466,"name":"Rocca Canterano","iso2":"IT","country_name":"Italy","state_name":"Lazio","state_code":"62"},{"id":59482,"name":"Rocca d'Arce","iso2":"IT","country_name":"Italy","state_name":"Lazio","state_code":"62"},{"id":59486,"name":"Rocca di Cave","iso2":"IT","country_name":"Italy","state_name":"Lazio","state_code":"62"},{"id":59489,"name":"Rocca di Papa","iso2":"IT","country_name":"Italy","state_name":"Lazio","state_code":"62"},{"id":59472,"name":"Rocca Massima","iso2":"IT","country_name":"Italy","state_name":"Lazio","state_code":"62"},{"id":59475,"name":"Rocca Priora","iso2":"IT","country_name":"Italy","state_name":"Lazio","state_code":"62"},{"id":59479,"name":"Rocca Santo Stefano","iso2":"IT","country_name":"Italy","state_name":"Lazio","state_code":"62"},{"id":59480,"name":"Rocca Sinibalda","iso2":"IT","country_name":"Italy","state_name":"Lazio","state_code":"62"},{"id":59502,"name":"Roccagiovine","iso2":"IT","country_name":"Italy","state_name":"Lazio","state_code":"62"},{"id":59504,"name":"Roccagorga","iso2":"IT","country_name":"Italy","state_name":"Lazio","state_code":"62"},{"id":59512,"name":"Roccantica","iso2":"IT","country_name":"Italy","state_name":"Lazio","state_code":"62"},{"id":59519,"name":"Roccasecca","iso2":"IT","country_name":"Italy","state_name":"Lazio","state_code":"62"},{"id":59521,"name":"Roccasecca dei Volsci","iso2":"IT","country_name":"Italy","state_name":"Lazio","state_code":"62"},{"id":59520,"name":"Roccasecca Stazione","iso2":"IT","country_name":"Italy","state_name":"Lazio","state_code":"62"},{"id":59566,"name":"Roiate","iso2":"IT","country_name":"Italy","state_name":"Lazio","state_code":"62"},{"id":59582,"name":"Rome","iso2":"IT","country_name":"Italy","state_name":"Lazio","state_code":"62"},{"id":59599,"name":"Ronciglione","iso2":"IT","country_name":"Italy","state_name":"Lazio","state_code":"62"},{"id":59684,"name":"Roviano","iso2":"IT","country_name":"Italy","state_name":"Lazio","state_code":"62"},{"id":59711,"name":"Sabaudia","iso2":"IT","country_name":"Italy","state_name":"Lazio","state_code":"62"},{"id":59721,"name":"Sacrofano","iso2":"IT","country_name":"Italy","state_name":"Lazio","state_code":"62"},{"id":59774,"name":"Salisano","iso2":"IT","country_name":"Italy","state_name":"Lazio","state_code":"62"},{"id":59807,"name":"Sambuci","iso2":"IT","country_name":"Italy","state_name":"Lazio","state_code":"62"},{"id":59817,"name":"San Bartolomeo","iso2":"IT","country_name":"Italy","state_name":"Lazio","state_code":"62"},{"id":59842,"name":"San Biagio Saracinisco","iso2":"IT","country_name":"Italy","state_name":"Lazio","state_code":"62"},{"id":59863,"name":"San Cesareo","iso2":"IT","country_name":"Italy","state_name":"Lazio","state_code":"62"},{"id":59897,"name":"San Donato Val di Comino","iso2":"IT","country_name":"Italy","state_name":"Lazio","state_code":"62"},{"id":59909,"name":"San Felice Circeo","iso2":"IT","country_name":"Italy","state_name":"Lazio","state_code":"62"},{"id":59964,"name":"San Giorgio a Liri","iso2":"IT","country_name":"Italy","state_name":"Lazio","state_code":"62"},{"id":59985,"name":"San Giovanni Incarico","iso2":"IT","country_name":"Italy","state_name":"Lazio","state_code":"62"},{"id":60002,"name":"San Giovanni-Patoni","iso2":"IT","country_name":"Italy","state_name":"Lazio","state_code":"62"},{"id":60014,"name":"San Giuseppe le Prata-Cotropagno","iso2":"IT","country_name":"Italy","state_name":"Lazio","state_code":"62"},{"id":60023,"name":"San Gregorio da Sassola","iso2":"IT","country_name":"Italy","state_name":"Lazio","state_code":"62"},{"id":60043,"name":"San Lorenzo Nuovo","iso2":"IT","country_name":"Italy","state_name":"Lazio","state_code":"62"},{"id":60079,"name":"San Martino al Cimino","iso2":"IT","country_name":"Italy","state_name":"Lazio","state_code":"62"},{"id":60206,"name":"San Polo dei Cavalieri","iso2":"IT","country_name":"Italy","state_name":"Lazio","state_code":"62"},{"id":60277,"name":"San Vito Romano","iso2":"IT","country_name":"Italy","state_name":"Lazio","state_code":"62"},{"id":60288,"name":"San Vittore del Lazio","iso2":"IT","country_name":"Italy","state_name":"Lazio","state_code":"62"},{"id":60339,"name":"Sant'Ambrogio sul Garigliano","iso2":"IT","country_name":"Italy","state_name":"Lazio","state_code":"62"},{"id":60347,"name":"Sant'Andrea del Garigliano","iso2":"IT","country_name":"Italy","state_name":"Lazio","state_code":"62"},{"id":60371,"name":"Sant'Angelo in Villa-Giglio","iso2":"IT","country_name":"Italy","state_name":"Lazio","state_code":"62"},{"id":60361,"name":"Sant'Angelo Romano","iso2":"IT","country_name":"Italy","state_name":"Lazio","state_code":"62"},{"id":60385,"name":"Sant'Apollinare","iso2":"IT","country_name":"Italy","state_name":"Lazio","state_code":"62"},{"id":60397,"name":"Sant'Elia Fiumerapido","iso2":"IT","country_name":"Italy","state_name":"Lazio","state_code":"62"},{"id":60410,"name":"Sant'Oreste","iso2":"IT","country_name":"Italy","state_name":"Lazio","state_code":"62"},{"id":60446,"name":"Santa Lucia","iso2":"IT","country_name":"Italy","state_name":"Lazio","state_code":"62"},{"id":60484,"name":"Santa Marinella","iso2":"IT","country_name":"Italy","state_name":"Lazio","state_code":"62"},{"id":60489,"name":"Santa Rufina","iso2":"IT","country_name":"Italy","state_name":"Lazio","state_code":"62"},{"id":60509,"name":"Santi Cosma e Damiano","iso2":"IT","country_name":"Italy","state_name":"Lazio","state_code":"62"},{"id":60529,"name":"Santopadre","iso2":"IT","country_name":"Italy","state_name":"Lazio","state_code":"62"},{"id":60540,"name":"Saracinesco","iso2":"IT","country_name":"Italy","state_name":"Lazio","state_code":"62"},{"id":60566,"name":"Sassacci","iso2":"IT","country_name":"Italy","state_name":"Lazio","state_code":"62"},{"id":60620,"name":"Scandriglia","iso2":"IT","country_name":"Italy","state_name":"Lazio","state_code":"62"},{"id":60689,"name":"Segni","iso2":"IT","country_name":"Italy","state_name":"Lazio","state_code":"62"},{"id":60694,"name":"Selcetta","iso2":"IT","country_name":"Italy","state_name":"Lazio","state_code":"62"},{"id":60695,"name":"Selci","iso2":"IT","country_name":"Italy","state_name":"Lazio","state_code":"62"},{"id":60745,"name":"Sermoneta","iso2":"IT","country_name":"Italy","state_name":"Lazio","state_code":"62"},{"id":60783,"name":"Serrone","iso2":"IT","country_name":"Italy","state_name":"Lazio","state_code":"62"},{"id":60807,"name":"Settefrati","iso2":"IT","country_name":"Italy","state_name":"Lazio","state_code":"62"},{"id":60808,"name":"Setteville","iso2":"IT","country_name":"Italy","state_name":"Lazio","state_code":"62"},{"id":60824,"name":"Sezze","iso2":"IT","country_name":"Italy","state_name":"Lazio","state_code":"62"},{"id":60825,"name":"Sezze Scalo","iso2":"IT","country_name":"Italy","state_name":"Lazio","state_code":"62"},{"id":60832,"name":"Sgurgola","iso2":"IT","country_name":"Italy","state_name":"Lazio","state_code":"62"},{"id":60941,"name":"Sonnino","iso2":"IT","country_name":"Italy","state_name":"Lazio","state_code":"62"},{"id":60944,"name":"Sora","iso2":"IT","country_name":"Italy","state_name":"Lazio","state_code":"62"},{"id":60960,"name":"Soriano nel Cimino","iso2":"IT","country_name":"Italy","state_name":"Lazio","state_code":"62"},{"id":60998,"name":"Sperlonga","iso2":"IT","country_name":"Italy","state_name":"Lazio","state_code":"62"},{"id":61008,"name":"Spigno Saturnia Inferiore","iso2":"IT","country_name":"Italy","state_name":"Lazio","state_code":"62"},{"id":61009,"name":"Spigno Saturnia Superiore","iso2":"IT","country_name":"Italy","state_name":"Lazio","state_code":"62"},{"id":61076,"name":"Stimigliano","iso2":"IT","country_name":"Italy","state_name":"Lazio","state_code":"62"},{"id":61089,"name":"Strangolagalli","iso2":"IT","country_name":"Italy","state_name":"Lazio","state_code":"62"},{"id":61109,"name":"Subiaco","iso2":"IT","country_name":"Italy","state_name":"Lazio","state_code":"62"},{"id":61124,"name":"Supino","iso2":"IT","country_name":"Italy","state_name":"Lazio","state_code":"62"},{"id":61133,"name":"Sutri","iso2":"IT","country_name":"Italy","state_name":"Lazio","state_code":"62"},{"id":61162,"name":"Tarano","iso2":"IT","country_name":"Italy","state_name":"Lazio","state_code":"62"},{"id":61167,"name":"Tarquinia","iso2":"IT","country_name":"Italy","state_name":"Lazio","state_code":"62"},{"id":61200,"name":"Tecchiena","iso2":"IT","country_name":"Italy","state_name":"Lazio","state_code":"62"},{"id":61219,"name":"Terelle","iso2":"IT","country_name":"Italy","state_name":"Lazio","state_code":"62"},{"id":61235,"name":"Terracina","iso2":"IT","country_name":"Italy","state_name":"Lazio","state_code":"62"},{"id":61262,"name":"Tessennano","iso2":"IT","country_name":"Italy","state_name":"Lazio","state_code":"62"},{"id":61288,"name":"Tivoli","iso2":"IT","country_name":"Italy","state_name":"Lazio","state_code":"62"},{"id":61296,"name":"Toffia","iso2":"IT","country_name":"Italy","state_name":"Lazio","state_code":"62"},{"id":61299,"name":"Tolfa","iso2":"IT","country_name":"Italy","state_name":"Lazio","state_code":"62"},{"id":61314,"name":"Tor Lupara","iso2":"IT","country_name":"Italy","state_name":"Lazio","state_code":"62"},{"id":61351,"name":"Torre Caietani","iso2":"IT","country_name":"Italy","state_name":"Lazio","state_code":"62"},{"id":61396,"name":"Torri in Sabina","iso2":"IT","country_name":"Italy","state_name":"Lazio","state_code":"62"},{"id":61398,"name":"Torrice","iso2":"IT","country_name":"Italy","state_name":"Lazio","state_code":"62"},{"id":61404,"name":"Torricella in Sabina","iso2":"IT","country_name":"Italy","state_name":"Lazio","state_code":"62"},{"id":61409,"name":"Torrita Tiberina","iso2":"IT","country_name":"Italy","state_name":"Lazio","state_code":"62"},{"id":61419,"name":"Torvaianica","iso2":"IT","country_name":"Italy","state_name":"Lazio","state_code":"62"},{"id":61420,"name":"Torvaianica Alta","iso2":"IT","country_name":"Italy","state_name":"Lazio","state_code":"62"},{"id":61429,"name":"Tragliatella Campitello","iso2":"IT","country_name":"Italy","state_name":"Lazio","state_code":"62"},{"id":61502,"name":"Trevi nel Lazio","iso2":"IT","country_name":"Italy","state_name":"Lazio","state_code":"62"},{"id":61506,"name":"Trevignano Romano","iso2":"IT","country_name":"Italy","state_name":"Lazio","state_code":"62"},{"id":61541,"name":"Trivigliano","iso2":"IT","country_name":"Italy","state_name":"Lazio","state_code":"62"},{"id":61570,"name":"Turania","iso2":"IT","country_name":"Italy","state_name":"Lazio","state_code":"62"},{"id":61581,"name":"Tuscania","iso2":"IT","country_name":"Italy","state_name":"Lazio","state_code":"62"},{"id":61625,"name":"Vacone","iso2":"IT","country_name":"Italy","state_name":"Lazio","state_code":"62"},{"id":61648,"name":"Valcanneto","iso2":"IT","country_name":"Italy","state_name":"Lazio","state_code":"62"},{"id":61662,"name":"Valentano","iso2":"IT","country_name":"Italy","state_name":"Lazio","state_code":"62"},{"id":61688,"name":"Valle Martella","iso2":"IT","country_name":"Italy","state_name":"Lazio","state_code":"62"},{"id":61693,"name":"Valle Santa","iso2":"IT","country_name":"Italy","state_name":"Lazio","state_code":"62"},{"id":61702,"name":"Vallecorsa","iso2":"IT","country_name":"Italy","state_name":"Lazio","state_code":"62"},{"id":61711,"name":"Vallemaio","iso2":"IT","country_name":"Italy","state_name":"Lazio","state_code":"62"},{"id":61712,"name":"Vallepietra","iso2":"IT","country_name":"Italy","state_name":"Lazio","state_code":"62"},{"id":61713,"name":"Vallerano","iso2":"IT","country_name":"Italy","state_name":"Lazio","state_code":"62"},{"id":61715,"name":"Vallerotonda","iso2":"IT","country_name":"Italy","state_name":"Lazio","state_code":"62"},{"id":61721,"name":"Vallinfreda","iso2":"IT","country_name":"Italy","state_name":"Lazio","state_code":"62"},{"id":61732,"name":"Valmontone","iso2":"IT","country_name":"Italy","state_name":"Lazio","state_code":"62"},{"id":61765,"name":"Varco Sabino","iso2":"IT","country_name":"Italy","state_name":"Lazio","state_code":"62"},{"id":61778,"name":"Vasanello","iso2":"IT","country_name":"Italy","state_name":"Lazio","state_code":"62"},{"id":61798,"name":"Vejano","iso2":"IT","country_name":"Italy","state_name":"Lazio","state_code":"62"},{"id":61802,"name":"Velletri","iso2":"IT","country_name":"Italy","state_name":"Lazio","state_code":"62"},{"id":61828,"name":"Ventotene","iso2":"IT","country_name":"Italy","state_name":"Lazio","state_code":"62"},{"id":61862,"name":"Veroli","iso2":"IT","country_name":"Italy","state_name":"Lazio","state_code":"62"},{"id":61890,"name":"Vetralla","iso2":"IT","country_name":"Italy","state_name":"Lazio","state_code":"62"},{"id":61909,"name":"Vicalvi","iso2":"IT","country_name":"Italy","state_name":"Lazio","state_code":"62"},{"id":61919,"name":"Vico nel Lazio","iso2":"IT","country_name":"Italy","state_name":"Lazio","state_code":"62"},{"id":61926,"name":"Vicovaro","iso2":"IT","country_name":"Italy","state_name":"Lazio","state_code":"62"},{"id":61958,"name":"Vignanello","iso2":"IT","country_name":"Italy","state_name":"Lazio","state_code":"62"},{"id":61984,"name":"Villa Adriana","iso2":"IT","country_name":"Italy","state_name":"Lazio","state_code":"62"},{"id":62002,"name":"Villa Latina","iso2":"IT","country_name":"Italy","state_name":"Lazio","state_code":"62"},{"id":62018,"name":"Villa San Giovanni in Tuscia","iso2":"IT","country_name":"Italy","state_name":"Lazio","state_code":"62"},{"id":62024,"name":"Villa Santa Lucia","iso2":"IT","country_name":"Italy","state_name":"Lazio","state_code":"62"},{"id":62028,"name":"Villa Santo Stefano","iso2":"IT","country_name":"Italy","state_name":"Lazio","state_code":"62"},{"id":62077,"name":"Villalba","iso2":"IT","country_name":"Italy","state_name":"Lazio","state_code":"62"},{"id":62095,"name":"Villanova","iso2":"IT","country_name":"Italy","state_name":"Lazio","state_code":"62"},{"id":62179,"name":"Viterbo","iso2":"IT","country_name":"Italy","state_name":"Lazio","state_code":"62"},{"id":62180,"name":"Viticuso","iso2":"IT","country_name":"Italy","state_name":"Lazio","state_code":"62"},{"id":62182,"name":"Vitinia","iso2":"IT","country_name":"Italy","state_name":"Lazio","state_code":"62"},{"id":62183,"name":"Vitorchiano","iso2":"IT","country_name":"Italy","state_name":"Lazio","state_code":"62"},{"id":62191,"name":"Vivaro Romano","iso2":"IT","country_name":"Italy","state_name":"Lazio","state_code":"62"},{"id":62231,"name":"Zagarolo","iso2":"IT","country_name":"Italy","state_name":"Lazio","state_code":"62"},{"id":62248,"name":"Zepponami","iso2":"IT","country_name":"Italy","state_name":"Lazio","state_code":"62"}]