[{"id":135252,"name":"Accumoli","state_id":1678,"state_code":"62","state_name":"Lazio","country_id":107,"country_code":"IT","country_name":"Italy"},{"id":135261,"name":"Acilia-Castel Fusano-Ostia Antica","state_id":1678,"state_code":"62","state_name":"Lazio","country_id":107,"country_code":"IT","country_name":"Italy"},{"id":135264,"name":"Acquafondata","state_id":1678,"state_code":"62","state_name":"Lazio","country_id":107,"country_code":"IT","country_name":"Italy"},{"id":135270,"name":"Acquapendente","state_id":1678,"state_code":"62","state_name":"Lazio","country_id":107,"country_code":"IT","country_name":"Italy"},{"id":135285,"name":"Acuto","state_id":1678,"state_code":"62","state_name":"Lazio","country_id":107,"country_code":"IT","country_name":"Italy"},{"id":135293,"name":"Affile","state_id":1678,"state_code":"62","state_name":"Lazio","country_id":107,"country_code":"IT","country_name":"Italy"},{"id":135313,"name":"Agosta","state_id":1678,"state_code":"62","state_name":"Lazio","country_id":107,"country_code":"IT","country_name":"Italy"},{"id":135345,"name":"Alatri","state_id":1678,"state_code":"62","state_name":"Lazio","country_id":107,"country_code":"IT","country_name":"Italy"},{"id":135351,"name":"Albano Laziale","state_id":1678,"state_code":"62","state_name":"Lazio","country_id":107,"country_code":"IT","country_name":"Italy"},{"id":135386,"name":"Albuccione","state_id":1678,"state_code":"62","state_name":"Lazio","country_id":107,"country_code":"IT","country_name":"Italy"},{"id":135419,"name":"Allumiere","state_id":1678,"state_code":"62","state_name":"Lazio","country_id":107,"country_code":"IT","country_name":"Italy"},{"id":135449,"name":"Alvito","state_id":1678,"state_code":"62","state_name":"Lazio","country_id":107,"country_code":"IT","country_name":"Italy"},{"id":135461,"name":"Amaseno","state_id":1678,"state_code":"62","state_name":"Lazio","country_id":107,"country_code":"IT","country_name":"Italy"},{"id":135463,"name":"Amatrice","state_id":1678,"state_code":"62","state_name":"Lazio","country_id":107,"country_code":"IT","country_name":"Italy"},{"id":135476,"name":"Anagni","state_id":1678,"state_code":"62","state_name":"Lazio","country_id":107,"country_code":"IT","country_name":"Italy"},{"id":135502,"name":"Anguillara Sabazia","state_id":1678,"state_code":"62","state_name":"Lazio","country_id":107,"country_code":"IT","country_name":"Italy"},{"id":135504,"name":"Anitrella-Chiaiamari","state_id":1678,"state_code":"62","state_name":"Lazio","country_id":107,"country_code":"IT","country_name":"Italy"},{"id":135517,"name":"Anticoli Corrado","state_id":1678,"state_code":"62","state_name":"Lazio","country_id":107,"country_code":"IT","country_name":"Italy"},{"id":135521,"name":"Antrodoco","state_id":1678,"state_code":"62","state_name":"Lazio","country_id":107,"country_code":"IT","country_name":"Italy"},{"id":135527,"name":"Anzio","state_id":1678,"state_code":"62","state_name":"Lazio","country_id":107,"country_code":"IT","country_name":"Italy"},{"id":135542,"name":"Aprilia","state_id":1678,"state_code":"62","state_name":"Lazio","country_id":107,"country_code":"IT","country_name":"Italy"},{"id":135547,"name":"Aquino","state_id":1678,"state_code":"62","state_name":"Lazio","country_id":107,"country_code":"IT","country_name":"Italy"},{"id":135548,"name":"Ara Nova","state_id":1678,"state_code":"62","state_name":"Lazio","country_id":107,"country_code":"IT","country_name":"Italy"},{"id":135561,"name":"Arce","state_id":1678,"state_code":"62","state_name":"Lazio","country_id":107,"country_code":"IT","country_name":"Italy"},{"id":135566,"name":"Arci-Empolitana","state_id":1678,"state_code":"62","state_name":"Lazio","country_id":107,"country_code":"IT","country_name":"Italy"},{"id":135568,"name":"Arcinazzo Romano","state_id":1678,"state_code":"62","state_name":"Lazio","country_id":107,"country_code":"IT","country_name":"Italy"},{"id":135578,"name":"Ardea","state_id":1678,"state_code":"62","state_name":"Lazio","country_id":107,"country_code":"IT","country_name":"Italy"},{"id":135584,"name":"Area Produttiva","state_id":1678,"state_code":"62","state_name":"Lazio","country_id":107,"country_code":"IT","country_name":"Italy"},{"id":135601,"name":"Ariccia","state_id":1678,"state_code":"62","state_name":"Lazio","country_id":107,"country_code":"IT","country_name":"Italy"},{"id":135610,"name":"Arlena di Castro","state_id":1678,"state_code":"62","state_name":"Lazio","country_id":107,"country_code":"IT","country_name":"Italy"},{"id":135615,"name":"Armetta","state_id":1678,"state_code":"62","state_name":"Lazio","country_id":107,"country_code":"IT","country_name":"Italy"},{"id":135619,"name":"Arnara","state_id":1678,"state_code":"62","state_name":"Lazio","country_id":107,"country_code":"IT","country_name":"Italy"},{"id":135628,"name":"Arpino","state_id":1678,"state_code":"62","state_name":"Lazio","country_id":107,"country_code":"IT","country_name":"Italy"},{"id":135640,"name":"Arsoli","state_id":1678,"state_code":"62","state_name":"Lazio","country_id":107,"country_code":"IT","country_name":"Italy"},{"id":135643,"name":"Artena","state_id":1678,"state_code":"62","state_name":"Lazio","country_id":107,"country_code":"IT","country_name":"Italy"},{"id":135657,"name":"Ascrea","state_id":1678,"state_code":"62","state_name":"Lazio","country_id":107,"country_code":"IT","country_name":"Italy"},{"id":135676,"name":"Atina","state_id":1678,"state_code":"62","state_name":"Lazio","country_id":107,"country_code":"IT","country_name":"Italy"},{"id":135677,"name":"Atina Inferiore","state_id":1678,"state_code":"62","state_name":"Lazio","country_id":107,"country_code":"IT","country_name":"Italy"},{"id":135689,"name":"Aurelia","state_id":1678,"state_code":"62","state_name":"Lazio","country_id":107,"country_code":"IT","country_name":"Italy"},{"id":135694,"name":"Ausonia","state_id":1678,"state_code":"62","state_name":"Lazio","country_id":107,"country_code":"IT","country_name":"Italy"},{"id":135758,"name":"Bagni di Tivoli","state_id":1678,"state_code":"62","state_name":"Lazio","country_id":107,"country_code":"IT","country_name":"Italy"},{"id":135775,"name":"Bagnoregio","state_id":1678,"state_code":"62","state_name":"Lazio","country_id":107,"country_code":"IT","country_name":"Italy"},{"id":135820,"name":"Barbarano Romano","state_id":1678,"state_code":"62","state_name":"Lazio","country_id":107,"country_code":"IT","country_name":"Italy"},{"id":135894,"name":"Bassano in Teverina","state_id":1678,"state_code":"62","state_name":"Lazio","country_id":107,"country_code":"IT","country_name":"Italy"},{"id":135892,"name":"Bassano Romano","state_id":1678,"state_code":"62","state_name":"Lazio","country_id":107,"country_code":"IT","country_name":"Italy"},{"id":135895,"name":"Bassiano","state_id":1678,"state_code":"62","state_name":"Lazio","country_id":107,"country_code":"IT","country_name":"Italy"},{"id":135935,"name":"Bella Farnia","state_id":1678,"state_code":"62","state_name":"Lazio","country_id":107,"country_code":"IT","country_name":"Italy"},{"id":135942,"name":"Bellegra","state_id":1678,"state_code":"62","state_name":"Lazio","country_id":107,"country_code":"IT","country_name":"Italy"},{"id":135952,"name":"Belmonte Castello","state_id":1678,"state_code":"62","state_name":"Lazio","country_id":107,"country_code":"IT","country_name":"Italy"},{"id":135956,"name":"Belmonte in Sabina","state_id":1678,"state_code":"62","state_name":"Lazio","country_id":107,"country_code":"IT","country_name":"Italy"},{"id":136074,"name":"Bivio di Capanelle","state_id":1678,"state_code":"62","state_name":"Lazio","country_id":107,"country_code":"IT","country_name":"Italy"},{"id":136072,"name":"Bivio San Polo","state_id":1678,"state_code":"62","state_name":"Lazio","country_id":107,"country_code":"IT","country_name":"Italy"},{"id":136080,"name":"Blera","state_id":1678,"state_code":"62","state_name":"Lazio","country_id":107,"country_code":"IT","country_name":"Italy"},{"id":136113,"name":"Bolsena","state_id":1678,"state_code":"62","state_name":"Lazio","country_id":107,"country_code":"IT","country_name":"Italy"},{"id":136118,"name":"Bomarzo","state_id":1678,"state_code":"62","state_name":"Lazio","country_id":107,"country_code":"IT","country_name":"Italy"},{"id":136145,"name":"Borbona","state_id":1678,"state_code":"62","state_name":"Lazio","country_id":107,"country_code":"IT","country_name":"Italy"},{"id":136172,"name":"Borgo Grappa","state_id":1678,"state_code":"62","state_name":"Lazio","country_id":107,"country_code":"IT","country_name":"Italy"},{"id":136173,"name":"Borgo Hermada","state_id":1678,"state_code":"62","state_name":"Lazio","country_id":107,"country_code":"IT","country_name":"Italy"},{"id":136174,"name":"Borgo Lotti","state_id":1678,"state_code":"62","state_name":"Lazio","country_id":107,"country_code":"IT","country_name":"Italy"},{"id":136178,"name":"Borgo Podgora","state_id":1678,"state_code":"62","state_name":"Lazio","country_id":107,"country_code":"IT","country_name":"Italy"},{"id":136180,"name":"Borgo Sabotino-Foce Verde","state_id":1678,"state_code":"62","state_name":"Lazio","country_id":107,"country_code":"IT","country_name":"Italy"},{"id":136186,"name":"Borgo San Michele","state_id":1678,"state_code":"62","state_name":"Lazio","country_id":107,"country_code":"IT","country_name":"Italy"},{"id":136195,"name":"Borgo Velino","state_id":1678,"state_code":"62","state_name":"Lazio","country_id":107,"country_code":"IT","country_name":"Italy"},{"id":136216,"name":"Borgorose","state_id":1678,"state_code":"62","state_name":"Lazio","country_id":107,"country_code":"IT","country_name":"Italy"},{"id":136271,"name":"Boville Ernica","state_id":1678,"state_code":"62","state_name":"Lazio","country_id":107,"country_code":"IT","country_name":"Italy"},{"id":136281,"name":"Bracciano","state_id":1678,"state_code":"62","state_name":"Lazio","country_id":107,"country_code":"IT","country_name":"Italy"},{"id":136345,"name":"Broccostella","state_id":1678,"state_code":"62","state_name":"Lazio","country_id":107,"country_code":"IT","country_name":"Italy"},{"id":136480,"name":"Caira","state_id":1678,"state_code":"62","state_name":"Lazio","country_id":107,"country_code":"IT","country_name":"Italy"},{"id":136500,"name":"Calcata Nuova","state_id":1678,"state_code":"62","state_name":"Lazio","country_id":107,"country_code":"IT","country_name":"Italy"},{"id":136581,"name":"Camerata Nuova","state_id":1678,"state_code":"62","state_name":"Lazio","country_id":107,"country_code":"IT","country_name":"Italy"},{"id":136587,"name":"Camilleri-Vallelata","state_id":1678,"state_code":"62","state_name":"Lazio","country_id":107,"country_code":"IT","country_name":"Italy"},{"id":136601,"name":"Campagnano di Roma","state_id":1678,"state_code":"62","state_name":"Lazio","country_id":107,"country_code":"IT","country_name":"Italy"},{"id":136634,"name":"Campo di Carne","state_id":1678,"state_code":"62","state_name":"Lazio","country_id":107,"country_code":"IT","country_name":"Italy"},{"id":136628,"name":"Campo Jemini","state_id":1678,"state_code":"62","state_name":"Lazio","country_id":107,"country_code":"IT","country_name":"Italy"},{"id":136630,"name":"Campo Limpido-Favale","state_id":1678,"state_code":"62","state_name":"Lazio","country_id":107,"country_code":"IT","country_name":"Italy"},{"id":136646,"name":"Campodimele","state_id":1678,"state_code":"62","state_name":"Lazio","country_id":107,"country_code":"IT","country_name":"Italy"},{"id":136659,"name":"Campoleone","state_id":1678,"state_code":"62","state_name":"Lazio","country_id":107,"country_code":"IT","country_name":"Italy"},{"id":136660,"name":"Campoli Appennino","state_id":1678,"state_code":"62","state_name":"Lazio","country_id":107,"country_code":"IT","country_name":"Italy"},{"id":136688,"name":"Canale Monterano","state_id":1678,"state_code":"62","state_name":"Lazio","country_id":107,"country_code":"IT","country_name":"Italy"},{"id":136709,"name":"Canepina","state_id":1678,"state_code":"62","state_name":"Lazio","country_id":107,"country_code":"IT","country_name":"Italy"},{"id":136714,"name":"Canino","state_id":1678,"state_code":"62","state_name":"Lazio","country_id":107,"country_code":"IT","country_name":"Italy"},{"id":136739,"name":"Cantalice","state_id":1678,"state_code":"62","state_name":"Lazio","country_id":107,"country_code":"IT","country_name":"Italy"},{"id":136743,"name":"Cantalupo in Sabina","state_id":1678,"state_code":"62","state_name":"Lazio","country_id":107,"country_code":"IT","country_name":"Italy"},{"id":136747,"name":"Canterano","state_id":1678,"state_code":"62","state_name":"Lazio","country_id":107,"country_code":"IT","country_name":"Italy"},{"id":136763,"name":"Capena","state_id":1678,"state_code":"62","state_name":"Lazio","country_id":107,"country_code":"IT","country_name":"Italy"},{"id":136781,"name":"Capodimonte","state_id":1678,"state_code":"62","state_name":"Lazio","country_id":107,"country_code":"IT","country_name":"Italy"},{"id":136801,"name":"Capranica","state_id":1678,"state_code":"62","state_name":"Lazio","country_id":107,"country_code":"IT","country_name":"Italy"},{"id":136802,"name":"Capranica Prenestina","state_id":1678,"state_code":"62","state_name":"Lazio","country_id":107,"country_code":"IT","country_name":"Italy"},{"id":136805,"name":"Caprarola","state_id":1678,"state_code":"62","state_name":"Lazio","country_id":107,"country_code":"IT","country_name":"Italy"},{"id":136844,"name":"Carbognano","state_id":1678,"state_code":"62","state_name":"Lazio","country_id":107,"country_code":"IT","country_name":"Italy"},{"id":136855,"name":"Carchitti","state_id":1678,"state_code":"62","state_name":"Lazio","country_id":107,"country_code":"IT","country_name":"Italy"},{"id":136918,"name":"Carpineto Romano","state_id":1678,"state_code":"62","state_name":"Lazio","country_id":107,"country_code":"IT","country_name":"Italy"},{"id":136926,"name":"Carrara-Pontenuovo","state_id":1678,"state_code":"62","state_name":"Lazio","country_id":107,"country_code":"IT","country_name":"Italy"},{"id":136937,"name":"Cartiera-Stazione","state_id":1678,"state_code":"62","state_name":"Lazio","country_id":107,"country_code":"IT","country_name":"Italy"},{"id":136958,"name":"Casal Palocco","state_id":1678,"state_code":"62","state_name":"Lazio","country_id":107,"country_code":"IT","country_name":"Italy"},{"id":136962,"name":"Casalattico","state_id":1678,"state_code":"62","state_name":"Lazio","country_id":107,"country_code":"IT","country_name":"Italy"},{"id":136963,"name":"Casalazzara","state_id":1678,"state_code":"62","state_name":"Lazio","country_id":107,"country_code":"IT","country_name":"Italy"},{"id":136993,"name":"Casali","state_id":1678,"state_code":"62","state_name":"Lazio","country_id":107,"country_code":"IT","country_name":"Italy"},{"id":137012,"name":"Casalvieri","state_id":1678,"state_code":"62","state_name":"Lazio","country_id":107,"country_code":"IT","country_name":"Italy"},{"id":137025,"name":"Casape","state_id":1678,"state_code":"62","state_name":"Lazio","country_id":107,"country_code":"IT","country_name":"Italy"},{"id":137028,"name":"Casaprota","state_id":1678,"state_code":"62","state_name":"Lazio","country_id":107,"country_code":"IT","country_name":"Italy"},{"id":137054,"name":"Case Campoli-Panetta","state_id":1678,"state_code":"62","state_name":"Lazio","country_id":107,"country_code":"IT","country_name":"Italy"},{"id":137091,"name":"Casperia","state_id":1678,"state_code":"62","state_name":"Lazio","country_id":107,"country_code":"IT","country_name":"Italy"},{"id":137112,"name":"Cassino","state_id":1678,"state_code":"62","state_name":"Lazio","country_id":107,"country_code":"IT","country_name":"Italy"},{"id":137134,"name":"Castel Chiodato","state_id":1678,"state_code":"62","state_name":"Lazio","country_id":107,"country_code":"IT","country_name":"Italy"},{"id":137175,"name":"Castel di Tora","state_id":1678,"state_code":"62","state_name":"Lazio","country_id":107,"country_code":"IT","country_name":"Italy"},{"id":137137,"name":"Castel Fusano","state_id":1678,"state_code":"62","state_name":"Lazio","country_id":107,"country_code":"IT","country_name":"Italy"},{"id":137139,"name":"Castel Gandolfo","state_id":1678,"state_code":"62","state_name":"Lazio","country_id":107,"country_code":"IT","country_name":"Italy"},{"id":137143,"name":"Castel Madama","state_id":1678,"state_code":"62","state_name":"Lazio","country_id":107,"country_code":"IT","country_name":"Italy"},{"id":137154,"name":"Castel San Pietro Romano","state_id":1678,"state_code":"62","state_name":"Lazio","country_id":107,"country_code":"IT","country_name":"Italy"},{"id":137157,"name":"Castel Sant'Angelo","state_id":1678,"state_code":"62","state_name":"Lazio","country_id":107,"country_code":"IT","country_name":"Italy"},{"id":137158,"name":"Castel Sant'Elia","state_id":1678,"state_code":"62","state_name":"Lazio","country_id":107,"country_code":"IT","country_name":"Italy"},{"id":137195,"name":"Castelforte","state_id":1678,"state_code":"62","state_name":"Lazio","country_id":107,"country_code":"IT","country_name":"Italy"},{"id":137250,"name":"Castelliri","state_id":1678,"state_code":"62","state_name":"Lazio","country_id":107,"country_code":"IT","country_name":"Italy"},{"id":137271,"name":"Castelmassimo","state_id":1678,"state_code":"62","state_name":"Lazio","country_id":107,"country_code":"IT","country_name":"Italy"},{"id":137301,"name":"Castelnuovo di Farfa","state_id":1678,"state_code":"62","state_name":"Lazio","country_id":107,"country_code":"IT","country_name":"Italy"},{"id":137303,"name":"Castelnuovo di Porto","state_id":1678,"state_code":"62","state_name":"Lazio","country_id":107,"country_code":"IT","country_name":"Italy"},{"id":137292,"name":"Castelnuovo Parano","state_id":1678,"state_code":"62","state_name":"Lazio","country_id":107,"country_code":"IT","country_name":"Italy"},{"id":137358,"name":"Castiglione in Teverina","state_id":1678,"state_code":"62","state_name":"Lazio","country_id":107,"country_code":"IT","country_name":"Italy"},{"id":137377,"name":"Castro dei Volsci","state_id":1678,"state_code":"62","state_name":"Lazio","country_id":107,"country_code":"IT","country_name":"Italy"},{"id":137379,"name":"Castrocielo","state_id":1678,"state_code":"62","state_name":"Lazio","country_id":107,"country_code":"IT","country_name":"Italy"},{"id":137430,"name":"Cave","state_id":1678,"state_code":"62","state_name":"Lazio","country_id":107,"country_code":"IT","country_name":"Italy"},{"id":137450,"name":"Ceccano","state_id":1678,"state_code":"62","state_name":"Lazio","country_id":107,"country_code":"IT","country_name":"Italy"},{"id":137451,"name":"Cecchina","state_id":1678,"state_code":"62","state_name":"Lazio","country_id":107,"country_code":"IT","country_name":"Italy"},{"id":137477,"name":"Celleno","state_id":1678,"state_code":"62","state_name":"Lazio","country_id":107,"country_code":"IT","country_name":"Italy"},{"id":137478,"name":"Cellere","state_id":1678,"state_code":"62","state_name":"Lazio","country_id":107,"country_code":"IT","country_name":"Italy"},{"id":137510,"name":"Ceprano","state_id":1678,"state_code":"62","state_name":"Lazio","country_id":107,"country_code":"IT","country_name":"Italy"},{"id":137559,"name":"Cerquotti-Madonna del Piano","state_id":1678,"state_code":"62","state_name":"Lazio","country_id":107,"country_code":"IT","country_name":"Italy"},{"id":137565,"name":"Cerreto Laziale","state_id":1678,"state_code":"62","state_name":"Lazio","country_id":107,"country_code":"IT","country_name":"Italy"},{"id":137582,"name":"Cervara di Roma","state_id":1678,"state_code":"62","state_name":"Lazio","country_id":107,"country_code":"IT","country_name":"Italy"},{"id":137584,"name":"Cervaro","state_id":1678,"state_code":"62","state_name":"Lazio","country_id":107,"country_code":"IT","country_name":"Italy"},{"id":137590,"name":"Cerveteri","state_id":1678,"state_code":"62","state_name":"Lazio","country_id":107,"country_code":"IT","country_name":"Italy"},{"id":137604,"name":"Cesano","state_id":1678,"state_code":"62","state_name":"Lazio","country_id":107,"country_code":"IT","country_name":"Italy"},{"id":137701,"name":"Ciampino","state_id":1678,"state_code":"62","state_name":"Lazio","country_id":107,"country_code":"IT","country_name":"Italy"},{"id":137711,"name":"Ciciliano","state_id":1678,"state_code":"62","state_name":"Lazio","country_id":107,"country_code":"IT","country_name":"Italy"},{"id":137730,"name":"Cineto Romano","state_id":1678,"state_code":"62","state_name":"Lazio","country_id":107,"country_code":"IT","country_name":"Italy"},{"id":137762,"name":"Cisterna di Latina","state_id":1678,"state_code":"62","state_name":"Lazio","country_id":107,"country_code":"IT","country_name":"Italy"},{"id":137776,"name":"Città metropolitana di Roma Capitale","state_id":1678,"state_code":"62","state_name":"Lazio","country_id":107,"country_code":"IT","country_name":"Italy"},{"id":137767,"name":"Cittaducale","state_id":1678,"state_code":"62","state_name":"Lazio","country_id":107,"country_code":"IT","country_name":"Italy"},{"id":137769,"name":"Cittareale","state_id":1678,"state_code":"62","state_name":"Lazio","country_id":107,"country_code":"IT","country_name":"Italy"},{"id":137786,"name":"Civita Castellana","state_id":1678,"state_code":"62","state_name":"Lazio","country_id":107,"country_code":"IT","country_name":"Italy"},{"id":137794,"name":"Civitavecchia","state_id":1678,"state_code":"62","state_name":"Lazio","country_id":107,"country_code":"IT","country_name":"Italy"},{"id":137801,"name":"Civitella d'Agliano","state_id":1678,"state_code":"62","state_name":"Lazio","country_id":107,"country_code":"IT","country_name":"Italy"},{"id":137800,"name":"Civitella San Paolo","state_id":1678,"state_code":"62","state_name":"Lazio","country_id":107,"country_code":"IT","country_name":"Italy"},{"id":137849,"name":"Coldragone","state_id":1678,"state_code":"62","state_name":"Lazio","country_id":107,"country_code":"IT","country_name":"Italy"},{"id":137856,"name":"Collalto Sabino","state_id":1678,"state_code":"62","state_name":"Lazio","country_id":107,"country_code":"IT","country_name":"Italy"},{"id":137860,"name":"Colle Campano-Scrima","state_id":1678,"state_code":"62","state_name":"Lazio","country_id":107,"country_code":"IT","country_name":"Italy"},{"id":137870,"name":"Colle del Pino","state_id":1678,"state_code":"62","state_name":"Lazio","country_id":107,"country_code":"IT","country_name":"Italy"},{"id":137871,"name":"Colle di Fuori","state_id":1678,"state_code":"62","state_name":"Lazio","country_id":107,"country_code":"IT","country_name":"Italy"},{"id":137872,"name":"Colle di Tora","state_id":1678,"state_code":"62","state_name":"Lazio","country_id":107,"country_code":"IT","country_name":"Italy"},{"id":137862,"name":"Colle Mainello","state_id":1678,"state_code":"62","state_name":"Lazio","country_id":107,"country_code":"IT","country_name":"Italy"},{"id":137863,"name":"Colle San Magno","state_id":1678,"state_code":"62","state_name":"Lazio","country_id":107,"country_code":"IT","country_name":"Italy"},{"id":137866,"name":"Colle Spina","state_id":1678,"state_code":"62","state_name":"Lazio","country_id":107,"country_code":"IT","country_name":"Italy"},{"id":137868,"name":"Colle Verde","state_id":1678,"state_code":"62","state_name":"Lazio","country_id":107,"country_code":"IT","country_name":"Italy"},{"id":137880,"name":"Colleferro","state_id":1678,"state_code":"62","state_name":"Lazio","country_id":107,"country_code":"IT","country_name":"Italy"},{"id":137881,"name":"Collefontana-Fontana Liri Inferiore","state_id":1678,"state_code":"62","state_name":"Lazio","country_id":107,"country_code":"IT","country_name":"Italy"},{"id":137882,"name":"Collegiove","state_id":1678,"state_code":"62","state_name":"Lazio","country_id":107,"country_code":"IT","country_name":"Italy"},{"id":137886,"name":"Collepardo","state_id":1678,"state_code":"62","state_name":"Lazio","country_id":107,"country_code":"IT","country_name":"Italy"},{"id":137896,"name":"Collevecchio","state_id":1678,"state_code":"62","state_name":"Lazio","country_id":107,"country_code":"IT","country_name":"Italy"},{"id":137897,"name":"Colleverde II","state_id":1678,"state_code":"62","state_name":"Lazio","country_id":107,"country_code":"IT","country_name":"Italy"},{"id":137900,"name":"Colli di Enea","state_id":1678,"state_code":"62","state_name":"Lazio","country_id":107,"country_code":"IT","country_name":"Italy"},{"id":137901,"name":"Colli sul Velino","state_id":1678,"state_code":"62","state_name":"Lazio","country_id":107,"country_code":"IT","country_name":"Italy"},{"id":137922,"name":"Colonna","state_id":1678,"state_code":"62","state_name":"Lazio","country_id":107,"country_code":"IT","country_name":"Italy"},{"id":137929,"name":"Colubro","state_id":1678,"state_code":"62","state_name":"Lazio","country_id":107,"country_code":"IT","country_name":"Italy"},{"id":137956,"name":"Concerviano","state_id":1678,"state_code":"62","state_name":"Lazio","country_id":107,"country_code":"IT","country_name":"Italy"},{"id":137968,"name":"Configni","state_id":1678,"state_code":"62","state_name":"Lazio","country_id":107,"country_code":"IT","country_name":"Italy"},{"id":137978,"name":"Contigliano","state_id":1678,"state_code":"62","state_name":"Lazio","country_id":107,"country_code":"IT","country_name":"Italy"},{"id":137998,"name":"Corchiano","state_id":1678,"state_code":"62","state_name":"Lazio","country_id":107,"country_code":"IT","country_name":"Italy"},{"id":138000,"name":"Corcolle","state_id":1678,"state_code":"62","state_name":"Lazio","country_id":107,"country_code":"IT","country_name":"Italy"},{"id":138007,"name":"Coreno Ausonio","state_id":1678,"state_code":"62","state_name":"Lazio","country_id":107,"country_code":"IT","country_name":"Italy"},{"id":138010,"name":"Cori","state_id":1678,"state_code":"62","state_name":"Lazio","country_id":107,"country_code":"IT","country_name":"Italy"},{"id":138074,"name":"Corvaro","state_id":1678,"state_code":"62","state_name":"Lazio","country_id":107,"country_code":"IT","country_name":"Italy"},{"id":138107,"name":"Costaroni","state_id":1678,"state_code":"62","state_name":"Lazio","country_id":107,"country_code":"IT","country_name":"Italy"},{"id":138113,"name":"Cottanello","state_id":1678,"state_code":"62","state_name":"Lazio","country_id":107,"country_code":"IT","country_name":"Italy"},{"id":138150,"name":"Cretone","state_id":1678,"state_code":"62","state_name":"Lazio","country_id":107,"country_code":"IT","country_name":"Italy"},{"id":138384,"name":"Esperia","state_id":1678,"state_code":"62","state_name":"Lazio","country_id":107,"country_code":"IT","country_name":"Italy"},{"id":138394,"name":"Fabrica di Roma","state_id":1678,"state_code":"62","state_name":"Lazio","country_id":107,"country_code":"IT","country_name":"Italy"},{"id":138418,"name":"Faleria","state_id":1678,"state_code":"62","state_name":"Lazio","country_id":107,"country_code":"IT","country_name":"Italy"},{"id":138425,"name":"Falvaterra","state_id":1678,"state_code":"62","state_name":"Lazio","country_id":107,"country_code":"IT","country_name":"Italy"},{"id":138443,"name":"Fara in Sabina","state_id":1678,"state_code":"62","state_name":"Lazio","country_id":107,"country_code":"IT","country_name":"Italy"},{"id":138449,"name":"Farnese","state_id":1678,"state_code":"62","state_name":"Lazio","country_id":107,"country_code":"IT","country_name":"Italy"},{"id":138480,"name":"Ferentino","state_id":1678,"state_code":"62","state_name":"Lazio","country_id":107,"country_code":"IT","country_name":"Italy"},{"id":138499,"name":"Fiamignano","state_id":1678,"state_code":"62","state_name":"Lazio","country_id":107,"country_code":"IT","country_name":"Italy"},{"id":138501,"name":"Fiano Romano","state_id":1678,"state_code":"62","state_name":"Lazio","country_id":107,"country_code":"IT","country_name":"Italy"},{"id":138521,"name":"Filacciano","state_id":1678,"state_code":"62","state_name":"Lazio","country_id":107,"country_code":"IT","country_name":"Italy"},{"id":138526,"name":"Filettino","state_id":1678,"state_code":"62","state_name":"Lazio","country_id":107,"country_code":"IT","country_name":"Italy"},{"id":138546,"name":"Fiuggi","state_id":1678,"state_code":"62","state_name":"Lazio","country_id":107,"country_code":"IT","country_name":"Italy"},{"id":138555,"name":"Fiumicino-Isola Sacra","state_id":1678,"state_code":"62","state_name":"Lazio","country_id":107,"country_code":"IT","country_name":"Italy"},{"id":138571,"name":"Focene","state_id":1678,"state_code":"62","state_name":"Lazio","country_id":107,"country_code":"IT","country_name":"Italy"},{"id":138588,"name":"Fondi","state_id":1678,"state_code":"62","state_name":"Lazio","country_id":107,"country_code":"IT","country_name":"Italy"},{"id":138610,"name":"Fontechiari","state_id":1678,"state_code":"62","state_name":"Lazio","country_id":107,"country_code":"IT","country_name":"Italy"},{"id":138617,"name":"Forano","state_id":1678,"state_code":"62","state_name":"Lazio","country_id":107,"country_code":"IT","country_name":"Italy"},{"id":138635,"name":"Formello","state_id":1678,"state_code":"62","state_name":"Lazio","country_id":107,"country_code":"IT","country_name":"Italy"},{"id":138636,"name":"Formia","state_id":1678,"state_code":"62","state_name":"Lazio","country_id":107,"country_code":"IT","country_name":"Italy"},{"id":138678,"name":"Fossignano","state_id":1678,"state_code":"62","state_name":"Lazio","country_id":107,"country_code":"IT","country_name":"Italy"},{"id":138708,"name":"Frascati","state_id":1678,"state_code":"62","state_name":"Lazio","country_id":107,"country_code":"IT","country_name":"Italy"},{"id":138717,"name":"Frasso Sabino","state_id":1678,"state_code":"62","state_name":"Lazio","country_id":107,"country_code":"IT","country_name":"Italy"},{"id":138728,"name":"Fregene","state_id":1678,"state_code":"62","state_name":"Lazio","country_id":107,"country_code":"IT","country_name":"Italy"},{"id":138741,"name":"Frosinone","state_id":1678,"state_code":"62","state_name":"Lazio","country_id":107,"country_code":"IT","country_name":"Italy"},{"id":138750,"name":"Fumone","state_id":1678,"state_code":"62","state_name":"Lazio","country_id":107,"country_code":"IT","country_name":"Italy"},{"id":138774,"name":"Gaeta","state_id":1678,"state_code":"62","state_name":"Lazio","country_id":107,"country_code":"IT","country_name":"Italy"},{"id":138802,"name":"Gallese","state_id":1678,"state_code":"62","state_name":"Lazio","country_id":107,"country_code":"IT","country_name":"Italy"},{"id":138808,"name":"Gallicano nel Lazio","state_id":1678,"state_code":"62","state_name":"Lazio","country_id":107,"country_code":"IT","country_name":"Italy"},{"id":138811,"name":"Gallinaro","state_id":1678,"state_code":"62","state_name":"Lazio","country_id":107,"country_code":"IT","country_name":"Italy"},{"id":138877,"name":"Gavignano","state_id":1678,"state_code":"62","state_name":"Lazio","country_id":107,"country_code":"IT","country_name":"Italy"},{"id":138895,"name":"Genazzano","state_id":1678,"state_code":"62","state_name":"Lazio","country_id":107,"country_code":"IT","country_name":"Italy"},{"id":138897,"name":"Genio Civile","state_id":1678,"state_code":"62","state_name":"Lazio","country_id":107,"country_code":"IT","country_name":"Italy"},{"id":138904,"name":"Genzano di Roma","state_id":1678,"state_code":"62","state_name":"Lazio","country_id":107,"country_code":"IT","country_name":"Italy"},{"id":138909,"name":"Gerano","state_id":1678,"state_code":"62","state_name":"Lazio","country_id":107,"country_code":"IT","country_name":"Italy"},{"id":138981,"name":"Girardi-Bellavista-Terrazze","state_id":1678,"state_code":"62","state_name":"Lazio","country_id":107,"country_code":"IT","country_name":"Italy"},{"id":138990,"name":"Giulianello","state_id":1678,"state_code":"62","state_name":"Lazio","country_id":107,"country_code":"IT","country_name":"Italy"},{"id":138992,"name":"Giuliano di Roma","state_id":1678,"state_code":"62","state_name":"Lazio","country_id":107,"country_code":"IT","country_name":"Italy"},{"id":139026,"name":"Gorga","state_id":1678,"state_code":"62","state_name":"Lazio","country_id":107,"country_code":"IT","country_name":"Italy"},{"id":139052,"name":"Gradoli","state_id":1678,"state_code":"62","state_name":"Lazio","country_id":107,"country_code":"IT","country_name":"Italy"},{"id":139054,"name":"Graffignano","state_id":1678,"state_code":"62","state_name":"Lazio","country_id":107,"country_code":"IT","country_name":"Italy"},{"id":139120,"name":"Grottaferrata","state_id":1678,"state_code":"62","state_name":"Lazio","country_id":107,"country_code":"IT","country_name":"Italy"},{"id":139127,"name":"Grotte di Castro","state_id":1678,"state_code":"62","state_name":"Lazio","country_id":107,"country_code":"IT","country_name":"Italy"},{"id":139126,"name":"Grotte Santo Stefano","state_id":1678,"state_code":"62","state_name":"Lazio","country_id":107,"country_code":"IT","country_name":"Italy"},{"id":139143,"name":"Grunuovo-Campomaggiore San Luca","state_id":1678,"state_code":"62","state_name":"Lazio","country_id":107,"country_code":"IT","country_name":"Italy"},{"id":139152,"name":"Guarcino","state_id":1678,"state_code":"62","state_name":"Lazio","country_id":107,"country_code":"IT","country_name":"Italy"},{"id":139178,"name":"Guidonia","state_id":1678,"state_code":"62","state_name":"Lazio","country_id":107,"country_code":"IT","country_name":"Italy"},{"id":139179,"name":"Guidonia Montecelio","state_id":1678,"state_code":"62","state_name":"Lazio","country_id":107,"country_code":"IT","country_name":"Italy"},{"id":139229,"name":"Ischia di Castro","state_id":1678,"state_code":"62","state_name":"Lazio","country_id":107,"country_code":"IT","country_name":"Italy"},{"id":139246,"name":"Isola del Liri","state_id":1678,"state_code":"62","state_name":"Lazio","country_id":107,"country_code":"IT","country_name":"Italy"},{"id":139268,"name":"Itri","state_id":1678,"state_code":"62","state_name":"Lazio","country_id":107,"country_code":"IT","country_name":"Italy"},{"id":139275,"name":"Jenne","state_id":1678,"state_code":"62","state_name":"Lazio","country_id":107,"country_code":"IT","country_name":"Italy"},{"id":139286,"name":"La Botte","state_id":1678,"state_code":"62","state_name":"Lazio","country_id":107,"country_code":"IT","country_name":"Italy"},{"id":139291,"name":"La Forma","state_id":1678,"state_code":"62","state_name":"Lazio","country_id":107,"country_code":"IT","country_name":"Italy"},{"id":139296,"name":"La Massimina-Casal Lumbroso","state_id":1678,"state_code":"62","state_name":"Lazio","country_id":107,"country_code":"IT","country_name":"Italy"},{"id":139310,"name":"Labico","state_id":1678,"state_code":"62","state_name":"Lazio","country_id":107,"country_code":"IT","country_name":"Italy"},{"id":139311,"name":"Labro","state_id":1678,"state_code":"62","state_name":"Lazio","country_id":107,"country_code":"IT","country_name":"Italy"},{"id":139318,"name":"Ladispoli","state_id":1678,"state_code":"62","state_name":"Lazio","country_id":107,"country_code":"IT","country_name":"Italy"},{"id":139322,"name":"Laghetto","state_id":1678,"state_code":"62","state_name":"Lazio","country_id":107,"country_code":"IT","country_name":"Italy"},{"id":139361,"name":"Lanuvio","state_id":1678,"state_code":"62","state_name":"Lazio","country_id":107,"country_code":"IT","country_name":"Italy"},{"id":139375,"name":"Lariano","state_id":1678,"state_code":"62","state_name":"Lazio","country_id":107,"country_code":"IT","country_name":"Italy"},{"id":139386,"name":"Latera","state_id":1678,"state_code":"62","state_name":"Lazio","country_id":107,"country_code":"IT","country_name":"Italy"},{"id":139390,"name":"Latina","state_id":1678,"state_code":"62","state_name":"Lazio","country_id":107,"country_code":"IT","country_name":"Italy"},{"id":139391,"name":"Latina Scalo","state_id":1678,"state_code":"62","state_name":"Lazio","country_id":107,"country_code":"IT","country_name":"Italy"},{"id":139417,"name":"Lavinio","state_id":1678,"state_code":"62","state_name":"Lazio","country_id":107,"country_code":"IT","country_name":"Italy"},{"id":139426,"name":"Le Forna","state_id":1678,"state_code":"62","state_name":"Lazio","country_id":107,"country_code":"IT","country_name":"Italy"},{"id":139429,"name":"Le Rughe","state_id":1678,"state_code":"62","state_name":"Lazio","country_id":107,"country_code":"IT","country_name":"Italy"},{"id":139448,"name":"Lenola","state_id":1678,"state_code":"62","state_name":"Lazio","country_id":107,"country_code":"IT","country_name":"Italy"},{"id":139456,"name":"Leonessa","state_id":1678,"state_code":"62","state_name":"Lazio","country_id":107,"country_code":"IT","country_name":"Italy"},{"id":139496,"name":"Licenza","state_id":1678,"state_code":"62","state_name":"Lazio","country_id":107,"country_code":"IT","country_name":"Italy"},{"id":139504,"name":"Lido dei Pini","state_id":1678,"state_code":"62","state_name":"Lazio","country_id":107,"country_code":"IT","country_name":"Italy"},{"id":139507,"name":"Lido di Ostia","state_id":1678,"state_code":"62","state_name":"Lazio","country_id":107,"country_code":"IT","country_name":"Italy"},{"id":139524,"name":"Limiti di Greccio","state_id":1678,"state_code":"62","state_name":"Lazio","country_id":107,"country_code":"IT","country_name":"Italy"},{"id":139599,"name":"Longone Sabino","state_id":1678,"state_code":"62","state_name":"Lazio","country_id":107,"country_code":"IT","country_name":"Italy"},{"id":139628,"name":"Lubriano","state_id":1678,"state_code":"62","state_name":"Lazio","country_id":107,"country_code":"IT","country_name":"Italy"},{"id":139688,"name":"Maccarese","state_id":1678,"state_code":"62","state_name":"Lazio","country_id":107,"country_code":"IT","country_name":"Italy"},{"id":139699,"name":"Macere","state_id":1678,"state_code":"62","state_name":"Lazio","country_id":107,"country_code":"IT","country_name":"Italy"},{"id":139713,"name":"Maenza","state_id":1678,"state_code":"62","state_name":"Lazio","country_id":107,"country_code":"IT","country_name":"Italy"},{"id":139726,"name":"Magliano Romano","state_id":1678,"state_code":"62","state_name":"Lazio","country_id":107,"country_code":"IT","country_name":"Italy"},{"id":139727,"name":"Magliano Sabina","state_id":1678,"state_code":"62","state_name":"Lazio","country_id":107,"country_code":"IT","country_name":"Italy"},{"id":139786,"name":"Mandela","state_id":1678,"state_code":"62","state_name":"Lazio","country_id":107,"country_code":"IT","country_name":"Italy"},{"id":139808,"name":"Mantiglia di Ardea","state_id":1678,"state_code":"62","state_name":"Lazio","country_id":107,"country_code":"IT","country_name":"Italy"},{"id":139813,"name":"Manziana","state_id":1678,"state_code":"62","state_name":"Lazio","country_id":107,"country_code":"IT","country_name":"Italy"},{"id":139821,"name":"Marano Equo","state_id":1678,"state_code":"62","state_name":"Lazio","country_id":107,"country_code":"IT","country_name":"Italy"},{"id":139830,"name":"Maranola-Trivio","state_id":1678,"state_code":"62","state_name":"Lazio","country_id":107,"country_code":"IT","country_name":"Italy"},{"id":139838,"name":"Marcellina","state_id":1678,"state_code":"62","state_name":"Lazio","country_id":107,"country_code":"IT","country_name":"Italy"},{"id":139841,"name":"Marcetelli","state_id":1678,"state_code":"62","state_name":"Lazio","country_id":107,"country_code":"IT","country_name":"Italy"},{"id":139853,"name":"Marco Simone","state_id":1678,"state_code":"62","state_name":"Lazio","country_id":107,"country_code":"IT","country_name":"Italy"},{"id":139877,"name":"Marina di Ardea-Tor San Lorenzo","state_id":1678,"state_code":"62","state_name":"Lazio","country_id":107,"country_code":"IT","country_name":"Italy"},{"id":139883,"name":"Marina di Cerveteri","state_id":1678,"state_code":"62","state_name":"Lazio","country_id":107,"country_code":"IT","country_name":"Italy"},{"id":139874,"name":"Marina San Nicola","state_id":1678,"state_code":"62","state_name":"Lazio","country_id":107,"country_code":"IT","country_name":"Italy"},{"id":139900,"name":"Marino","state_id":1678,"state_code":"62","state_name":"Lazio","country_id":107,"country_code":"IT","country_name":"Italy"},{"id":139925,"name":"Marta","state_id":1678,"state_code":"62","state_name":"Lazio","country_id":107,"country_code":"IT","country_name":"Italy"},{"id":140006,"name":"Mazzano Romano","state_id":1678,"state_code":"62","state_name":"Lazio","country_id":107,"country_code":"IT","country_name":"Italy"},{"id":140065,"name":"Mentana","state_id":1678,"state_code":"62","state_name":"Lazio","country_id":107,"country_code":"IT","country_name":"Italy"},{"id":140130,"name":"Micigliano","state_id":1678,"state_code":"62","state_name":"Lazio","country_id":107,"country_code":"IT","country_name":"Italy"},{"id":140162,"name":"Minturno","state_id":1678,"state_code":"62","state_name":"Lazio","country_id":107,"country_code":"IT","country_name":"Italy"},{"id":140212,"name":"Molella","state_id":1678,"state_code":"62","state_name":"Lazio","country_id":107,"country_code":"IT","country_name":"Italy"},{"id":140246,"name":"Mompeo","state_id":1678,"state_code":"62","state_name":"Lazio","country_id":107,"country_code":"IT","country_name":"Italy"},{"id":140336,"name":"Montalto di Castro","state_id":1678,"state_code":"62","state_name":"Lazio","country_id":107,"country_code":"IT","country_name":"Italy"},{"id":140348,"name":"Montasola","state_id":1678,"state_code":"62","state_name":"Lazio","country_id":107,"country_code":"IT","country_name":"Italy"},{"id":140353,"name":"Monte Caminetto","state_id":1678,"state_code":"62","state_name":"Lazio","country_id":107,"country_code":"IT","country_name":"Italy"},{"id":140362,"name":"Monte Migliore La Selvotta","state_id":1678,"state_code":"62","state_name":"Lazio","country_id":107,"country_code":"IT","country_name":"Italy"},{"id":140364,"name":"Monte Porzio Catone","state_id":1678,"state_code":"62","state_name":"Lazio","country_id":107,"country_code":"IT","country_name":"Italy"},{"id":140367,"name":"Monte Romano","state_id":1678,"state_code":"62","state_name":"Lazio","country_id":107,"country_code":"IT","country_name":"Italy"},{"id":140368,"name":"Monte San Biagio","state_id":1678,"state_code":"62","state_name":"Lazio","country_id":107,"country_code":"IT","country_name":"Italy"},{"id":140371,"name":"Monte San Giovanni Campano","state_id":1678,"state_code":"62","state_name":"Lazio","country_id":107,"country_code":"IT","country_name":"Italy"},{"id":140372,"name":"Monte San Giovanni in Sabina","state_id":1678,"state_code":"62","state_name":"Lazio","country_id":107,"country_code":"IT","country_name":"Italy"},{"id":140374,"name":"Monte San Marino","state_id":1678,"state_code":"62","state_name":"Lazio","country_id":107,"country_code":"IT","country_name":"Italy"},{"id":140394,"name":"Montebuono","state_id":1678,"state_code":"62","state_name":"Lazio","country_id":107,"country_code":"IT","country_name":"Italy"},{"id":140413,"name":"Montecelio","state_id":1678,"state_code":"62","state_name":"Lazio","country_id":107,"country_code":"IT","country_name":"Italy"},{"id":140419,"name":"Montecompatri","state_id":1678,"state_code":"62","state_name":"Lazio","country_id":107,"country_code":"IT","country_name":"Italy"},{"id":140437,"name":"Montefiascone","state_id":1678,"state_code":"62","state_name":"Lazio","country_id":107,"country_code":"IT","country_name":"Italy"},{"id":140442,"name":"Monteflavio","state_id":1678,"state_code":"62","state_name":"Lazio","country_id":107,"country_code":"IT","country_name":"Italy"},{"id":140464,"name":"Montelanico","state_id":1678,"state_code":"62","state_name":"Lazio","country_id":107,"country_code":"IT","country_name":"Italy"},{"id":140466,"name":"Montelarco","state_id":1678,"state_code":"62","state_name":"Lazio","country_id":107,"country_code":"IT","country_name":"Italy"},{"id":140468,"name":"Monteleone Sabino","state_id":1678,"state_code":"62","state_name":"Lazio","country_id":107,"country_code":"IT","country_name":"Italy"},{"id":140475,"name":"Montelibretti","state_id":1678,"state_code":"62","state_name":"Lazio","country_id":107,"country_code":"IT","country_name":"Italy"},{"id":140501,"name":"Montenero Sabino","state_id":1678,"state_code":"62","state_name":"Lazio","country_id":107,"country_code":"IT","country_name":"Italy"},{"id":140521,"name":"Monterosi","state_id":1678,"state_code":"62","state_name":"Lazio","country_id":107,"country_code":"IT","country_name":"Italy"},{"id":140526,"name":"Monterotondo","state_id":1678,"state_code":"62","state_name":"Lazio","country_id":107,"country_code":"IT","country_name":"Italy"},{"id":140581,"name":"Montopoli in Sabina","state_id":1678,"state_code":"62","state_name":"Lazio","country_id":107,"country_code":"IT","country_name":"Italy"},{"id":140585,"name":"Montorio Romano","state_id":1678,"state_code":"62","state_name":"Lazio","country_id":107,"country_code":"IT","country_name":"Italy"},{"id":140617,"name":"Moricone","state_id":1678,"state_code":"62","state_name":"Lazio","country_id":107,"country_code":"IT","country_name":"Italy"},{"id":140622,"name":"Morlupo","state_id":1678,"state_code":"62","state_name":"Lazio","country_id":107,"country_code":"IT","country_name":"Italy"},{"id":140629,"name":"Morolo","state_id":1678,"state_code":"62","state_name":"Lazio","country_id":107,"country_code":"IT","country_name":"Italy"},{"id":140632,"name":"Morro Reatino","state_id":1678,"state_code":"62","state_name":"Lazio","country_id":107,"country_code":"IT","country_name":"Italy"},{"id":140733,"name":"Nazzano","state_id":1678,"state_code":"62","state_name":"Lazio","country_id":107,"country_code":"IT","country_name":"Italy"},{"id":140740,"name":"Nemi","state_id":1678,"state_code":"62","state_name":"Lazio","country_id":107,"country_code":"IT","country_name":"Italy"},{"id":140744,"name":"Nepi","state_id":1678,"state_code":"62","state_name":"Lazio","country_id":107,"country_code":"IT","country_name":"Italy"},{"id":140747,"name":"Nerola","state_id":1678,"state_code":"62","state_name":"Lazio","country_id":107,"country_code":"IT","country_name":"Italy"},{"id":140750,"name":"Nespolo","state_id":1678,"state_code":"62","state_name":"Lazio","country_id":107,"country_code":"IT","country_name":"Italy"},{"id":140753,"name":"Nettuno","state_id":1678,"state_code":"62","state_name":"Lazio","country_id":107,"country_code":"IT","country_name":"Italy"},{"id":140808,"name":"Norma","state_id":1678,"state_code":"62","state_name":"Lazio","country_id":107,"country_code":"IT","country_name":"Italy"},{"id":140889,"name":"Olevano Romano","state_id":1678,"state_code":"62","state_name":"Lazio","country_id":107,"country_code":"IT","country_name":"Italy"},{"id":140920,"name":"Onano","state_id":1678,"state_code":"62","state_name":"Lazio","country_id":107,"country_code":"IT","country_name":"Italy"},{"id":140959,"name":"Oriolo Romano","state_id":1678,"state_code":"62","state_name":"Lazio","country_id":107,"country_code":"IT","country_name":"Italy"},{"id":140981,"name":"Orte","state_id":1678,"state_code":"62","state_name":"Lazio","country_id":107,"country_code":"IT","country_name":"Italy"},{"id":140982,"name":"Orte Scalo","state_id":1678,"state_code":"62","state_name":"Lazio","country_id":107,"country_code":"IT","country_name":"Italy"},{"id":140995,"name":"Orvinio","state_id":1678,"state_code":"62","state_name":"Lazio","country_id":107,"country_code":"IT","country_name":"Italy"},{"id":141036,"name":"Osteria Nuova","state_id":1678,"state_code":"62","state_name":"Lazio","country_id":107,"country_code":"IT","country_name":"Italy"},{"id":58202,"name":"Paganico Sabino","state_id":1678,"state_code":"62","state_name":"Lazio","country_id":107,"country_code":"IT","country_name":"Italy"},{"id":58241,"name":"Palestrina","state_id":1678,"state_code":"62","state_name":"Lazio","country_id":107,"country_code":"IT","country_name":"Italy"},{"id":58243,"name":"Paliano","state_id":1678,"state_code":"62","state_name":"Lazio","country_id":107,"country_code":"IT","country_name":"Italy"},{"id":58263,"name":"Palombara Sabina","state_id":1678,"state_code":"62","state_name":"Lazio","country_id":107,"country_code":"IT","country_name":"Italy"},{"id":58299,"name":"Parco Leonardo","state_id":1678,"state_code":"62","state_name":"Lazio","country_id":107,"country_code":"IT","country_name":"Italy"},{"id":58335,"name":"Passoscuro","state_id":1678,"state_code":"62","state_name":"Lazio","country_id":107,"country_code":"IT","country_name":"Italy"},{"id":58337,"name":"Pastena","state_id":1678,"state_code":"62","state_name":"Lazio","country_id":107,"country_code":"IT","country_name":"Italy"},{"id":58348,"name":"Patrica","state_id":1678,"state_code":"62","state_name":"Lazio","country_id":107,"country_code":"IT","country_name":"Italy"},{"id":58362,"name":"Pavona","state_id":1678,"state_code":"62","state_name":"Lazio","country_id":107,"country_code":"IT","country_name":"Italy"},{"id":58401,"name":"Penitro","state_id":1678,"state_code":"62","state_name":"Lazio","country_id":107,"country_code":"IT","country_name":"Italy"},{"id":58414,"name":"Percile","state_id":1678,"state_code":"62","state_name":"Lazio","country_id":107,"country_code":"IT","country_name":"Italy"},{"id":58458,"name":"Pescia Romana","state_id":1678,"state_code":"62","state_name":"Lazio","country_id":107,"country_code":"IT","country_name":"Italy"},{"id":58465,"name":"Pescorocchiano","state_id":1678,"state_code":"62","state_name":"Lazio","country_id":107,"country_code":"IT","country_name":"Italy"},{"id":58467,"name":"Pescosolido","state_id":1678,"state_code":"62","state_name":"Lazio","country_id":107,"country_code":"IT","country_name":"Italy"},{"id":58479,"name":"Petrella Salto","state_id":1678,"state_code":"62","state_name":"Lazio","country_id":107,"country_code":"IT","country_name":"Italy"},{"id":58551,"name":"Piansano","state_id":1678,"state_code":"62","state_name":"Lazio","country_id":107,"country_code":"IT","country_name":"Italy"},{"id":58581,"name":"Picinisco","state_id":1678,"state_code":"62","state_name":"Lazio","country_id":107,"country_code":"IT","country_name":"Italy"},{"id":58582,"name":"Pico","state_id":1678,"state_code":"62","state_name":"Lazio","country_id":107,"country_code":"IT","country_name":"Italy"},{"id":58591,"name":"Piedimonte San Germano","state_id":1678,"state_code":"62","state_name":"Lazio","country_id":107,"country_code":"IT","country_name":"Italy"},{"id":58592,"name":"Piedimonte San Germano Alta","state_id":1678,"state_code":"62","state_name":"Lazio","country_id":107,"country_code":"IT","country_name":"Italy"},{"id":58659,"name":"Piglio","state_id":1678,"state_code":"62","state_name":"Lazio","country_id":107,"country_code":"IT","country_name":"Italy"},{"id":58661,"name":"Pignataro Interamna","state_id":1678,"state_code":"62","state_name":"Lazio","country_id":107,"country_code":"IT","country_name":"Italy"},{"id":58712,"name":"Pisoniano","state_id":1678,"state_code":"62","state_name":"Lazio","country_id":107,"country_code":"IT","country_name":"Italy"},{"id":58746,"name":"Pofi","state_id":1678,"state_code":"62","state_name":"Lazio","country_id":107,"country_code":"IT","country_name":"Italy"},{"id":58752,"name":"Poggio Bustone","state_id":1678,"state_code":"62","state_name":"Lazio","country_id":107,"country_code":"IT","country_name":"Italy"},{"id":58753,"name":"Poggio Catino","state_id":1678,"state_code":"62","state_name":"Lazio","country_id":107,"country_code":"IT","country_name":"Italy"},{"id":58754,"name":"Poggio Ellera","state_id":1678,"state_code":"62","state_name":"Lazio","country_id":107,"country_code":"IT","country_name":"Italy"},{"id":58756,"name":"Poggio Mirteto","state_id":1678,"state_code":"62","state_name":"Lazio","country_id":107,"country_code":"IT","country_name":"Italy"},{"id":58757,"name":"Poggio Moiano","state_id":1678,"state_code":"62","state_name":"Lazio","country_id":107,"country_code":"IT","country_name":"Italy"},{"id":58758,"name":"Poggio Nativo","state_id":1678,"state_code":"62","state_name":"Lazio","country_id":107,"country_code":"IT","country_name":"Italy"},{"id":58762,"name":"Poggio San Lorenzo","state_id":1678,"state_code":"62","state_name":"Lazio","country_id":107,"country_code":"IT","country_name":"Italy"},{"id":58786,"name":"Poli","state_id":1678,"state_code":"62","state_name":"Lazio","country_id":107,"country_code":"IT","country_name":"Italy"},{"id":58815,"name":"Pomezia","state_id":1678,"state_code":"62","state_name":"Lazio","country_id":107,"country_code":"IT","country_name":"Italy"},{"id":58840,"name":"Ponte Galeria-La Pisana","state_id":1678,"state_code":"62","state_name":"Lazio","country_id":107,"country_code":"IT","country_name":"Italy"},{"id":58866,"name":"Pontecorvo","state_id":1678,"state_code":"62","state_name":"Lazio","country_id":107,"country_code":"IT","country_name":"Italy"},{"id":58888,"name":"Pontinia","state_id":1678,"state_code":"62","state_name":"Lazio","country_id":107,"country_code":"IT","country_name":"Italy"},{"id":58892,"name":"Ponton dell'Elce","state_id":1678,"state_code":"62","state_name":"Lazio","country_id":107,"country_code":"IT","country_name":"Italy"},{"id":58894,"name":"Ponza","state_id":1678,"state_code":"62","state_name":"Lazio","country_id":107,"country_code":"IT","country_name":"Italy"},{"id":58897,"name":"Ponzano Romano","state_id":1678,"state_code":"62","state_name":"Lazio","country_id":107,"country_code":"IT","country_name":"Italy"},{"id":58958,"name":"Posta","state_id":1678,"state_code":"62","state_name":"Lazio","country_id":107,"country_code":"IT","country_name":"Italy"},{"id":58959,"name":"Posta Fibreno","state_id":1678,"state_code":"62","state_name":"Lazio","country_id":107,"country_code":"IT","country_name":"Italy"},{"id":58975,"name":"Pozzaglia Sabino","state_id":1678,"state_code":"62","state_name":"Lazio","country_id":107,"country_code":"IT","country_name":"Italy"},{"id":59032,"name":"Prato di Coppola","state_id":1678,"state_code":"62","state_name":"Lazio","country_id":107,"country_code":"IT","country_name":"Italy"},{"id":59083,"name":"Priverno","state_id":1678,"state_code":"62","state_name":"Lazio","country_id":107,"country_code":"IT","country_name":"Italy"},{"id":59085,"name":"Proceno","state_id":1678,"state_code":"62","state_name":"Lazio","country_id":107,"country_code":"IT","country_name":"Italy"},{"id":59094,"name":"Prossedi","state_id":1678,"state_code":"62","state_name":"Lazio","country_id":107,"country_code":"IT","country_name":"Italy"},{"id":59133,"name":"Provincia di Frosinone","state_id":1678,"state_code":"62","state_name":"Lazio","country_id":107,"country_code":"IT","country_name":"Italy"},{"id":59140,"name":"Provincia di Latina","state_id":1678,"state_code":"62","state_name":"Lazio","country_id":107,"country_code":"IT","country_name":"Italy"},{"id":59169,"name":"Provincia di Rieti","state_id":1678,"state_code":"62","state_name":"Lazio","country_id":107,"country_code":"IT","country_name":"Italy"},{"id":59190,"name":"Provincia di Viterbo","state_id":1678,"state_code":"62","state_name":"Lazio","country_id":107,"country_code":"IT","country_name":"Italy"},{"id":59324,"name":"Regolelli","state_id":1678,"state_code":"62","state_name":"Lazio","country_id":107,"country_code":"IT","country_name":"Italy"},{"id":59357,"name":"Riano","state_id":1678,"state_code":"62","state_name":"Lazio","country_id":107,"country_code":"IT","country_name":"Italy"},{"id":59374,"name":"Rieti","state_id":1678,"state_code":"62","state_name":"Lazio","country_id":107,"country_code":"IT","country_name":"Italy"},{"id":59377,"name":"Rignano Flaminio","state_id":1678,"state_code":"62","state_name":"Lazio","country_id":107,"country_code":"IT","country_name":"Italy"},{"id":59391,"name":"Riofreddo","state_id":1678,"state_code":"62","state_name":"Lazio","country_id":107,"country_code":"IT","country_name":"Italy"},{"id":59411,"name":"Ripi","state_id":1678,"state_code":"62","state_name":"Lazio","country_id":107,"country_code":"IT","country_name":"Italy"},{"id":59440,"name":"Rivodutri","state_id":1678,"state_code":"62","state_name":"Lazio","country_id":107,"country_code":"IT","country_name":"Italy"},{"id":59466,"name":"Rocca Canterano","state_id":1678,"state_code":"62","state_name":"Lazio","country_id":107,"country_code":"IT","country_name":"Italy"},{"id":59482,"name":"Rocca d'Arce","state_id":1678,"state_code":"62","state_name":"Lazio","country_id":107,"country_code":"IT","country_name":"Italy"},{"id":59486,"name":"Rocca di Cave","state_id":1678,"state_code":"62","state_name":"Lazio","country_id":107,"country_code":"IT","country_name":"Italy"},{"id":59489,"name":"Rocca di Papa","state_id":1678,"state_code":"62","state_name":"Lazio","country_id":107,"country_code":"IT","country_name":"Italy"},{"id":59472,"name":"Rocca Massima","state_id":1678,"state_code":"62","state_name":"Lazio","country_id":107,"country_code":"IT","country_name":"Italy"},{"id":59475,"name":"Rocca Priora","state_id":1678,"state_code":"62","state_name":"Lazio","country_id":107,"country_code":"IT","country_name":"Italy"},{"id":59479,"name":"Rocca Santo Stefano","state_id":1678,"state_code":"62","state_name":"Lazio","country_id":107,"country_code":"IT","country_name":"Italy"},{"id":59480,"name":"Rocca Sinibalda","state_id":1678,"state_code":"62","state_name":"Lazio","country_id":107,"country_code":"IT","country_name":"Italy"},{"id":59502,"name":"Roccagiovine","state_id":1678,"state_code":"62","state_name":"Lazio","country_id":107,"country_code":"IT","country_name":"Italy"},{"id":59504,"name":"Roccagorga","state_id":1678,"state_code":"62","state_name":"Lazio","country_id":107,"country_code":"IT","country_name":"Italy"},{"id":59512,"name":"Roccantica","state_id":1678,"state_code":"62","state_name":"Lazio","country_id":107,"country_code":"IT","country_name":"Italy"},{"id":59519,"name":"Roccasecca","state_id":1678,"state_code":"62","state_name":"Lazio","country_id":107,"country_code":"IT","country_name":"Italy"},{"id":59521,"name":"Roccasecca dei Volsci","state_id":1678,"state_code":"62","state_name":"Lazio","country_id":107,"country_code":"IT","country_name":"Italy"},{"id":59520,"name":"Roccasecca Stazione","state_id":1678,"state_code":"62","state_name":"Lazio","country_id":107,"country_code":"IT","country_name":"Italy"},{"id":59566,"name":"Roiate","state_id":1678,"state_code":"62","state_name":"Lazio","country_id":107,"country_code":"IT","country_name":"Italy"},{"id":59582,"name":"Rome","state_id":1678,"state_code":"62","state_name":"Lazio","country_id":107,"country_code":"IT","country_name":"Italy"},{"id":59599,"name":"Ronciglione","state_id":1678,"state_code":"62","state_name":"Lazio","country_id":107,"country_code":"IT","country_name":"Italy"},{"id":59684,"name":"Roviano","state_id":1678,"state_code":"62","state_name":"Lazio","country_id":107,"country_code":"IT","country_name":"Italy"},{"id":59711,"name":"Sabaudia","state_id":1678,"state_code":"62","state_name":"Lazio","country_id":107,"country_code":"IT","country_name":"Italy"},{"id":59721,"name":"Sacrofano","state_id":1678,"state_code":"62","state_name":"Lazio","country_id":107,"country_code":"IT","country_name":"Italy"},{"id":59774,"name":"Salisano","state_id":1678,"state_code":"62","state_name":"Lazio","country_id":107,"country_code":"IT","country_name":"Italy"},{"id":59807,"name":"Sambuci","state_id":1678,"state_code":"62","state_name":"Lazio","country_id":107,"country_code":"IT","country_name":"Italy"},{"id":59817,"name":"San Bartolomeo","state_id":1678,"state_code":"62","state_name":"Lazio","country_id":107,"country_code":"IT","country_name":"Italy"},{"id":59842,"name":"San Biagio Saracinisco","state_id":1678,"state_code":"62","state_name":"Lazio","country_id":107,"country_code":"IT","country_name":"Italy"},{"id":59863,"name":"San Cesareo","state_id":1678,"state_code":"62","state_name":"Lazio","country_id":107,"country_code":"IT","country_name":"Italy"},{"id":59897,"name":"San Donato Val di Comino","state_id":1678,"state_code":"62","state_name":"Lazio","country_id":107,"country_code":"IT","country_name":"Italy"},{"id":59909,"name":"San Felice Circeo","state_id":1678,"state_code":"62","state_name":"Lazio","country_id":107,"country_code":"IT","country_name":"Italy"},{"id":59964,"name":"San Giorgio a Liri","state_id":1678,"state_code":"62","state_name":"Lazio","country_id":107,"country_code":"IT","country_name":"Italy"},{"id":59985,"name":"San Giovanni Incarico","state_id":1678,"state_code":"62","state_name":"Lazio","country_id":107,"country_code":"IT","country_name":"Italy"},{"id":60002,"name":"San Giovanni-Patoni","state_id":1678,"state_code":"62","state_name":"Lazio","country_id":107,"country_code":"IT","country_name":"Italy"},{"id":60014,"name":"San Giuseppe le Prata-Cotropagno","state_id":1678,"state_code":"62","state_name":"Lazio","country_id":107,"country_code":"IT","country_name":"Italy"},{"id":60023,"name":"San Gregorio da Sassola","state_id":1678,"state_code":"62","state_name":"Lazio","country_id":107,"country_code":"IT","country_name":"Italy"},{"id":60043,"name":"San Lorenzo Nuovo","state_id":1678,"state_code":"62","state_name":"Lazio","country_id":107,"country_code":"IT","country_name":"Italy"},{"id":60079,"name":"San Martino al Cimino","state_id":1678,"state_code":"62","state_name":"Lazio","country_id":107,"country_code":"IT","country_name":"Italy"},{"id":60206,"name":"San Polo dei Cavalieri","state_id":1678,"state_code":"62","state_name":"Lazio","country_id":107,"country_code":"IT","country_name":"Italy"},{"id":60277,"name":"San Vito Romano","state_id":1678,"state_code":"62","state_name":"Lazio","country_id":107,"country_code":"IT","country_name":"Italy"},{"id":60288,"name":"San Vittore del Lazio","state_id":1678,"state_code":"62","state_name":"Lazio","country_id":107,"country_code":"IT","country_name":"Italy"},{"id":60339,"name":"Sant'Ambrogio sul Garigliano","state_id":1678,"state_code":"62","state_name":"Lazio","country_id":107,"country_code":"IT","country_name":"Italy"},{"id":60347,"name":"Sant'Andrea del Garigliano","state_id":1678,"state_code":"62","state_name":"Lazio","country_id":107,"country_code":"IT","country_name":"Italy"},{"id":60371,"name":"Sant'Angelo in Villa-Giglio","state_id":1678,"state_code":"62","state_name":"Lazio","country_id":107,"country_code":"IT","country_name":"Italy"},{"id":60361,"name":"Sant'Angelo Romano","state_id":1678,"state_code":"62","state_name":"Lazio","country_id":107,"country_code":"IT","country_name":"Italy"},{"id":60385,"name":"Sant'Apollinare","state_id":1678,"state_code":"62","state_name":"Lazio","country_id":107,"country_code":"IT","country_name":"Italy"},{"id":60397,"name":"Sant'Elia Fiumerapido","state_id":1678,"state_code":"62","state_name":"Lazio","country_id":107,"country_code":"IT","country_name":"Italy"},{"id":60410,"name":"Sant'Oreste","state_id":1678,"state_code":"62","state_name":"Lazio","country_id":107,"country_code":"IT","country_name":"Italy"},{"id":60446,"name":"Santa Lucia","state_id":1678,"state_code":"62","state_name":"Lazio","country_id":107,"country_code":"IT","country_name":"Italy"},{"id":60484,"name":"Santa Marinella","state_id":1678,"state_code":"62","state_name":"Lazio","country_id":107,"country_code":"IT","country_name":"Italy"},{"id":60489,"name":"Santa Rufina","state_id":1678,"state_code":"62","state_name":"Lazio","country_id":107,"country_code":"IT","country_name":"Italy"},{"id":60509,"name":"Santi Cosma e Damiano","state_id":1678,"state_code":"62","state_name":"Lazio","country_id":107,"country_code":"IT","country_name":"Italy"},{"id":60529,"name":"Santopadre","state_id":1678,"state_code":"62","state_name":"Lazio","country_id":107,"country_code":"IT","country_name":"Italy"},{"id":60540,"name":"Saracinesco","state_id":1678,"state_code":"62","state_name":"Lazio","country_id":107,"country_code":"IT","country_name":"Italy"},{"id":60566,"name":"Sassacci","state_id":1678,"state_code":"62","state_name":"Lazio","country_id":107,"country_code":"IT","country_name":"Italy"},{"id":60620,"name":"Scandriglia","state_id":1678,"state_code":"62","state_name":"Lazio","country_id":107,"country_code":"IT","country_name":"Italy"},{"id":60689,"name":"Segni","state_id":1678,"state_code":"62","state_name":"Lazio","country_id":107,"country_code":"IT","country_name":"Italy"},{"id":60694,"name":"Selcetta","state_id":1678,"state_code":"62","state_name":"Lazio","country_id":107,"country_code":"IT","country_name":"Italy"},{"id":60695,"name":"Selci","state_id":1678,"state_code":"62","state_name":"Lazio","country_id":107,"country_code":"IT","country_name":"Italy"},{"id":60745,"name":"Sermoneta","state_id":1678,"state_code":"62","state_name":"Lazio","country_id":107,"country_code":"IT","country_name":"Italy"},{"id":60783,"name":"Serrone","state_id":1678,"state_code":"62","state_name":"Lazio","country_id":107,"country_code":"IT","country_name":"Italy"},{"id":60807,"name":"Settefrati","state_id":1678,"state_code":"62","state_name":"Lazio","country_id":107,"country_code":"IT","country_name":"Italy"},{"id":60808,"name":"Setteville","state_id":1678,"state_code":"62","state_name":"Lazio","country_id":107,"country_code":"IT","country_name":"Italy"},{"id":60824,"name":"Sezze","state_id":1678,"state_code":"62","state_name":"Lazio","country_id":107,"country_code":"IT","country_name":"Italy"},{"id":60825,"name":"Sezze Scalo","state_id":1678,"state_code":"62","state_name":"Lazio","country_id":107,"country_code":"IT","country_name":"Italy"},{"id":60832,"name":"Sgurgola","state_id":1678,"state_code":"62","state_name":"Lazio","country_id":107,"country_code":"IT","country_name":"Italy"},{"id":60941,"name":"Sonnino","state_id":1678,"state_code":"62","state_name":"Lazio","country_id":107,"country_code":"IT","country_name":"Italy"},{"id":60944,"name":"Sora","state_id":1678,"state_code":"62","state_name":"Lazio","country_id":107,"country_code":"IT","country_name":"Italy"},{"id":60960,"name":"Soriano nel Cimino","state_id":1678,"state_code":"62","state_name":"Lazio","country_id":107,"country_code":"IT","country_name":"Italy"},{"id":60998,"name":"Sperlonga","state_id":1678,"state_code":"62","state_name":"Lazio","country_id":107,"country_code":"IT","country_name":"Italy"},{"id":61008,"name":"Spigno Saturnia Inferiore","state_id":1678,"state_code":"62","state_name":"Lazio","country_id":107,"country_code":"IT","country_name":"Italy"},{"id":61009,"name":"Spigno Saturnia Superiore","state_id":1678,"state_code":"62","state_name":"Lazio","country_id":107,"country_code":"IT","country_name":"Italy"},{"id":61076,"name":"Stimigliano","state_id":1678,"state_code":"62","state_name":"Lazio","country_id":107,"country_code":"IT","country_name":"Italy"},{"id":61089,"name":"Strangolagalli","state_id":1678,"state_code":"62","state_name":"Lazio","country_id":107,"country_code":"IT","country_name":"Italy"},{"id":61109,"name":"Subiaco","state_id":1678,"state_code":"62","state_name":"Lazio","country_id":107,"country_code":"IT","country_name":"Italy"},{"id":61124,"name":"Supino","state_id":1678,"state_code":"62","state_name":"Lazio","country_id":107,"country_code":"IT","country_name":"Italy"},{"id":61133,"name":"Sutri","state_id":1678,"state_code":"62","state_name":"Lazio","country_id":107,"country_code":"IT","country_name":"Italy"},{"id":61162,"name":"Tarano","state_id":1678,"state_code":"62","state_name":"Lazio","country_id":107,"country_code":"IT","country_name":"Italy"},{"id":61167,"name":"Tarquinia","state_id":1678,"state_code":"62","state_name":"Lazio","country_id":107,"country_code":"IT","country_name":"Italy"},{"id":61200,"name":"Tecchiena","state_id":1678,"state_code":"62","state_name":"Lazio","country_id":107,"country_code":"IT","country_name":"Italy"},{"id":61219,"name":"Terelle","state_id":1678,"state_code":"62","state_name":"Lazio","country_id":107,"country_code":"IT","country_name":"Italy"},{"id":61235,"name":"Terracina","state_id":1678,"state_code":"62","state_name":"Lazio","country_id":107,"country_code":"IT","country_name":"Italy"},{"id":61262,"name":"Tessennano","state_id":1678,"state_code":"62","state_name":"Lazio","country_id":107,"country_code":"IT","country_name":"Italy"},{"id":61288,"name":"Tivoli","state_id":1678,"state_code":"62","state_name":"Lazio","country_id":107,"country_code":"IT","country_name":"Italy"},{"id":61296,"name":"Toffia","state_id":1678,"state_code":"62","state_name":"Lazio","country_id":107,"country_code":"IT","country_name":"Italy"},{"id":61299,"name":"Tolfa","state_id":1678,"state_code":"62","state_name":"Lazio","country_id":107,"country_code":"IT","country_name":"Italy"},{"id":61314,"name":"Tor Lupara","state_id":1678,"state_code":"62","state_name":"Lazio","country_id":107,"country_code":"IT","country_name":"Italy"},{"id":61351,"name":"Torre Caietani","state_id":1678,"state_code":"62","state_name":"Lazio","country_id":107,"country_code":"IT","country_name":"Italy"},{"id":61396,"name":"Torri in Sabina","state_id":1678,"state_code":"62","state_name":"Lazio","country_id":107,"country_code":"IT","country_name":"Italy"},{"id":61398,"name":"Torrice","state_id":1678,"state_code":"62","state_name":"Lazio","country_id":107,"country_code":"IT","country_name":"Italy"},{"id":61404,"name":"Torricella in Sabina","state_id":1678,"state_code":"62","state_name":"Lazio","country_id":107,"country_code":"IT","country_name":"Italy"},{"id":61409,"name":"Torrita Tiberina","state_id":1678,"state_code":"62","state_name":"Lazio","country_id":107,"country_code":"IT","country_name":"Italy"},{"id":61419,"name":"Torvaianica","state_id":1678,"state_code":"62","state_name":"Lazio","country_id":107,"country_code":"IT","country_name":"Italy"},{"id":61420,"name":"Torvaianica Alta","state_id":1678,"state_code":"62","state_name":"Lazio","country_id":107,"country_code":"IT","country_name":"Italy"},{"id":61429,"name":"Tragliatella Campitello","state_id":1678,"state_code":"62","state_name":"Lazio","country_id":107,"country_code":"IT","country_name":"Italy"},{"id":61502,"name":"Trevi nel Lazio","state_id":1678,"state_code":"62","state_name":"Lazio","country_id":107,"country_code":"IT","country_name":"Italy"},{"id":61506,"name":"Trevignano Romano","state_id":1678,"state_code":"62","state_name":"Lazio","country_id":107,"country_code":"IT","country_name":"Italy"},{"id":61541,"name":"Trivigliano","state_id":1678,"state_code":"62","state_name":"Lazio","country_id":107,"country_code":"IT","country_name":"Italy"},{"id":61570,"name":"Turania","state_id":1678,"state_code":"62","state_name":"Lazio","country_id":107,"country_code":"IT","country_name":"Italy"},{"id":61581,"name":"Tuscania","state_id":1678,"state_code":"62","state_name":"Lazio","country_id":107,"country_code":"IT","country_name":"Italy"},{"id":61625,"name":"Vacone","state_id":1678,"state_code":"62","state_name":"Lazio","country_id":107,"country_code":"IT","country_name":"Italy"},{"id":61648,"name":"Valcanneto","state_id":1678,"state_code":"62","state_name":"Lazio","country_id":107,"country_code":"IT","country_name":"Italy"},{"id":61662,"name":"Valentano","state_id":1678,"state_code":"62","state_name":"Lazio","country_id":107,"country_code":"IT","country_name":"Italy"},{"id":61688,"name":"Valle Martella","state_id":1678,"state_code":"62","state_name":"Lazio","country_id":107,"country_code":"IT","country_name":"Italy"},{"id":61693,"name":"Valle Santa","state_id":1678,"state_code":"62","state_name":"Lazio","country_id":107,"country_code":"IT","country_name":"Italy"},{"id":61702,"name":"Vallecorsa","state_id":1678,"state_code":"62","state_name":"Lazio","country_id":107,"country_code":"IT","country_name":"Italy"},{"id":61711,"name":"Vallemaio","state_id":1678,"state_code":"62","state_name":"Lazio","country_id":107,"country_code":"IT","country_name":"Italy"},{"id":61712,"name":"Vallepietra","state_id":1678,"state_code":"62","state_name":"Lazio","country_id":107,"country_code":"IT","country_name":"Italy"},{"id":61713,"name":"Vallerano","state_id":1678,"state_code":"62","state_name":"Lazio","country_id":107,"country_code":"IT","country_name":"Italy"},{"id":61715,"name":"Vallerotonda","state_id":1678,"state_code":"62","state_name":"Lazio","country_id":107,"country_code":"IT","country_name":"Italy"},{"id":61721,"name":"Vallinfreda","state_id":1678,"state_code":"62","state_name":"Lazio","country_id":107,"country_code":"IT","country_name":"Italy"},{"id":61732,"name":"Valmontone","state_id":1678,"state_code":"62","state_name":"Lazio","country_id":107,"country_code":"IT","country_name":"Italy"},{"id":61765,"name":"Varco Sabino","state_id":1678,"state_code":"62","state_name":"Lazio","country_id":107,"country_code":"IT","country_name":"Italy"},{"id":61778,"name":"Vasanello","state_id":1678,"state_code":"62","state_name":"Lazio","country_id":107,"country_code":"IT","country_name":"Italy"},{"id":61798,"name":"Vejano","state_id":1678,"state_code":"62","state_name":"Lazio","country_id":107,"country_code":"IT","country_name":"Italy"},{"id":61802,"name":"Velletri","state_id":1678,"state_code":"62","state_name":"Lazio","country_id":107,"country_code":"IT","country_name":"Italy"},{"id":61828,"name":"Ventotene","state_id":1678,"state_code":"62","state_name":"Lazio","country_id":107,"country_code":"IT","country_name":"Italy"},{"id":61862,"name":"Veroli","state_id":1678,"state_code":"62","state_name":"Lazio","country_id":107,"country_code":"IT","country_name":"Italy"},{"id":61890,"name":"Vetralla","state_id":1678,"state_code":"62","state_name":"Lazio","country_id":107,"country_code":"IT","country_name":"Italy"},{"id":61909,"name":"Vicalvi","state_id":1678,"state_code":"62","state_name":"Lazio","country_id":107,"country_code":"IT","country_name":"Italy"},{"id":61919,"name":"Vico nel Lazio","state_id":1678,"state_code":"62","state_name":"Lazio","country_id":107,"country_code":"IT","country_name":"Italy"},{"id":61926,"name":"Vicovaro","state_id":1678,"state_code":"62","state_name":"Lazio","country_id":107,"country_code":"IT","country_name":"Italy"},{"id":61958,"name":"Vignanello","state_id":1678,"state_code":"62","state_name":"Lazio","country_id":107,"country_code":"IT","country_name":"Italy"},{"id":61984,"name":"Villa Adriana","state_id":1678,"state_code":"62","state_name":"Lazio","country_id":107,"country_code":"IT","country_name":"Italy"},{"id":62002,"name":"Villa Latina","state_id":1678,"state_code":"62","state_name":"Lazio","country_id":107,"country_code":"IT","country_name":"Italy"},{"id":62018,"name":"Villa San Giovanni in Tuscia","state_id":1678,"state_code":"62","state_name":"Lazio","country_id":107,"country_code":"IT","country_name":"Italy"},{"id":62024,"name":"Villa Santa Lucia","state_id":1678,"state_code":"62","state_name":"Lazio","country_id":107,"country_code":"IT","country_name":"Italy"},{"id":62028,"name":"Villa Santo Stefano","state_id":1678,"state_code":"62","state_name":"Lazio","country_id":107,"country_code":"IT","country_name":"Italy"},{"id":62077,"name":"Villalba","state_id":1678,"state_code":"62","state_name":"Lazio","country_id":107,"country_code":"IT","country_name":"Italy"},{"id":62095,"name":"Villanova","state_id":1678,"state_code":"62","state_name":"Lazio","country_id":107,"country_code":"IT","country_name":"Italy"},{"id":62179,"name":"Viterbo","state_id":1678,"state_code":"62","state_name":"Lazio","country_id":107,"country_code":"IT","country_name":"Italy"},{"id":62180,"name":"Viticuso","state_id":1678,"state_code":"62","state_name":"Lazio","country_id":107,"country_code":"IT","country_name":"Italy"},{"id":62182,"name":"Vitinia","state_id":1678,"state_code":"62","state_name":"Lazio","country_id":107,"country_code":"IT","country_name":"Italy"},{"id":62183,"name":"Vitorchiano","state_id":1678,"state_code":"62","state_name":"Lazio","country_id":107,"country_code":"IT","country_name":"Italy"},{"id":62191,"name":"Vivaro Romano","state_id":1678,"state_code":"62","state_name":"Lazio","country_id":107,"country_code":"IT","country_name":"Italy"},{"id":62231,"name":"Zagarolo","state_id":1678,"state_code":"62","state_name":"Lazio","country_id":107,"country_code":"IT","country_name":"Italy"},{"id":62248,"name":"Zepponami","state_id":1678,"state_code":"62","state_name":"Lazio","country_id":107,"country_code":"IT","country_name":"Italy"}]