[{"id":135238,"name":"Abbadia San Salvatore","iso2":"IT","country_name":"Italy","state_name":"Tuscany","state_code":"52"},{"id":135244,"name":"Abetone","iso2":"IT","country_name":"Italy","state_name":"Tuscany","state_code":"52"},{"id":135276,"name":"Acquaviva","iso2":"IT","country_name":"Italy","state_name":"Tuscany","state_code":"52"},{"id":135301,"name":"Agliana","iso2":"IT","country_name":"Italy","state_name":"Tuscany","state_code":"52"},{"id":135371,"name":"Albiano Magra","iso2":"IT","country_name":"Italy","state_name":"Tuscany","state_code":"52"},{"id":135378,"name":"Albinia","iso2":"IT","country_name":"Italy","state_name":"Tuscany","state_code":"52"},{"id":135446,"name":"Altopascio","iso2":"IT","country_name":"Italy","state_name":"Tuscany","state_code":"52"},{"id":135466,"name":"Ambra","iso2":"IT","country_name":"Italy","state_name":"Tuscany","state_code":"52"},{"id":135478,"name":"Anchione","iso2":"IT","country_name":"Italy","state_name":"Tuscany","state_code":"52"},{"id":135497,"name":"Anghiari","iso2":"IT","country_name":"Italy","state_name":"Tuscany","state_code":"52"},{"id":135513,"name":"Antella","iso2":"IT","country_name":"Italy","state_name":"Tuscany","state_code":"52"},{"id":135554,"name":"Arbia","iso2":"IT","country_name":"Italy","state_name":"Tuscany","state_code":"52"},{"id":135567,"name":"Arcidosso","iso2":"IT","country_name":"Italy","state_name":"Tuscany","state_code":"52"},{"id":135590,"name":"Arezzo","iso2":"IT","country_name":"Italy","state_name":"Tuscany","state_code":"52"},{"id":135654,"name":"Asciano","iso2":"IT","country_name":"Italy","state_name":"Tuscany","state_code":"52"},{"id":135687,"name":"Aulla","iso2":"IT","country_name":"Italy","state_name":"Tuscany","state_code":"52"},{"id":135696,"name":"Avane","iso2":"IT","country_name":"Italy","state_name":"Tuscany","state_code":"52"},{"id":135739,"name":"Badia al Pino","iso2":"IT","country_name":"Italy","state_name":"Tuscany","state_code":"52"},{"id":135738,"name":"Badia Tedalda","iso2":"IT","country_name":"Italy","state_name":"Tuscany","state_code":"52"},{"id":135757,"name":"Bagni di Lucca","iso2":"IT","country_name":"Italy","state_name":"Tuscany","state_code":"52"},{"id":135761,"name":"Bagno a Ripoli","iso2":"IT","country_name":"Italy","state_name":"Tuscany","state_code":"52"},{"id":135760,"name":"Bagno Roselle","iso2":"IT","country_name":"Italy","state_name":"Tuscany","state_code":"52"},{"id":135774,"name":"Bagnone","iso2":"IT","country_name":"Italy","state_name":"Tuscany","state_code":"52"},{"id":135817,"name":"Barba","iso2":"IT","country_name":"Italy","state_name":"Tuscany","state_code":"52"},{"id":135822,"name":"Barbarasco","iso2":"IT","country_name":"Italy","state_name":"Tuscany","state_code":"52"},{"id":135828,"name":"Barberino di Mugello","iso2":"IT","country_name":"Italy","state_name":"Tuscany","state_code":"52"},{"id":135827,"name":"Barberino Val d'Elsa","iso2":"IT","country_name":"Italy","state_name":"Tuscany","state_code":"52"},{"id":135848,"name":"Barga","iso2":"IT","country_name":"Italy","state_name":"Tuscany","state_code":"52"},{"id":135907,"name":"Battifolle-Ruscello-Poggiola","iso2":"IT","country_name":"Italy","state_name":"Tuscany","state_code":"52"},{"id":135941,"name":"Bellavista","iso2":"IT","country_name":"Italy","state_name":"Tuscany","state_code":"52"},{"id":135968,"name":"Belverde","iso2":"IT","country_name":"Italy","state_name":"Tuscany","state_code":"52"},{"id":136021,"name":"Bettolle","iso2":"IT","country_name":"Italy","state_name":"Tuscany","state_code":"52"},{"id":136039,"name":"Bibbiena","iso2":"IT","country_name":"Italy","state_name":"Tuscany","state_code":"52"},{"id":136040,"name":"Bibbona","iso2":"IT","country_name":"Italy","state_name":"Tuscany","state_code":"52"},{"id":136049,"name":"Bientina","iso2":"IT","country_name":"Italy","state_name":"Tuscany","state_code":"52"},{"id":136164,"name":"Borghetto-Melara","iso2":"IT","country_name":"Italy","state_name":"Tuscany","state_code":"52"},{"id":136197,"name":"Borgo a Buggiano","iso2":"IT","country_name":"Italy","state_name":"Tuscany","state_code":"52"},{"id":136198,"name":"Borgo a Mozzano","iso2":"IT","country_name":"Italy","state_name":"Tuscany","state_code":"52"},{"id":136184,"name":"Borgo San Lorenzo","iso2":"IT","country_name":"Italy","state_name":"Tuscany","state_code":"52"},{"id":136280,"name":"Braccagni","iso2":"IT","country_name":"Italy","state_name":"Tuscany","state_code":"52"},{"id":136389,"name":"Bucine","iso2":"IT","country_name":"Italy","state_name":"Tuscany","state_code":"52"},{"id":136407,"name":"Buonconvento","iso2":"IT","country_name":"Italy","state_name":"Tuscany","state_code":"52"},{"id":136437,"name":"Buti","iso2":"IT","country_name":"Italy","state_name":"Tuscany","state_code":"52"},{"id":136503,"name":"Calci","iso2":"IT","country_name":"Italy","state_name":"Tuscany","state_code":"52"},{"id":136505,"name":"Calcinaia","iso2":"IT","country_name":"Italy","state_name":"Tuscany","state_code":"52"},{"id":136518,"name":"Caldine","iso2":"IT","country_name":"Italy","state_name":"Tuscany","state_code":"52"},{"id":136522,"name":"Calenzano","iso2":"IT","country_name":"Italy","state_name":"Tuscany","state_code":"52"},{"id":136567,"name":"Camaiore","iso2":"IT","country_name":"Italy","state_name":"Tuscany","state_code":"52"},{"id":136602,"name":"Campagnatico","iso2":"IT","country_name":"Italy","state_name":"Tuscany","state_code":"52"},{"id":136615,"name":"Campi Bisenzio","iso2":"IT","country_name":"Italy","state_name":"Tuscany","state_code":"52"},{"id":136618,"name":"Campiglia Marittima","iso2":"IT","country_name":"Italy","state_name":"Tuscany","state_code":"52"},{"id":136626,"name":"Campo","iso2":"IT","country_name":"Italy","state_name":"Tuscany","state_code":"52"},{"id":136637,"name":"Campo nell'Elba","iso2":"IT","country_name":"Italy","state_name":"Tuscany","state_code":"52"},{"id":136632,"name":"Campo Tizzoro","iso2":"IT","country_name":"Italy","state_name":"Tuscany","state_code":"52"},{"id":136675,"name":"Camporgiano","iso2":"IT","country_name":"Italy","state_name":"Tuscany","state_code":"52"},{"id":136684,"name":"Camucia-Monsigliolo","iso2":"IT","country_name":"Italy","state_name":"Tuscany","state_code":"52"},{"id":136737,"name":"Cantagallo","iso2":"IT","country_name":"Italy","state_name":"Tuscany","state_code":"52"},{"id":136738,"name":"Cantagrillo-Casalguidi","iso2":"IT","country_name":"Italy","state_name":"Tuscany","state_code":"52"},{"id":136759,"name":"Capalbio","iso2":"IT","country_name":"Italy","state_name":"Tuscany","state_code":"52"},{"id":136760,"name":"Capanne-Prato-Cinquale","iso2":"IT","country_name":"Italy","state_name":"Tuscany","state_code":"52"},{"id":136761,"name":"Capannoli","iso2":"IT","country_name":"Italy","state_name":"Tuscany","state_code":"52"},{"id":136762,"name":"Capannori","iso2":"IT","country_name":"Italy","state_name":"Tuscany","state_code":"52"},{"id":136783,"name":"Capoliveri","iso2":"IT","country_name":"Italy","state_name":"Tuscany","state_code":"52"},{"id":136784,"name":"Capolona","iso2":"IT","country_name":"Italy","state_name":"Tuscany","state_code":"52"},{"id":136799,"name":"Capraia e Limite","iso2":"IT","country_name":"Italy","state_name":"Tuscany","state_code":"52"},{"id":136798,"name":"Capraia Isola","iso2":"IT","country_name":"Italy","state_name":"Tuscany","state_code":"52"},{"id":136807,"name":"Caprese Michelangelo","iso2":"IT","country_name":"Italy","state_name":"Tuscany","state_code":"52"},{"id":136864,"name":"Careggine","iso2":"IT","country_name":"Italy","state_name":"Tuscany","state_code":"52"},{"id":136892,"name":"Carmignano","iso2":"IT","country_name":"Italy","state_name":"Tuscany","state_code":"52"},{"id":136923,"name":"Carraia","iso2":"IT","country_name":"Italy","state_name":"Tuscany","state_code":"52"},{"id":136924,"name":"Carrara","iso2":"IT","country_name":"Italy","state_name":"Tuscany","state_code":"52"},{"id":136977,"name":"Casale Marittimo","iso2":"IT","country_name":"Italy","state_name":"Tuscany","state_code":"52"},{"id":137047,"name":"Casciana Terme","iso2":"IT","country_name":"Italy","state_name":"Tuscany","state_code":"52"},{"id":137048,"name":"Cascina","iso2":"IT","country_name":"Italy","state_name":"Tuscany","state_code":"52"},{"id":137051,"name":"Cascine-La Croce","iso2":"IT","country_name":"Italy","state_name":"Tuscany","state_code":"52"},{"id":137080,"name":"Casola in Lunigiana","iso2":"IT","country_name":"Italy","state_name":"Tuscany","state_code":"52"},{"id":137082,"name":"Casole d'Elsa","iso2":"IT","country_name":"Italy","state_name":"Tuscany","state_code":"52"},{"id":137117,"name":"Castagneto Carducci","iso2":"IT","country_name":"Italy","state_name":"Tuscany","state_code":"52"},{"id":137166,"name":"Castel del Piano","iso2":"IT","country_name":"Italy","state_name":"Tuscany","state_code":"52"},{"id":137153,"name":"Castel San Niccolò","iso2":"IT","country_name":"Italy","state_name":"Tuscany","state_code":"52"},{"id":137193,"name":"Castelfiorentino","iso2":"IT","country_name":"Italy","state_name":"Tuscany","state_code":"52"},{"id":137199,"name":"Castelfranco di Sopra","iso2":"IT","country_name":"Italy","state_name":"Tuscany","state_code":"52"},{"id":137200,"name":"Castelfranco di Sotto","iso2":"IT","country_name":"Italy","state_name":"Tuscany","state_code":"52"},{"id":137208,"name":"Castell'Azzara","iso2":"IT","country_name":"Italy","state_name":"Tuscany","state_code":"52"},{"id":137246,"name":"Castellina in Chianti","iso2":"IT","country_name":"Italy","state_name":"Tuscany","state_code":"52"},{"id":137244,"name":"Castellina Marittima","iso2":"IT","country_name":"Italy","state_name":"Tuscany","state_code":"52"},{"id":137245,"name":"Castellina Scalo","iso2":"IT","country_name":"Italy","state_name":"Tuscany","state_code":"52"},{"id":137283,"name":"Castelnuovo Berardenga","iso2":"IT","country_name":"Italy","state_name":"Tuscany","state_code":"52"},{"id":137296,"name":"Castelnuovo dei Sabbioni","iso2":"IT","country_name":"Italy","state_name":"Tuscany","state_code":"52"},{"id":137302,"name":"Castelnuovo di Garfagnana","iso2":"IT","country_name":"Italy","state_name":"Tuscany","state_code":"52"},{"id":137304,"name":"Castelnuovo di Val di Cecina","iso2":"IT","country_name":"Italy","state_name":"Tuscany","state_code":"52"},{"id":137336,"name":"Castiglion Fibocchi","iso2":"IT","country_name":"Italy","state_name":"Tuscany","state_code":"52"},{"id":137337,"name":"Castiglion Fiorentino","iso2":"IT","country_name":"Italy","state_name":"Tuscany","state_code":"52"},{"id":137350,"name":"Castiglione d'Orcia","iso2":"IT","country_name":"Italy","state_name":"Tuscany","state_code":"52"},{"id":137354,"name":"Castiglione della Pescaia","iso2":"IT","country_name":"Italy","state_name":"Tuscany","state_code":"52"},{"id":137356,"name":"Castiglione di Garfagnana","iso2":"IT","country_name":"Italy","state_name":"Tuscany","state_code":"52"},{"id":137393,"name":"Catena","iso2":"IT","country_name":"Italy","state_name":"Tuscany","state_code":"52"},{"id":137417,"name":"Cavallina","iso2":"IT","country_name":"Italy","state_name":"Tuscany","state_code":"52"},{"id":137444,"name":"Cavriglia-Monastero","iso2":"IT","country_name":"Italy","state_name":"Tuscany","state_code":"52"},{"id":137454,"name":"Cecina","iso2":"IT","country_name":"Italy","state_name":"Tuscany","state_code":"52"},{"id":137486,"name":"Cenaia","iso2":"IT","country_name":"Italy","state_name":"Tuscany","state_code":"52"},{"id":137519,"name":"Cerbaia","iso2":"IT","country_name":"Italy","state_name":"Tuscany","state_code":"52"},{"id":137563,"name":"Cerreto Guidi","iso2":"IT","country_name":"Italy","state_name":"Tuscany","state_code":"52"},{"id":137578,"name":"Certaldo","iso2":"IT","country_name":"Italy","state_name":"Tuscany","state_code":"52"},{"id":137601,"name":"Cesa","iso2":"IT","country_name":"Italy","state_name":"Tuscany","state_code":"52"},{"id":137622,"name":"Cetona","iso2":"IT","country_name":"Italy","state_name":"Tuscany","state_code":"52"},{"id":137645,"name":"Chianciano Terme","iso2":"IT","country_name":"Italy","state_name":"Tuscany","state_code":"52"},{"id":137646,"name":"Chianni","iso2":"IT","country_name":"Italy","state_name":"Tuscany","state_code":"52"},{"id":137656,"name":"Chiassa-Tregozzano","iso2":"IT","country_name":"Italy","state_name":"Tuscany","state_code":"52"},{"id":137670,"name":"Chiesina Uzzanese","iso2":"IT","country_name":"Italy","state_name":"Tuscany","state_code":"52"},{"id":137671,"name":"Chiesino-Collodi","iso2":"IT","country_name":"Italy","state_name":"Tuscany","state_code":"52"},{"id":137681,"name":"Chitignano","iso2":"IT","country_name":"Italy","state_name":"Tuscany","state_code":"52"},{"id":137695,"name":"Chiusdino","iso2":"IT","country_name":"Italy","state_name":"Tuscany","state_code":"52"},{"id":137696,"name":"Chiusi","iso2":"IT","country_name":"Italy","state_name":"Tuscany","state_code":"52"},{"id":137698,"name":"Chiusi della Verna","iso2":"IT","country_name":"Italy","state_name":"Tuscany","state_code":"52"},{"id":137697,"name":"Chiusi Scalo","iso2":"IT","country_name":"Italy","state_name":"Tuscany","state_code":"52"},{"id":137733,"name":"Cinigiano","iso2":"IT","country_name":"Italy","state_name":"Tuscany","state_code":"52"},{"id":137741,"name":"Cintolese","iso2":"IT","country_name":"Italy","state_name":"Tuscany","state_code":"52"},{"id":137804,"name":"Civitella in Val di Chiana","iso2":"IT","country_name":"Italy","state_name":"Tuscany","state_code":"52"},{"id":137797,"name":"Civitella Marittima","iso2":"IT","country_name":"Italy","state_name":"Tuscany","state_code":"52"},{"id":137873,"name":"Colle di Val d'Elsa","iso2":"IT","country_name":"Italy","state_name":"Tuscany","state_code":"52"},{"id":137893,"name":"Collesalvetti","iso2":"IT","country_name":"Italy","state_name":"Tuscany","state_code":"52"},{"id":137935,"name":"Comano","iso2":"IT","country_name":"Italy","state_name":"Tuscany","state_code":"52"},{"id":137937,"name":"Comeana","iso2":"IT","country_name":"Italy","state_name":"Tuscany","state_code":"52"},{"id":137949,"name":"Compiobbi","iso2":"IT","country_name":"Italy","state_name":"Tuscany","state_code":"52"},{"id":138005,"name":"Coreglia Antelminelli","iso2":"IT","country_name":"Italy","state_name":"Tuscany","state_code":"52"},{"id":138046,"name":"Corsanico-Bargecchia","iso2":"IT","country_name":"Italy","state_name":"Tuscany","state_code":"52"},{"id":138071,"name":"Cortona","iso2":"IT","country_name":"Italy","state_name":"Tuscany","state_code":"52"},{"id":138146,"name":"Crespina","iso2":"IT","country_name":"Italy","state_name":"Tuscany","state_code":"52"},{"id":138217,"name":"Cutigliano","iso2":"IT","country_name":"Italy","state_name":"Tuscany","state_code":"52"},{"id":138265,"name":"Dicomano","iso2":"IT","country_name":"Italy","state_name":"Tuscany","state_code":"52"},{"id":138303,"name":"Donoratico","iso2":"IT","country_name":"Italy","state_name":"Tuscany","state_code":"52"},{"id":138356,"name":"Empoli","iso2":"IT","country_name":"Italy","state_name":"Tuscany","state_code":"52"},{"id":138391,"name":"Fabbriche di Vallico","iso2":"IT","country_name":"Italy","state_name":"Tuscany","state_code":"52"},{"id":138402,"name":"Faella","iso2":"IT","country_name":"Italy","state_name":"Tuscany","state_code":"52"},{"id":138456,"name":"Fauglia","iso2":"IT","country_name":"Italy","state_name":"Tuscany","state_code":"52"},{"id":138511,"name":"Fiesole","iso2":"IT","country_name":"Italy","state_name":"Tuscany","state_code":"52"},{"id":138519,"name":"Figline Valdarno","iso2":"IT","country_name":"Italy","state_name":"Tuscany","state_code":"52"},{"id":138525,"name":"Filattiera","iso2":"IT","country_name":"Italy","state_name":"Tuscany","state_code":"52"},{"id":138528,"name":"Filettole","iso2":"IT","country_name":"Italy","state_name":"Tuscany","state_code":"52"},{"id":138543,"name":"Firenzuola","iso2":"IT","country_name":"Italy","state_name":"Tuscany","state_code":"52"},{"id":138556,"name":"Fivizzano","iso2":"IT","country_name":"Italy","state_name":"Tuscany","state_code":"52"},{"id":138563,"name":"Florence","iso2":"IT","country_name":"Italy","state_name":"Tuscany","state_code":"52"},{"id":138578,"name":"Foiano della Chiana","iso2":"IT","country_name":"Italy","state_name":"Tuscany","state_code":"52"},{"id":138584,"name":"Follonica","iso2":"IT","country_name":"Italy","state_name":"Tuscany","state_code":"52"},{"id":138593,"name":"Fontana delle Monache","iso2":"IT","country_name":"Italy","state_name":"Tuscany","state_code":"52"},{"id":138608,"name":"Fonteblanda","iso2":"IT","country_name":"Italy","state_name":"Tuscany","state_code":"52"},{"id":138622,"name":"Forcoli","iso2":"IT","country_name":"Italy","state_name":"Tuscany","state_code":"52"},{"id":138645,"name":"Fornacelle","iso2":"IT","country_name":"Italy","state_name":"Tuscany","state_code":"52"},{"id":138646,"name":"Fornacette","iso2":"IT","country_name":"Italy","state_name":"Tuscany","state_code":"52"},{"id":138650,"name":"Fornaci di Barga","iso2":"IT","country_name":"Italy","state_name":"Tuscany","state_code":"52"},{"id":138661,"name":"Forte dei Marmi","iso2":"IT","country_name":"Italy","state_name":"Tuscany","state_code":"52"},{"id":138665,"name":"Fosciandora","iso2":"IT","country_name":"Italy","state_name":"Tuscany","state_code":"52"},{"id":138666,"name":"Fosdinovo","iso2":"IT","country_name":"Italy","state_name":"Tuscany","state_code":"52"},{"id":138746,"name":"Fucecchio","iso2":"IT","country_name":"Italy","state_name":"Tuscany","state_code":"52"},{"id":138768,"name":"Gabella","iso2":"IT","country_name":"Italy","state_name":"Tuscany","state_code":"52"},{"id":138791,"name":"Gaiole in Chianti","iso2":"IT","country_name":"Italy","state_name":"Tuscany","state_code":"52"},{"id":138803,"name":"Galliano","iso2":"IT","country_name":"Italy","state_name":"Tuscany","state_code":"52"},{"id":138807,"name":"Gallicano","iso2":"IT","country_name":"Italy","state_name":"Tuscany","state_code":"52"},{"id":138829,"name":"Gambassi Terme","iso2":"IT","country_name":"Italy","state_name":"Tuscany","state_code":"52"},{"id":138880,"name":"Gavorrano","iso2":"IT","country_name":"Italy","state_name":"Tuscany","state_code":"52"},{"id":138890,"name":"Gello","iso2":"IT","country_name":"Italy","state_name":"Tuscany","state_code":"52"},{"id":138958,"name":"Giglio Castello","iso2":"IT","country_name":"Italy","state_name":"Tuscany","state_code":"52"},{"id":138964,"name":"Ginestra Fiorentina","iso2":"IT","country_name":"Italy","state_name":"Tuscany","state_code":"52"},{"id":138978,"name":"Giovi-Ponte alla Chiassa","iso2":"IT","country_name":"Italy","state_name":"Tuscany","state_code":"52"},{"id":138994,"name":"Giuncugnano","iso2":"IT","country_name":"Italy","state_name":"Tuscany","state_code":"52"},{"id":139073,"name":"Grassina Ponte a Ema","iso2":"IT","country_name":"Italy","state_name":"Tuscany","state_code":"52"},{"id":139092,"name":"Greve in Chianti","iso2":"IT","country_name":"Italy","state_name":"Tuscany","state_code":"52"},{"id":139118,"name":"Grosseto","iso2":"IT","country_name":"Italy","state_name":"Tuscany","state_code":"52"},{"id":139166,"name":"Guardistallo","iso2":"IT","country_name":"Italy","state_name":"Tuscany","state_code":"52"},{"id":139170,"name":"Guasticce","iso2":"IT","country_name":"Italy","state_name":"Tuscany","state_code":"52"},{"id":139171,"name":"Guazzino","iso2":"IT","country_name":"Italy","state_name":"Tuscany","state_code":"52"},{"id":139193,"name":"Il Romito","iso2":"IT","country_name":"Italy","state_name":"Tuscany","state_code":"52"},{"id":139202,"name":"Impruneta","iso2":"IT","country_name":"Italy","state_name":"Tuscany","state_code":"52"},{"id":139205,"name":"Incisa in Val d'Arno","iso2":"IT","country_name":"Italy","state_name":"Tuscany","state_code":"52"},{"id":139237,"name":"Isola D'Arbia","iso2":"IT","country_name":"Italy","state_name":"Tuscany","state_code":"52"},{"id":139244,"name":"Isola del Giglio","iso2":"IT","country_name":"Italy","state_name":"Tuscany","state_code":"52"},{"id":139265,"name":"Istia D'Ombrone-Le Stiacciole","iso2":"IT","country_name":"Italy","state_name":"Tuscany","state_code":"52"},{"id":139288,"name":"La California","iso2":"IT","country_name":"Italy","state_name":"Tuscany","state_code":"52"},{"id":139298,"name":"La Pieve-Molino","iso2":"IT","country_name":"Italy","state_name":"Tuscany","state_code":"52"},{"id":139301,"name":"La Rotta","iso2":"IT","country_name":"Italy","state_name":"Tuscany","state_code":"52"},{"id":139337,"name":"Lajatico","iso2":"IT","country_name":"Italy","state_name":"Tuscany","state_code":"52"},{"id":139350,"name":"Lamporecchio","iso2":"IT","country_name":"Italy","state_name":"Tuscany","state_code":"52"},{"id":139370,"name":"Larciano","iso2":"IT","country_name":"Italy","state_name":"Tuscany","state_code":"52"},{"id":139374,"name":"Lari","iso2":"IT","country_name":"Italy","state_name":"Tuscany","state_code":"52"},{"id":139385,"name":"Lastra a Signa","iso2":"IT","country_name":"Italy","state_name":"Tuscany","state_code":"52"},{"id":139387,"name":"Laterina","iso2":"IT","country_name":"Italy","state_name":"Tuscany","state_code":"52"},{"id":139423,"name":"Lazzeretto","iso2":"IT","country_name":"Italy","state_name":"Tuscany","state_code":"52"},{"id":139424,"name":"Le Casine-Perignano-Spinelli","iso2":"IT","country_name":"Italy","state_name":"Tuscany","state_code":"52"},{"id":139495,"name":"Licciana Nardi","iso2":"IT","country_name":"Italy","state_name":"Tuscany","state_code":"52"},{"id":139523,"name":"Limite","iso2":"IT","country_name":"Italy","state_name":"Tuscany","state_code":"52"},{"id":139551,"name":"Livorno","iso2":"IT","country_name":"Italy","state_name":"Tuscany","state_code":"52"},{"id":139587,"name":"Londa","iso2":"IT","country_name":"Italy","state_name":"Tuscany","state_code":"52"},{"id":139607,"name":"Lorenzana","iso2":"IT","country_name":"Italy","state_name":"Tuscany","state_code":"52"},{"id":139613,"name":"Loro Ciuffenna","iso2":"IT","country_name":"Italy","state_name":"Tuscany","state_code":"52"},{"id":139629,"name":"Lucca","iso2":"IT","country_name":"Italy","state_name":"Tuscany","state_code":"52"},{"id":139632,"name":"Lucignano","iso2":"IT","country_name":"Italy","state_name":"Tuscany","state_code":"52"},{"id":139637,"name":"Luco Mugello","iso2":"IT","country_name":"Italy","state_name":"Tuscany","state_code":"52"},{"id":139711,"name":"Madonna dell'Acqua","iso2":"IT","country_name":"Italy","state_name":"Tuscany","state_code":"52"},{"id":139730,"name":"Magliano in Toscana","iso2":"IT","country_name":"Italy","state_name":"Tuscany","state_code":"52"},{"id":139770,"name":"Malmantile","iso2":"IT","country_name":"Italy","state_name":"Tuscany","state_code":"52"},{"id":139782,"name":"Manciano","iso2":"IT","country_name":"Italy","state_name":"Tuscany","state_code":"52"},{"id":139810,"name":"Mantignano-Ugnano","iso2":"IT","country_name":"Italy","state_name":"Tuscany","state_code":"52"},{"id":139845,"name":"Marciana","iso2":"IT","country_name":"Italy","state_name":"Tuscany","state_code":"52"},{"id":139846,"name":"Marciana Marina","iso2":"IT","country_name":"Italy","state_name":"Tuscany","state_code":"52"},{"id":139848,"name":"Marciano","iso2":"IT","country_name":"Italy","state_name":"Tuscany","state_code":"52"},{"id":139849,"name":"Marciano della Chiana","iso2":"IT","country_name":"Italy","state_name":"Tuscany","state_code":"52"},{"id":139851,"name":"Marcignana","iso2":"IT","country_name":"Italy","state_name":"Tuscany","state_code":"52"},{"id":139864,"name":"Margine Coperta-Traversagna","iso2":"IT","country_name":"Italy","state_name":"Tuscany","state_code":"52"},{"id":139879,"name":"Marina di Campo","iso2":"IT","country_name":"Italy","state_name":"Tuscany","state_code":"52"},{"id":139881,"name":"Marina di Carrara","iso2":"IT","country_name":"Italy","state_name":"Tuscany","state_code":"52"},{"id":139888,"name":"Marina di Grosseto","iso2":"IT","country_name":"Italy","state_name":"Tuscany","state_code":"52"},{"id":139889,"name":"Marina di Massa","iso2":"IT","country_name":"Italy","state_name":"Tuscany","state_code":"52"},{"id":139891,"name":"Marina di Pisa","iso2":"IT","country_name":"Italy","state_name":"Tuscany","state_code":"52"},{"id":139892,"name":"Marina di Pisa-Tirrenia-Calambrone","iso2":"IT","country_name":"Italy","state_name":"Tuscany","state_code":"52"},{"id":139904,"name":"Marliana","iso2":"IT","country_name":"Italy","state_name":"Tuscany","state_code":"52"},{"id":139915,"name":"Marradi","iso2":"IT","country_name":"Italy","state_name":"Tuscany","state_code":"52"},{"id":139929,"name":"Marti","iso2":"IT","country_name":"Italy","state_name":"Tuscany","state_code":"52"},{"id":139966,"name":"Massa","iso2":"IT","country_name":"Italy","state_name":"Tuscany","state_code":"52"},{"id":139973,"name":"Massa Marittima","iso2":"IT","country_name":"Italy","state_name":"Tuscany","state_code":"52"},{"id":139980,"name":"Massarosa","iso2":"IT","country_name":"Italy","state_name":"Tuscany","state_code":"52"},{"id":140072,"name":"Mercatale","iso2":"IT","country_name":"Italy","state_name":"Tuscany","state_code":"52"},{"id":140073,"name":"Mercatale-San Quirico","iso2":"IT","country_name":"Italy","state_name":"Tuscany","state_code":"52"},{"id":140102,"name":"Metato","iso2":"IT","country_name":"Italy","state_name":"Tuscany","state_code":"52"},{"id":140134,"name":"Migliarino","iso2":"IT","country_name":"Italy","state_name":"Tuscany","state_code":"52"},{"id":140163,"name":"Minucciano","iso2":"IT","country_name":"Italy","state_name":"Tuscany","state_code":"52"},{"id":140211,"name":"Molazzana","iso2":"IT","country_name":"Italy","state_name":"Tuscany","state_code":"52"},{"id":140224,"name":"Molino del Piano","iso2":"IT","country_name":"Italy","state_name":"Tuscany","state_code":"52"},{"id":140303,"name":"Monsummano Terme","iso2":"IT","country_name":"Italy","state_name":"Tuscany","state_code":"52"},{"id":140314,"name":"Montaione","iso2":"IT","country_name":"Italy","state_name":"Tuscany","state_code":"52"},{"id":140319,"name":"Montalcino","iso2":"IT","country_name":"Italy","state_name":"Tuscany","state_code":"52"},{"id":140326,"name":"Montale","iso2":"IT","country_name":"Italy","state_name":"Tuscany","state_code":"52"},{"id":140330,"name":"Montalto","iso2":"IT","country_name":"Italy","state_name":"Tuscany","state_code":"52"},{"id":140352,"name":"Monte Argentario","iso2":"IT","country_name":"Italy","state_name":"Tuscany","state_code":"52"},{"id":140377,"name":"Monte San Savino","iso2":"IT","country_name":"Italy","state_name":"Tuscany","state_code":"52"},{"id":140392,"name":"Montebonello","iso2":"IT","country_name":"Italy","state_name":"Tuscany","state_code":"52"},{"id":140399,"name":"Montecalvoli","iso2":"IT","country_name":"Italy","state_name":"Tuscany","state_code":"52"},{"id":140400,"name":"Montecarlo","iso2":"IT","country_name":"Italy","state_name":"Tuscany","state_code":"52"},{"id":140405,"name":"Montecatini Val di Cecina","iso2":"IT","country_name":"Italy","state_name":"Tuscany","state_code":"52"},{"id":140406,"name":"Montecatini-Terme","iso2":"IT","country_name":"Italy","state_name":"Tuscany","state_code":"52"},{"id":140481,"name":"Montelupo Fiorentino","iso2":"IT","country_name":"Italy","state_name":"Tuscany","state_code":"52"},{"id":140493,"name":"Montemignaio","iso2":"IT","country_name":"Italy","state_name":"Tuscany","state_code":"52"},{"id":140498,"name":"Montemurlo","iso2":"IT","country_name":"Italy","state_name":"Tuscany","state_code":"52"},{"id":140510,"name":"Montepulciano","iso2":"IT","country_name":"Italy","state_name":"Tuscany","state_code":"52"},{"id":140511,"name":"Montepulciano Stazione","iso2":"IT","country_name":"Italy","state_name":"Tuscany","state_code":"52"},{"id":140513,"name":"Monterchi","iso2":"IT","country_name":"Italy","state_name":"Tuscany","state_code":"52"},{"id":140517,"name":"Monteriggioni","iso2":"IT","country_name":"Italy","state_name":"Tuscany","state_code":"52"},{"id":140519,"name":"Monteroni d'Arbia","iso2":"IT","country_name":"Italy","state_name":"Tuscany","state_code":"52"},{"id":140527,"name":"Monterotondo Marittimo","iso2":"IT","country_name":"Italy","state_name":"Tuscany","state_code":"52"},{"id":140537,"name":"Montescudaio","iso2":"IT","country_name":"Italy","state_name":"Tuscany","state_code":"52"},{"id":140543,"name":"Montespertoli","iso2":"IT","country_name":"Italy","state_name":"Tuscany","state_code":"52"},{"id":140547,"name":"Montevarchi","iso2":"IT","country_name":"Italy","state_name":"Tuscany","state_code":"52"},{"id":140550,"name":"Monteverdi Marittimo","iso2":"IT","country_name":"Italy","state_name":"Tuscany","state_code":"52"},{"id":140554,"name":"Monti","iso2":"IT","country_name":"Italy","state_name":"Tuscany","state_code":"52"},{"id":140570,"name":"Monticiano","iso2":"IT","country_name":"Italy","state_name":"Tuscany","state_code":"52"},{"id":140571,"name":"Montieri","iso2":"IT","country_name":"Italy","state_name":"Tuscany","state_code":"52"},{"id":140574,"name":"Montignoso","iso2":"IT","country_name":"Italy","state_name":"Tuscany","state_code":"52"},{"id":140580,"name":"Montopoli","iso2":"IT","country_name":"Italy","state_name":"Tuscany","state_code":"52"},{"id":140682,"name":"Mulazzo","iso2":"IT","country_name":"Italy","state_name":"Tuscany","state_code":"52"},{"id":140692,"name":"Murlo","iso2":"IT","country_name":"Italy","state_name":"Tuscany","state_code":"52"},{"id":140940,"name":"Orbetello","iso2":"IT","country_name":"Italy","state_name":"Tuscany","state_code":"52"},{"id":140941,"name":"Orbetello Scalo","iso2":"IT","country_name":"Italy","state_name":"Tuscany","state_code":"52"},{"id":140943,"name":"Orciano Pisano","iso2":"IT","country_name":"Italy","state_name":"Tuscany","state_code":"52"},{"id":140947,"name":"Orentano","iso2":"IT","country_name":"Italy","state_name":"Tuscany","state_code":"52"},{"id":140985,"name":"Ortignano Raggiolo","iso2":"IT","country_name":"Italy","state_name":"Tuscany","state_code":"52"},{"id":140996,"name":"Orzignano","iso2":"IT","country_name":"Italy","state_name":"Tuscany","state_code":"52"},{"id":58222,"name":"Palaia","iso2":"IT","country_name":"Italy","state_name":"Tuscany","state_code":"52"},{"id":58237,"name":"Palazzuolo sul Senio","iso2":"IT","country_name":"Italy","state_name":"Tuscany","state_code":"52"},{"id":58252,"name":"Pallerone","iso2":"IT","country_name":"Italy","state_name":"Tuscany","state_code":"52"},{"id":58286,"name":"Panzano in Chianti","iso2":"IT","country_name":"Italy","state_name":"Tuscany","state_code":"52"},{"id":58347,"name":"Patigno","iso2":"IT","country_name":"Italy","state_name":"Tuscany","state_code":"52"},{"id":58367,"name":"Peccioli","iso2":"IT","country_name":"Italy","state_name":"Tuscany","state_code":"52"},{"id":58390,"name":"Pelago","iso2":"IT","country_name":"Italy","state_name":"Tuscany","state_code":"52"},{"id":58422,"name":"Pergine Valdarno","iso2":"IT","country_name":"Italy","state_name":"Tuscany","state_code":"52"},{"id":58448,"name":"Pescaglia","iso2":"IT","country_name":"Italy","state_name":"Tuscany","state_code":"52"},{"id":58457,"name":"Pescia","iso2":"IT","country_name":"Italy","state_name":"Tuscany","state_code":"52"},{"id":58509,"name":"Pian di Mugnone","iso2":"IT","country_name":"Italy","state_name":"Tuscany","state_code":"52"},{"id":58510,"name":"Pian di Scò","iso2":"IT","country_name":"Italy","state_name":"Tuscany","state_code":"52"},{"id":58517,"name":"Piancastagnaio","iso2":"IT","country_name":"Italy","state_name":"Tuscany","state_code":"52"},{"id":58541,"name":"Piano di Conca","iso2":"IT","country_name":"Italy","state_name":"Tuscany","state_code":"52"},{"id":58542,"name":"Piano di Coreglia-Ghivizzano","iso2":"IT","country_name":"Italy","state_name":"Tuscany","state_code":"52"},{"id":58544,"name":"Piano di Mommio","iso2":"IT","country_name":"Italy","state_name":"Tuscany","state_code":"52"},{"id":58569,"name":"Piazza al Serchio-San Michele","iso2":"IT","country_name":"Italy","state_name":"Tuscany","state_code":"52"},{"id":58597,"name":"Pienza","iso2":"IT","country_name":"Italy","state_name":"Tuscany","state_code":"52"},{"id":58625,"name":"Pietrasanta","iso2":"IT","country_name":"Italy","state_name":"Tuscany","state_code":"52"},{"id":58643,"name":"Pieve a Nievole","iso2":"IT","country_name":"Italy","state_name":"Tuscany","state_code":"52"},{"id":58644,"name":"Pieve al Toppo","iso2":"IT","country_name":"Italy","state_name":"Tuscany","state_code":"52"},{"id":58635,"name":"Pieve Fosciana","iso2":"IT","country_name":"Italy","state_name":"Tuscany","state_code":"52"},{"id":58639,"name":"Pieve Santo Stefano","iso2":"IT","country_name":"Italy","state_name":"Tuscany","state_code":"52"},{"id":58689,"name":"Piombino","iso2":"IT","country_name":"Italy","state_name":"Tuscany","state_code":"52"},{"id":58702,"name":"Pisa","iso2":"IT","country_name":"Italy","state_name":"Tuscany","state_code":"52"},{"id":58714,"name":"Pistoia","iso2":"IT","country_name":"Italy","state_name":"Tuscany","state_code":"52"},{"id":58716,"name":"Piteglio","iso2":"IT","country_name":"Italy","state_name":"Tuscany","state_code":"52"},{"id":58718,"name":"Pitigliano","iso2":"IT","country_name":"Italy","state_name":"Tuscany","state_code":"52"},{"id":58744,"name":"Podenzana","iso2":"IT","country_name":"Italy","state_name":"Tuscany","state_code":"52"},{"id":58747,"name":"Poggetto","iso2":"IT","country_name":"Italy","state_name":"Tuscany","state_code":"52"},{"id":58749,"name":"Poggibonsi","iso2":"IT","country_name":"Italy","state_name":"Tuscany","state_code":"52"},{"id":58750,"name":"Poggio A Caiano","iso2":"IT","country_name":"Italy","state_name":"Tuscany","state_code":"52"},{"id":58808,"name":"Pomarance","iso2":"IT","country_name":"Italy","state_name":"Tuscany","state_code":"52"},{"id":58825,"name":"Ponsacco","iso2":"IT","country_name":"Italy","state_name":"Tuscany","state_code":"52"},{"id":58830,"name":"Pontasserchio","iso2":"IT","country_name":"Italy","state_name":"Tuscany","state_code":"52"},{"id":58831,"name":"Pontassieve","iso2":"IT","country_name":"Italy","state_name":"Tuscany","state_code":"52"},{"id":58833,"name":"Ponte A Elsa","iso2":"IT","country_name":"Italy","state_name":"Tuscany","state_code":"52"},{"id":58851,"name":"Ponte a Poppi","iso2":"IT","country_name":"Italy","state_name":"Tuscany","state_code":"52"},{"id":58834,"name":"Ponte A Tressa","iso2":"IT","country_name":"Italy","state_name":"Tuscany","state_code":"52"},{"id":58836,"name":"Ponte Buggianese","iso2":"IT","country_name":"Italy","state_name":"Tuscany","state_code":"52"},{"id":58869,"name":"Pontedera","iso2":"IT","country_name":"Italy","state_name":"Tuscany","state_code":"52"},{"id":58878,"name":"Pontestazzemese","iso2":"IT","country_name":"Italy","state_name":"Tuscany","state_code":"52"},{"id":58886,"name":"Ponticino","iso2":"IT","country_name":"Italy","state_name":"Tuscany","state_code":"52"},{"id":58893,"name":"Pontremoli","iso2":"IT","country_name":"Italy","state_name":"Tuscany","state_code":"52"},{"id":58901,"name":"Poppi","iso2":"IT","country_name":"Italy","state_name":"Tuscany","state_code":"52"},{"id":58903,"name":"Porcari","iso2":"IT","country_name":"Italy","state_name":"Tuscany","state_code":"52"},{"id":58923,"name":"Porto Azzurro","iso2":"IT","country_name":"Italy","state_name":"Tuscany","state_code":"52"},{"id":58929,"name":"Porto Ercole","iso2":"IT","country_name":"Italy","state_name":"Tuscany","state_code":"52"},{"id":58936,"name":"Porto Santo Stefano","iso2":"IT","country_name":"Italy","state_name":"Tuscany","state_code":"52"},{"id":58944,"name":"Portoferraio","iso2":"IT","country_name":"Italy","state_name":"Tuscany","state_code":"52"},{"id":58978,"name":"Pozzale-Case Nuove","iso2":"IT","country_name":"Italy","state_name":"Tuscany","state_code":"52"},{"id":59018,"name":"Pratantico-Indicatore","iso2":"IT","country_name":"Italy","state_name":"Tuscany","state_code":"52"},{"id":59026,"name":"Prato","iso2":"IT","country_name":"Italy","state_name":"Tuscany","state_code":"52"},{"id":59036,"name":"Pratovecchio","iso2":"IT","country_name":"Italy","state_name":"Tuscany","state_code":"52"},{"id":59100,"name":"Province of Arezzo","iso2":"IT","country_name":"Italy","state_name":"Tuscany","state_code":"52"},{"id":59102,"name":"Province of Florence","iso2":"IT","country_name":"Italy","state_name":"Tuscany","state_code":"52"},{"id":59103,"name":"Province of Pisa","iso2":"IT","country_name":"Italy","state_name":"Tuscany","state_code":"52"},{"id":59136,"name":"Provincia di Grosseto","iso2":"IT","country_name":"Italy","state_name":"Tuscany","state_code":"52"},{"id":59143,"name":"Provincia di Livorno","iso2":"IT","country_name":"Italy","state_name":"Tuscany","state_code":"52"},{"id":59145,"name":"Provincia di Lucca","iso2":"IT","country_name":"Italy","state_name":"Tuscany","state_code":"52"},{"id":59148,"name":"Provincia di Massa-Carrara","iso2":"IT","country_name":"Italy","state_name":"Tuscany","state_code":"52"},{"id":59162,"name":"Provincia di Pistoia","iso2":"IT","country_name":"Italy","state_name":"Tuscany","state_code":"52"},{"id":59165,"name":"Provincia di Prato","iso2":"IT","country_name":"Italy","state_name":"Tuscany","state_code":"52"},{"id":59175,"name":"Provincia di Siena","iso2":"IT","country_name":"Italy","state_name":"Tuscany","state_code":"52"},{"id":59218,"name":"Quarata","iso2":"IT","country_name":"Italy","state_name":"Tuscany","state_code":"52"},{"id":59224,"name":"Quarrata","iso2":"IT","country_name":"Italy","state_name":"Tuscany","state_code":"52"},{"id":59237,"name":"Quattro Strade","iso2":"IT","country_name":"Italy","state_name":"Tuscany","state_code":"52"},{"id":59240,"name":"Quercianella","iso2":"IT","country_name":"Italy","state_name":"Tuscany","state_code":"52"},{"id":59261,"name":"Radda in Chianti","iso2":"IT","country_name":"Italy","state_name":"Tuscany","state_code":"52"},{"id":59263,"name":"Radicofani","iso2":"IT","country_name":"Italy","state_name":"Tuscany","state_code":"52"},{"id":59264,"name":"Radicondoli","iso2":"IT","country_name":"Italy","state_name":"Tuscany","state_code":"52"},{"id":59286,"name":"Rapolano Terme","iso2":"IT","country_name":"Italy","state_name":"Tuscany","state_code":"52"},{"id":59290,"name":"Rassina","iso2":"IT","country_name":"Italy","state_name":"Tuscany","state_code":"52"},{"id":59319,"name":"Reggello","iso2":"IT","country_name":"Italy","state_name":"Tuscany","state_code":"52"},{"id":59360,"name":"Ribolla","iso2":"IT","country_name":"Italy","state_name":"Tuscany","state_code":"52"},{"id":59379,"name":"Rignano sull'Arno","iso2":"IT","country_name":"Italy","state_name":"Tuscany","state_code":"52"},{"id":59386,"name":"Rio Marina","iso2":"IT","country_name":"Italy","state_name":"Tuscany","state_code":"52"},{"id":59390,"name":"Rio nell'Elba","iso2":"IT","country_name":"Italy","state_name":"Tuscany","state_code":"52"},{"id":59400,"name":"Ripa-Pozzi-Querceta-Ponterosso","iso2":"IT","country_name":"Italy","state_name":"Tuscany","state_code":"52"},{"id":59407,"name":"Riparbella","iso2":"IT","country_name":"Italy","state_name":"Tuscany","state_code":"52"},{"id":59505,"name":"Roccalbegna","iso2":"IT","country_name":"Italy","state_name":"Tuscany","state_code":"52"},{"id":59525,"name":"Roccastrada","iso2":"IT","country_name":"Italy","state_name":"Tuscany","state_code":"52"},{"id":59617,"name":"Ronta","iso2":"IT","country_name":"Italy","state_name":"Tuscany","state_code":"52"},{"id":59638,"name":"Rosia","iso2":"IT","country_name":"Italy","state_name":"Tuscany","state_code":"52"},{"id":59639,"name":"Rosignano Marittimo","iso2":"IT","country_name":"Italy","state_name":"Tuscany","state_code":"52"},{"id":59641,"name":"Rosignano Solvay-Castiglioncello","iso2":"IT","country_name":"Italy","state_name":"Tuscany","state_code":"52"},{"id":59699,"name":"Rufina","iso2":"IT","country_name":"Italy","state_name":"Tuscany","state_code":"52"},{"id":59710,"name":"S.P. in Palazzi","iso2":"IT","country_name":"Italy","state_name":"Tuscany","state_code":"52"},{"id":59770,"name":"Saline","iso2":"IT","country_name":"Italy","state_name":"Tuscany","state_code":"52"},{"id":59803,"name":"Sambuca","iso2":"IT","country_name":"Italy","state_name":"Tuscany","state_code":"52"},{"id":59804,"name":"Sambuca Pistoiese","iso2":"IT","country_name":"Italy","state_name":"Tuscany","state_code":"52"},{"id":59857,"name":"San Casciano dei Bagni","iso2":"IT","country_name":"Italy","state_name":"Tuscany","state_code":"52"},{"id":59858,"name":"San Casciano in Val di Pesa","iso2":"IT","country_name":"Italy","state_name":"Tuscany","state_code":"52"},{"id":59872,"name":"San Cipriano-S.Barbara-Centinale","iso2":"IT","country_name":"Italy","state_name":"Tuscany","state_code":"52"},{"id":59895,"name":"San Donato","iso2":"IT","country_name":"Italy","state_name":"Tuscany","state_code":"52"},{"id":59900,"name":"San Donnino","iso2":"IT","country_name":"Italy","state_name":"Tuscany","state_code":"52"},{"id":59926,"name":"San Francesco","iso2":"IT","country_name":"Italy","state_name":"Tuscany","state_code":"52"},{"id":59949,"name":"San Gimignano","iso2":"IT","country_name":"Italy","state_name":"Tuscany","state_code":"52"},{"id":59993,"name":"San Giovanni d'Asso","iso2":"IT","country_name":"Italy","state_name":"Tuscany","state_code":"52"},{"id":59990,"name":"San Giovanni Valdarno","iso2":"IT","country_name":"Italy","state_name":"Tuscany","state_code":"52"},{"id":60005,"name":"San Giuliano Terme","iso2":"IT","country_name":"Italy","state_name":"Tuscany","state_code":"52"},{"id":60016,"name":"San Giustino Valdarno","iso2":"IT","country_name":"Italy","state_name":"Tuscany","state_code":"52"},{"id":60018,"name":"San Godenzo","iso2":"IT","country_name":"Italy","state_name":"Tuscany","state_code":"52"},{"id":60026,"name":"San Jacopo al Girone","iso2":"IT","country_name":"Italy","state_name":"Tuscany","state_code":"52"},{"id":60059,"name":"San Marcello Pistoiese","iso2":"IT","country_name":"Italy","state_name":"Tuscany","state_code":"52"},{"id":60091,"name":"San Martino in Freddana-Monsagrati","iso2":"IT","country_name":"Italy","state_name":"Tuscany","state_code":"52"},{"id":60104,"name":"San Mauro","iso2":"IT","country_name":"Italy","state_name":"Tuscany","state_code":"52"},{"id":60127,"name":"San Miniato","iso2":"IT","country_name":"Italy","state_name":"Tuscany","state_code":"52"},{"id":60128,"name":"San Miniato Basso","iso2":"IT","country_name":"Italy","state_name":"Tuscany","state_code":"52"},{"id":60166,"name":"San Pierino","iso2":"IT","country_name":"Italy","state_name":"Tuscany","state_code":"52"},{"id":60168,"name":"San Piero a Sieve","iso2":"IT","country_name":"Italy","state_name":"Tuscany","state_code":"52"},{"id":60175,"name":"San Pietro Belvedere","iso2":"IT","country_name":"Italy","state_name":"Tuscany","state_code":"52"},{"id":60217,"name":"San Quirico d'Orcia","iso2":"IT","country_name":"Italy","state_name":"Tuscany","state_code":"52"},{"id":60224,"name":"San Rocco","iso2":"IT","country_name":"Italy","state_name":"Tuscany","state_code":"52"},{"id":60227,"name":"San Romano","iso2":"IT","country_name":"Italy","state_name":"Tuscany","state_code":"52"},{"id":60228,"name":"San Romano in Garfagnana","iso2":"IT","country_name":"Italy","state_name":"Tuscany","state_code":"52"},{"id":60267,"name":"San Vincenzo","iso2":"IT","country_name":"Italy","state_name":"Tuscany","state_code":"52"},{"id":60285,"name":"San Vito-Cerreto","iso2":"IT","country_name":"Italy","state_name":"Tuscany","state_code":"52"},{"id":60313,"name":"Sansepolcro","iso2":"IT","country_name":"Italy","state_name":"Tuscany","state_code":"52"},{"id":60332,"name":"Sant'Albino","iso2":"IT","country_name":"Italy","state_name":"Tuscany","state_code":"52"},{"id":60430,"name":"Santa Croce sull'Arno","iso2":"IT","country_name":"Italy","state_name":"Tuscany","state_code":"52"},{"id":60436,"name":"Santa Fiora","iso2":"IT","country_name":"Italy","state_name":"Tuscany","state_code":"52"},{"id":60443,"name":"Santa Luce","iso2":"IT","country_name":"Italy","state_name":"Tuscany","state_code":"52"},{"id":60444,"name":"Santa Lucia","iso2":"IT","country_name":"Italy","state_name":"Tuscany","state_code":"52"},{"id":60470,"name":"Santa Maria a Monte","iso2":"IT","country_name":"Italy","state_name":"Tuscany","state_code":"52"},{"id":60560,"name":"Sarteano","iso2":"IT","country_name":"Italy","state_name":"Tuscany","state_code":"52"},{"id":60570,"name":"Sassetta","iso2":"IT","country_name":"Italy","state_name":"Tuscany","state_code":"52"},{"id":60617,"name":"Scandicci","iso2":"IT","country_name":"Italy","state_name":"Tuscany","state_code":"52"},{"id":60625,"name":"Scansano","iso2":"IT","country_name":"Italy","state_name":"Tuscany","state_code":"52"},{"id":60632,"name":"Scarlino","iso2":"IT","country_name":"Italy","state_name":"Tuscany","state_code":"52"},{"id":60633,"name":"Scarlino Scalo","iso2":"IT","country_name":"Italy","state_name":"Tuscany","state_code":"52"},{"id":60636,"name":"Scarperia","iso2":"IT","country_name":"Italy","state_name":"Tuscany","state_code":"52"},{"id":60673,"name":"Seano","iso2":"IT","country_name":"Italy","state_name":"Tuscany","state_code":"52"},{"id":60688,"name":"Seggiano","iso2":"IT","country_name":"Italy","state_name":"Tuscany","state_code":"52"},{"id":60709,"name":"Selvatelle","iso2":"IT","country_name":"Italy","state_name":"Tuscany","state_code":"52"},{"id":60717,"name":"Semproniano","iso2":"IT","country_name":"Italy","state_name":"Tuscany","state_code":"52"},{"id":60735,"name":"Seravezza","iso2":"IT","country_name":"Italy","state_name":"Tuscany","state_code":"52"},{"id":60773,"name":"Serravalle Pistoiese","iso2":"IT","country_name":"Italy","state_name":"Tuscany","state_code":"52"},{"id":60780,"name":"Serre di Rapolano","iso2":"IT","country_name":"Italy","state_name":"Tuscany","state_code":"52"},{"id":60793,"name":"Sestino","iso2":"IT","country_name":"Italy","state_name":"Tuscany","state_code":"52"},{"id":60797,"name":"Sesto Fiorentino","iso2":"IT","country_name":"Italy","state_name":"Tuscany","state_code":"52"},{"id":60843,"name":"Sieci","iso2":"IT","country_name":"Italy","state_name":"Tuscany","state_code":"52"},{"id":60844,"name":"Siena","iso2":"IT","country_name":"Italy","state_name":"Tuscany","state_code":"52"},{"id":60846,"name":"Signa","iso2":"IT","country_name":"Italy","state_name":"Tuscany","state_code":"52"},{"id":60853,"name":"Sillano","iso2":"IT","country_name":"Italy","state_name":"Tuscany","state_code":"52"},{"id":60863,"name":"Sinalunga","iso2":"IT","country_name":"Italy","state_name":"Tuscany","state_code":"52"},{"id":60894,"name":"Soci","iso2":"IT","country_name":"Italy","state_name":"Tuscany","state_code":"52"},{"id":60947,"name":"Sorano","iso2":"IT","country_name":"Italy","state_name":"Tuscany","state_code":"52"},{"id":60983,"name":"Sovicille","iso2":"IT","country_name":"Italy","state_name":"Tuscany","state_code":"52"},{"id":61004,"name":"Spianate","iso2":"IT","country_name":"Italy","state_name":"Tuscany","state_code":"52"},{"id":61006,"name":"Spicchio-Sovigliana","iso2":"IT","country_name":"Italy","state_name":"Tuscany","state_code":"52"},{"id":61037,"name":"Stabbia","iso2":"IT","country_name":"Italy","state_name":"Tuscany","state_code":"52"},{"id":61040,"name":"Staggia","iso2":"IT","country_name":"Italy","state_name":"Tuscany","state_code":"52"},{"id":61050,"name":"Stazione","iso2":"IT","country_name":"Italy","state_name":"Tuscany","state_code":"52"},{"id":61052,"name":"Stazione Masotti","iso2":"IT","country_name":"Italy","state_name":"Tuscany","state_code":"52"},{"id":61069,"name":"Stia","iso2":"IT","country_name":"Italy","state_name":"Tuscany","state_code":"52"},{"id":61070,"name":"Stiava","iso2":"IT","country_name":"Italy","state_name":"Tuscany","state_code":"52"},{"id":61083,"name":"Strada","iso2":"IT","country_name":"Italy","state_name":"Tuscany","state_code":"52"},{"id":61085,"name":"Strada in Chianti","iso2":"IT","country_name":"Italy","state_name":"Tuscany","state_code":"52"},{"id":61094,"name":"Strettoia","iso2":"IT","country_name":"Italy","state_name":"Tuscany","state_code":"52"},{"id":61108,"name":"Subbiano","iso2":"IT","country_name":"Italy","state_name":"Tuscany","state_code":"52"},{"id":61135,"name":"Suvereto","iso2":"IT","country_name":"Italy","state_name":"Tuscany","state_code":"52"},{"id":61155,"name":"Talla","iso2":"IT","country_name":"Italy","state_name":"Tuscany","state_code":"52"},{"id":61180,"name":"Tavarnelle Val di Pesa","iso2":"IT","country_name":"Italy","state_name":"Tuscany","state_code":"52"},{"id":61181,"name":"Tavarnuzze","iso2":"IT","country_name":"Italy","state_name":"Tuscany","state_code":"52"},{"id":61186,"name":"Taverne D'Arbia","iso2":"IT","country_name":"Italy","state_name":"Tuscany","state_code":"52"},{"id":61204,"name":"Tegoleto","iso2":"IT","country_name":"Italy","state_name":"Tuscany","state_code":"52"},{"id":61234,"name":"Terontola","iso2":"IT","country_name":"Italy","state_name":"Tuscany","state_code":"52"},{"id":61243,"name":"Terranuova Bracciolini","iso2":"IT","country_name":"Italy","state_name":"Tuscany","state_code":"52"},{"id":61244,"name":"Terrarossa","iso2":"IT","country_name":"Italy","state_name":"Tuscany","state_code":"52"},{"id":61251,"name":"Terricciola","iso2":"IT","country_name":"Italy","state_name":"Tuscany","state_code":"52"},{"id":61372,"name":"Torre del Lago Puccini","iso2":"IT","country_name":"Italy","state_name":"Tuscany","state_code":"52"},{"id":61385,"name":"Torrenieri","iso2":"IT","country_name":"Italy","state_name":"Tuscany","state_code":"52"},{"id":61410,"name":"Torrita di Siena","iso2":"IT","country_name":"Italy","state_name":"Tuscany","state_code":"52"},{"id":61472,"name":"Treggiaia","iso2":"IT","country_name":"Italy","state_name":"Tuscany","state_code":"52"},{"id":61490,"name":"Trequanda","iso2":"IT","country_name":"Italy","state_name":"Tuscany","state_code":"52"},{"id":61492,"name":"Tresana","iso2":"IT","country_name":"Italy","state_name":"Tuscany","state_code":"52"},{"id":61589,"name":"Uggia-Pazzera-Bizzarrino","iso2":"IT","country_name":"Italy","state_name":"Tuscany","state_code":"52"},{"id":61594,"name":"Uliveto Terme","iso2":"IT","country_name":"Italy","state_name":"Tuscany","state_code":"52"},{"id":61621,"name":"Uzzano","iso2":"IT","country_name":"Italy","state_name":"Tuscany","state_code":"52"},{"id":61623,"name":"Vacchereccia","iso2":"IT","country_name":"Italy","state_name":"Tuscany","state_code":"52"},{"id":61627,"name":"Vada","iso2":"IT","country_name":"Italy","state_name":"Tuscany","state_code":"52"},{"id":61633,"name":"Vaglia","iso2":"IT","country_name":"Italy","state_name":"Tuscany","state_code":"52"},{"id":61637,"name":"Vaiano","iso2":"IT","country_name":"Italy","state_name":"Tuscany","state_code":"52"},{"id":61646,"name":"Val di Cava","iso2":"IT","country_name":"Italy","state_name":"Tuscany","state_code":"52"},{"id":61658,"name":"Valdottavo","iso2":"IT","country_name":"Italy","state_name":"Tuscany","state_code":"52"},{"id":61666,"name":"Valenzatico","iso2":"IT","country_name":"Italy","state_name":"Tuscany","state_code":"52"},{"id":61787,"name":"Vecchiano-Nodica","iso2":"IT","country_name":"Italy","state_name":"Tuscany","state_code":"52"},{"id":61829,"name":"Venturina","iso2":"IT","country_name":"Italy","state_name":"Tuscany","state_code":"52"},{"id":61857,"name":"Vernio","iso2":"IT","country_name":"Italy","state_name":"Tuscany","state_code":"52"},{"id":61879,"name":"Vescovado","iso2":"IT","country_name":"Italy","state_name":"Tuscany","state_code":"52"},{"id":61905,"name":"Viareggio","iso2":"IT","country_name":"Italy","state_name":"Tuscany","state_code":"52"},{"id":61910,"name":"Vicarello","iso2":"IT","country_name":"Italy","state_name":"Tuscany","state_code":"52"},{"id":61913,"name":"Vicchio","iso2":"IT","country_name":"Italy","state_name":"Tuscany","state_code":"52"},{"id":61915,"name":"Viciomaggio","iso2":"IT","country_name":"Italy","state_name":"Tuscany","state_code":"52"},{"id":61925,"name":"Vicopisano","iso2":"IT","country_name":"Italy","state_name":"Tuscany","state_code":"52"},{"id":61957,"name":"Vignale Riotorto","iso2":"IT","country_name":"Italy","state_name":"Tuscany","state_code":"52"},{"id":61964,"name":"Vignole-Olmi","iso2":"IT","country_name":"Italy","state_name":"Tuscany","state_code":"52"},{"id":61986,"name":"Villa Basilica","iso2":"IT","country_name":"Italy","state_name":"Tuscany","state_code":"52"},{"id":61994,"name":"Villa Collemandina","iso2":"IT","country_name":"Italy","state_name":"Tuscany","state_code":"52"},{"id":62062,"name":"Villafranca in Lunigiana","iso2":"IT","country_name":"Italy","state_name":"Tuscany","state_code":"52"},{"id":62163,"name":"Vinci","iso2":"IT","country_name":"Italy","state_name":"Tuscany","state_code":"52"},{"id":62218,"name":"Volterra","iso2":"IT","country_name":"Italy","state_name":"Tuscany","state_code":"52"},{"id":62253,"name":"Zeri","iso2":"IT","country_name":"Italy","state_name":"Tuscany","state_code":"52"}]